0,0,0,0,0,0,0,0,0,0,0,0,0,0,0,0,0,0,0,0,0,0,0,0,0,0,0,0,0,0,0,0,0,0,0,0,0,0,0,0,0,0,0,0,0,0,0,0,0,0,0,0,0,0,0,0,0,0,0,0,0,0,0,0,0,0,0,0,-51.2187,-51.3509,-51.481,-51.6096,-51.7362,-51.861,-51.9842,-52.106,-52.2258,-52.3438,-52.4603,-52.575,-52.6883,-52.7993,-52.9091,-53.0169,-53.1231,-53.2276,-53.3305,-53.4318,-53.531,-53.6284,-53.7245,-53.8184,-53.9106,-54.0012,-54.09,-54.1773,-54.2627,-54.3456,-54.4275,-54.5071,-54.5854,-54.6608,-54.735,-54.8075,-54.8773,-54.9457,-55.0126,-55.0767,-55.1396,-55.1999,-55.2588,-55.3155,-55.3702,-55.4225,-55.4732,-55.5218,-55.5683,-55.6132,-55.6557,-55.6961,-55.7343,-55.7707,-55.8048,-55.8366,-55.867,-55.8946,-55.9205,-55.9439,-55.9652,-55.9849,-56.0021,-56.0168,-56.0302,-56.041,-56.0494,-56.0557,-56.0599,-56.0623,-56.0623,-56.0599,-56.0557,-56.0494,-56.041,-56.0302,-56.0168,-56.0021,-55.9849,-55.9652,-55.9439,-55.9205,-55.8946,-55.867,-55.8366,-55.8048,-55.7707,-55.7343,-55.6961,-55.6557,-55.6132,-55.5683,-55.5218,-55.4732,-55.4225,-55.3702,-55.3155,-55.2588,-55.1999,-55.1396,-55.0767,-55.0126,-54.9457,-54.8773,-54.8075,-54.735,-54.6608,-54.5854,-54.5071,-54.4275,-54.3456,-54.2627,-54.1773,-54.09,-54.0012,-53.9106,-53.8184,-53.7245,-53.6284,-53.531,-53.4318,-53.3305,-53.2276,-53.1231,-53.0169,-52.9091,-52.7993,-52.6883,-52.575,-52.4603,-52.3438,-52.2258,-52.106,-51.9842,-51.861,-51.7362,-51.6096,-51.481,-51.3509,-51.2187,0,0,0,0,0,0,0,0,0,0,0,0,0,0,0,0,0,0,0,0,0,0,0,0,0,0,0,0,0,0,0,0,0,0,0,0,0,0,0,0,0,0,0,0,0,0,0,0,0,0,0,0,0,0,0,0,0,0,0,0,0,0,0,0,0,0,0,0,
0,0,0,0,0,0,0,0,0,0,0,0,0,0,0,0,0,0,0,0,0,0,0,0,0,0,0,0,0,0,0,0,0,0,0,0,0,0,0,0,0,0,0,0,0,0,0,0,0,0,0,0,0,0,0,0,0,0,0,0,0,0,0,0,0,0,0,-50.613,-50.7443,-50.8732,-51.0001,-51.1259,-51.2495,-51.3721,-51.4927,-51.6117,-51.7289,-51.8442,-51.9581,-52.0707,-52.1812,-52.2902,-52.3976,-52.5031,-52.6072,-52.7095,-52.8104,-52.9092,-53.0063,-53.1019,-53.1958,-53.2878,-53.3785,-53.4672,-53.5542,-53.6394,-53.7226,-53.8043,-53.8843,-53.9622,-54.0384,-54.1125,-54.185,-54.2559,-54.325,-54.3919,-54.4569,-54.5199,-54.5814,-54.6404,-54.6978,-54.7534,-54.8065,-54.8584,-54.908,-54.9554,-55.001,-55.0445,-55.086,-55.1259,-55.163,-55.1989,-55.2324,-55.2633,-55.2928,-55.3202,-55.3451,-55.3684,-55.3892,-55.4084,-55.4248,-55.4395,-55.4526,-55.4629,-55.4711,-55.478,-55.4821,-55.4842,-55.4842,-55.4821,-55.478,-55.4711,-55.4629,-55.4526,-55.4395,-55.4248,-55.4084,-55.3892,-55.3684,-55.3451,-55.3202,-55.2928,-55.2633,-55.2324,-55.1989,-55.163,-55.1259,-55.086,-55.0445,-55.001,-54.9554,-54.908,-54.8584,-54.8065,-54.7534,-54.6978,-54.6404,-54.5814,-54.5199,-54.4569,-54.3919,-54.325,-54.2559,-54.185,-54.1125,-54.0384,-53.9622,-53.8843,-53.8043,-53.7226,-53.6394,-53.5542,-53.4672,-53.3785,-53.2878,-53.1958,-53.1019,-53.0063,-52.9092,-52.8104,-52.7095,-52.6072,-52.5031,-52.3976,-52.2902,-52.1812,-52.0707,-51.9581,-51.8442,-51.7289,-51.6117,-51.4927,-51.3721,-51.2495,-51.1259,-51.0001,-50.8732,-50.7443,-50.613,0,0,0,0,0,0,0,0,0,0,0,0,0,0,0,0,0,0,0,0,0,0,0,0,0,0,0,0,0,0,0,0,0,0,0,0,0,0,0,0,0,0,0,0,0,0,0,0,0,0,0,0,0,0,0,0,0,0,0,0,0,0,0,0,0,0,0,
0,0,0,0,0,0,0,0,0,0,0,0,0,0,0,0,0,0,0,0,0,0,0,0,0,0,0,0,0,0,0,0,0,0,0,0,0,0,0,0,0,0,0,0,0,0,0,0,0,0,0,0,0,0,0,0,0,0,0,0,0,0,0,0,0,0,-50.0101,-50.1399,-50.2676,-50.3941,-50.5184,-50.6415,-50.7627,-50.8822,-51.0004,-51.1168,-51.2313,-51.3445,-51.456,-51.5662,-51.6744,-51.7811,-51.8863,-51.9897,-52.0913,-52.1919,-52.2905,-52.387,-52.4826,-52.5763,-52.6681,-52.7583,-52.8468,-52.9338,-53.0188,-53.1026,-53.1839,-53.2641,-53.3419,-53.4188,-53.4934,-53.5659,-53.6371,-53.7063,-53.7737,-53.8392,-53.9027,-53.9648,-54.0246,-54.083,-54.139,-54.1936,-54.2456,-54.2961,-54.3448,-54.3909,-54.4355,-54.4784,-54.5191,-54.5578,-54.5945,-54.6292,-54.6618,-54.6926,-54.7214,-54.7477,-54.7725,-54.7953,-54.8153,-54.8341,-54.8506,-54.865,-54.8775,-54.8878,-54.8959,-54.9019,-54.9063,-54.9083,-54.9083,-54.9063,-54.9019,-54.8959,-54.8878,-54.8775,-54.865,-54.8506,-54.8341,-54.8153,-54.7953,-54.7725,-54.7477,-54.7214,-54.6926,-54.6618,-54.6292,-54.5945,-54.5578,-54.5191,-54.4784,-54.4355,-54.3909,-54.3448,-54.2961,-54.2456,-54.1936,-54.139,-54.083,-54.0246,-53.9648,-53.9027,-53.8392,-53.7737,-53.7063,-53.6371,-53.5659,-53.4934,-53.4188,-53.3419,-53.2641,-53.1839,-53.1026,-53.0188,-52.9338,-52.8468,-52.7583,-52.6681,-52.5763,-52.4826,-52.387,-52.2905,-52.1919,-52.0913,-51.9897,-51.8863,-51.7811,-51.6744,-51.5662,-51.456,-51.3445,-51.2313,-51.1168,-51.0004,-50.8822,-50.7627,-50.6415,-50.5184,-50.3941,-50.2676,-50.1399,-50.0101,0,0,0,0,0,0,0,0,0,0,0,0,0,0,0,0,0,0,0,0,0,0,0,0,0,0,0,0,0,0,0,0,0,0,0,0,0,0,0,0,0,0,0,0,0,0,0,0,0,0,0,0,0,0,0,0,0,0,0,0,0,0,0,0,0,0,
0,0,0,0,0,0,0,0,0,0,0,0,0,0,0,0,0,0,0,0,0,0,0,0,0,0,0,0,0,0,0,0,0,0,0,0,0,0,0,0,0,0,0,0,0,0,0,0,0,0,0,0,0,0,0,0,0,0,0,0,0,0,0,0,-49.2797,-49.4097,-49.5385,-49.6648,-49.7903,-49.9138,-50.036,-50.156,-50.2748,-50.3919,-50.5076,-50.6215,-50.7337,-50.8448,-50.954,-51.0616,-51.1676,-51.2725,-51.375,-51.4766,-51.5763,-51.6743,-51.771,-51.866,-51.9592,-52.0511,-52.1413,-52.2295,-52.3163,-52.4011,-52.485,-52.5666,-52.6468,-52.7249,-52.8019,-52.8764,-52.9493,-53.0206,-53.0904,-53.1579,-53.2238,-53.2885,-53.3511,-53.4114,-53.4703,-53.5272,-53.5822,-53.6354,-53.6867,-53.736,-53.7834,-53.8289,-53.8725,-53.9146,-53.9544,-53.9919,-54.0278,-54.0617,-54.0938,-54.1242,-54.1521,-54.1783,-54.2021,-54.2241,-54.2444,-54.2625,-54.279,-54.2927,-54.3049,-54.3147,-54.3229,-54.3292,-54.3331,-54.3351,-54.3351,-54.3331,-54.3292,-54.3229,-54.3147,-54.3049,-54.2927,-54.279,-54.2625,-54.2444,-54.2241,-54.2021,-54.1783,-54.1521,-54.1242,-54.0938,-54.0617,-54.0278,-53.9919,-53.9544,-53.9146,-53.8725,-53.8289,-53.7834,-53.736,-53.6867,-53.6354,-53.5822,-53.5272,-53.4703,-53.4114,-53.3511,-53.2885,-53.2238,-53.1579,-53.0904,-53.0206,-52.9493,-52.8764,-52.8019,-52.7249,-52.6468,-52.5666,-52.485,-52.4011,-52.3163,-52.2295,-52.1413,-52.0511,-51.9592,-51.866,-51.771,-51.6743,-51.5763,-51.4766,-51.375,-51.2725,-51.1676,-51.0616,-50.954,-50.8448,-50.7337,-50.6215,-50.5076,-50.3919,-50.2748,-50.156,-50.036,-49.9138,-49.7903,-49.6648,-49.5385,-49.4097,-49.2797,0,0,0,0,0,0,0,0,0,0,0,0,0,0,0,0,0,0,0,0,0,0,0,0,0,0,0,0,0,0,0,0,0,0,0,0,0,0,0,0,0,0,0,0,0,0,0,0,0,0,0,0,0,0,0,0,0,0,0,0,0,0,0,0,
0,0,0,0,0,0,0,0,0,0,0,0,0,0,0,0,0,0,0,0,0,0,0,0,0,0,0,0,0,0,0,0,0,0,0,0,0,0,0,0,0,0,0,0,0,0,0,0,0,0,0,0,0,0,0,0,0,0,0,0,0,0,0,-48.6833,-48.8125,-48.9399,-49.0655,-49.1893,-49.3119,-49.4326,-49.5524,-49.6699,-49.7864,-49.901,-50.014,-50.1258,-50.236,-50.3449,-50.4516,-50.5573,-50.661,-50.7635,-50.864,-50.9638,-51.0615,-51.1577,-51.2523,-51.3456,-51.4368,-51.5271,-51.6153,-51.7014,-51.7867,-51.8699,-51.9518,-52.0316,-52.1106,-52.187,-52.262,-52.3356,-52.4071,-52.4769,-52.5452,-52.6119,-52.6761,-52.7392,-52.8002,-52.8596,-52.9173,-52.973,-53.0269,-53.0786,-53.1292,-53.1775,-53.224,-53.2686,-53.3113,-53.3522,-53.3914,-53.4281,-53.4637,-53.4966,-53.528,-53.5575,-53.5851,-53.6104,-53.6341,-53.6557,-53.6753,-53.6933,-53.7091,-53.7225,-53.7344,-53.7444,-53.7525,-53.7582,-53.7621,-53.764,-53.764,-53.7621,-53.7582,-53.7525,-53.7444,-53.7344,-53.7225,-53.7091,-53.6933,-53.6753,-53.6557,-53.6341,-53.6104,-53.5851,-53.5575,-53.528,-53.4966,-53.4637,-53.4281,-53.3914,-53.3522,-53.3113,-53.2686,-53.224,-53.1775,-53.1292,-53.0786,-53.0269,-52.973,-52.9173,-52.8596,-52.8002,-52.7392,-52.6761,-52.6119,-52.5452,-52.4769,-52.4071,-52.3356,-52.262,-52.187,-52.1106,-52.0316,-51.9518,-51.8699,-51.7867,-51.7014,-51.6153,-51.5271,-51.4368,-51.3456,-51.2523,-51.1577,-51.0615,-50.9638,-50.864,-50.7635,-50.661,-50.5573,-50.4516,-50.3449,-50.236,-50.1258,-50.014,-49.901,-49.7864,-49.6699,-49.5524,-49.4326,-49.3119,-49.1893,-49.0655,-48.9399,-48.8125,-48.6833,0,0,0,0,0,0,0,0,0,0,0,0,0,0,0,0,0,0,0,0,0,0,0,0,0,0,0,0,0,0,0,0,0,0,0,0,0,0,0,0,0,0,0,0,0,0,0,0,0,0,0,0,0,0,0,0,0,0,0,0,0,0,0,
0,0,0,0,0,0,0,0,0,0,0,0,0,0,0,0,0,0,0,0,0,0,0,0,0,0,0,0,0,0,0,0,0,0,0,0,0,0,0,0,0,0,0,0,0,0,0,0,0,0,0,0,0,0,0,0,0,0,0,0,0,-47.9603,-48.0894,-48.2173,-48.3434,-48.4682,-48.5913,-48.7127,-48.8325,-48.9513,-49.0682,-49.1838,-49.2972,-49.4099,-49.5208,-49.6301,-49.7381,-49.8446,-49.9495,-50.0529,-50.1549,-50.2549,-50.3541,-50.4511,-50.5475,-50.6413,-50.7341,-50.8255,-50.9151,-51.0032,-51.0899,-51.1748,-51.258,-51.3396,-51.4201,-51.4984,-51.5756,-51.6506,-51.724,-51.7958,-51.8662,-51.9345,-52.0015,-52.0666,-52.1299,-52.192,-52.2517,-52.31,-52.3659,-52.4207,-52.4735,-52.5241,-52.5732,-52.621,-52.6666,-52.7102,-52.7522,-52.7921,-52.8303,-52.8667,-52.9011,-52.9338,-52.9641,-52.993,-53.02,-53.0453,-53.0682,-53.0893,-53.1085,-53.1261,-53.1416,-53.1547,-53.1664,-53.1763,-53.1838,-53.1894,-53.1936,-53.1955,-53.1955,-53.1936,-53.1894,-53.1838,-53.1763,-53.1664,-53.1547,-53.1416,-53.1261,-53.1085,-53.0893,-53.0682,-53.0453,-53.02,-52.993,-52.9641,-52.9338,-52.9011,-52.8667,-52.8303,-52.7921,-52.7522,-52.7102,-52.6666,-52.621,-52.5732,-52.5241,-52.4735,-52.4207,-52.3659,-52.31,-52.2517,-52.192,-52.1299,-52.0666,-52.0015,-51.9345,-51.8662,-51.7958,-51.724,-51.6506,-51.5756,-51.4984,-51.4201,-51.3396,-51.258,-51.1748,-51.0899,-51.0032,-50.9151,-50.8255,-50.7341,-50.6413,-50.5475,-50.4511,-50.3541,-50.2549,-50.1549,-50.0529,-49.9495,-49.8446,-49.7381,-49.6301,-49.5208,-49.4099,-49.2972,-49.1838,-49.0682,-48.9513,-48.8325,-48.7127,-48.5913,-48.4682,-48.3434,-48.2173,-48.0894,-47.9603,0,0,0,0,0,0,0,0,0,0,0,0,0,0,0,0,0,0,0,0,0,0,0,0,0,0,0,0,0,0,0,0,0,0,0,0,0,0,0,0,0,0,0,0,0,0,0,0,0,0,0,0,0,0,0,0,0,0,0,0,0,
0,0,0,0,0,0,0,0,0,0,0,0,0,0,0,0,0,0,0,0,0,0,0,0,0,0,0,0,0,0,0,0,0,0,0,0,0,0,0,0,0,0,0,0,0,0,0,0,0,0,0,0,0,0,0,0,0,0,0,0,-47.3698,-47.4982,-47.6249,-47.7502,-47.8738,-47.9957,-48.1162,-48.2355,-48.3528,-48.4688,-48.5832,-48.6964,-48.8082,-48.918,-49.0268,-49.1339,-49.2398,-49.3443,-49.4472,-49.5481,-49.6486,-49.747,-49.8439,-49.9391,-50.0335,-50.1256,-50.2166,-50.3064,-50.3942,-50.4805,-50.5654,-50.6483,-50.7306,-50.8107,-50.8894,-50.9657,-51.0411,-51.1153,-51.1872,-51.2577,-51.3266,-51.3936,-51.4592,-51.523,-51.5851,-51.6458,-51.7043,-51.7615,-51.8163,-51.87,-51.9218,-51.9718,-52.0196,-52.066,-52.1107,-52.1535,-52.1946,-52.2338,-52.2713,-52.3068,-52.3406,-52.3726,-52.4028,-52.4308,-52.4574,-52.4817,-52.5041,-52.5252,-52.544,-52.561,-52.5761,-52.589,-52.6005,-52.6101,-52.6175,-52.623,-52.6271,-52.629,-52.629,-52.6271,-52.623,-52.6175,-52.6101,-52.6005,-52.589,-52.5761,-52.561,-52.544,-52.5252,-52.5041,-52.4817,-52.4574,-52.4308,-52.4028,-52.3726,-52.3406,-52.3068,-52.2713,-52.2338,-52.1946,-52.1535,-52.1107,-52.066,-52.0196,-51.9718,-51.9218,-51.87,-51.8163,-51.7615,-51.7043,-51.6458,-51.5851,-51.523,-51.4592,-51.3936,-51.3266,-51.2577,-51.1872,-51.1153,-51.0411,-50.9657,-50.8894,-50.8107,-50.7306,-50.6483,-50.5654,-50.4805,-50.3942,-50.3064,-50.2166,-50.1256,-50.0335,-49.9391,-49.8439,-49.747,-49.6486,-49.5481,-49.4472,-49.3443,-49.2398,-49.1339,-49.0268,-48.918,-48.8082,-48.6964,-48.5832,-48.4688,-48.3528,-48.2355,-48.1162,-47.9957,-47.8738,-47.7502,-47.6249,-47.4982,-47.3698,0,0,0,0,0,0,0,0,0,0,0,0,0,0,0,0,0,0,0,0,0,0,0,0,0,0,0,0,0,0,0,0,0,0,0,0,0,0,0,0,0,0,0,0,0,0,0,0,0,0,0,0,0,0,0,0,0,0,0,0,
0,0,0,0,0,0,0,0,0,0,0,0,0,0,0,0,0,0,0,0,0,0,0,0,0,0,0,0,0,0,0,0,0,0,0,0,0,0,0,0,0,0,0,0,0,0,0,0,0,0,0,0,0,0,0,0,0,0,0,-46.7822,-46.9094,-47.0351,-47.1589,-47.2817,-47.4029,-47.5222,-47.6404,-47.7569,-47.8721,-47.9858,-48.0979,-48.2089,-48.3181,-48.4264,-48.5331,-48.6379,-48.7422,-48.844,-48.9448,-49.0446,-49.1423,-49.2391,-49.3339,-49.4275,-49.5199,-49.6106,-49.7001,-49.7871,-49.8741,-49.9584,-50.0417,-50.1232,-50.2035,-50.2819,-50.359,-50.4348,-50.5084,-50.5805,-50.6514,-50.7207,-50.7881,-50.8542,-50.9182,-50.9808,-51.0417,-51.1008,-51.1582,-51.2141,-51.2681,-51.3209,-51.3715,-51.4201,-51.4678,-51.513,-51.5572,-51.5988,-51.6391,-51.6771,-51.7143,-51.7493,-51.7821,-51.8135,-51.8425,-51.87,-51.8961,-51.9199,-51.9424,-51.9626,-51.981,-51.9977,-52.0122,-52.0252,-52.0365,-52.0455,-52.0532,-52.0586,-52.0626,-52.0644,-52.0644,-52.0626,-52.0586,-52.0532,-52.0455,-52.0365,-52.0252,-52.0122,-51.9977,-51.981,-51.9626,-51.9424,-51.9199,-51.8961,-51.87,-51.8425,-51.8135,-51.7821,-51.7493,-51.7143,-51.6771,-51.6391,-51.5988,-51.5572,-51.513,-51.4678,-51.4201,-51.3715,-51.3209,-51.2681,-51.2141,-51.1582,-51.1008,-51.0417,-50.9808,-50.9182,-50.8542,-50.7881,-50.7207,-50.6514,-50.5805,-50.5084,-50.4348,-50.359,-50.2819,-50.2035,-50.1232,-50.0417,-49.9584,-49.8741,-49.7871,-49.7001,-49.6106,-49.5199,-49.4275,-49.3339,-49.2391,-49.1423,-49.0446,-48.9448,-48.844,-48.7422,-48.6379,-48.5331,-48.4264,-48.3181,-48.2089,-48.0979,-47.9858,-47.8721,-47.7569,-47.6404,-47.5222,-47.4029,-47.2817,-47.1589,-47.0351,-46.9094,-46.7822,0,0,0,0,0,0,0,0,0,0,0,0,0,0,0,0,0,0,0,0,0,0,0,0,0,0,0,0,0,0,0,0,0,0,0,0,0,0,0,0,0,0,0,0,0,0,0,0,0,0,0,0,0,0,0,0,0,0,0,
0,0,0,0,0,0,0,0,0,0,0,0,0,0,0,0,0,0,0,0,0,0,0,0,0,0,0,0,0,0,0,0,0,0,0,0,0,0,0,0,0,0,0,0,0,0,0,0,0,0,0,0,0,0,0,0,0,0,-46.197,-46.3232,-46.4478,-46.5703,-46.6921,-46.8121,-46.9308,-47.0479,-47.1637,-47.2778,-47.391,-47.5027,-47.6123,-47.7211,-47.8287,-47.9343,-48.039,-48.1419,-48.2437,-48.3438,-48.4431,-48.5404,-48.6365,-48.731,-48.8246,-48.9164,-49.0067,-49.0962,-49.1836,-49.2696,-49.3542,-49.4369,-49.5189,-49.5989,-49.6773,-49.7545,-49.8305,-49.9043,-49.9764,-50.0478,-50.1168,-50.1846,-50.2509,-50.3152,-50.3784,-50.4398,-50.4995,-50.5576,-50.6139,-50.6686,-50.7218,-50.7733,-50.8229,-50.8706,-50.917,-50.9613,-51.0044,-51.0455,-51.085,-51.1225,-51.1585,-51.1928,-51.225,-51.2558,-51.2845,-51.3118,-51.3369,-51.3603,-51.382,-51.4019,-51.42,-51.4363,-51.4505,-51.4633,-51.4744,-51.4836,-51.4907,-51.4965,-51.5,-51.5018,-51.5018,-51.5,-51.4965,-51.4907,-51.4836,-51.4744,-51.4633,-51.4505,-51.4363,-51.42,-51.4019,-51.382,-51.3603,-51.3369,-51.3118,-51.2845,-51.2558,-51.225,-51.1928,-51.1585,-51.1225,-51.085,-51.0455,-51.0044,-50.9613,-50.917,-50.8706,-50.8229,-50.7733,-50.7218,-50.6686,-50.6139,-50.5576,-50.4995,-50.4398,-50.3784,-50.3152,-50.2509,-50.1846,-50.1168,-50.0478,-49.9764,-49.9043,-49.8305,-49.7545,-49.6773,-49.5989,-49.5189,-49.4369,-49.3542,-49.2696,-49.1836,-49.0962,-49.0067,-48.9164,-48.8246,-48.731,-48.6365,-48.5404,-48.4431,-48.3438,-48.2437,-48.1419,-48.039,-47.9343,-47.8287,-47.7211,-47.6123,-47.5027,-47.391,-47.2778,-47.1637,-47.0479,-46.9308,-46.8121,-46.6921,-46.5703,-46.4478,-46.3232,-46.197,0,0,0,0,0,0,0,0,0,0,0,0,0,0,0,0,0,0,0,0,0,0,0,0,0,0,0,0,0,0,0,0,0,0,0,0,0,0,0,0,0,0,0,0,0,0,0,0,0,0,0,0,0,0,0,0,0,0,
0,0,0,0,0,0,0,0,0,0,0,0,0,0,0,0,0,0,0,0,0,0,0,0,0,0,0,0,0,0,0,0,0,0,0,0,0,0,0,0,0,0,0,0,0,0,0,0,0,0,0,0,0,0,0,0,-45.4876,-45.6143,-45.739,-45.8623,-45.9845,-46.1052,-46.2241,-46.3417,-46.4582,-46.5729,-46.6864,-46.7985,-46.9089,-47.0184,-47.1266,-47.2328,-47.3381,-47.4417,-47.5443,-47.6457,-47.7458,-47.8438,-47.9414,-48.0365,-48.131,-48.2243,-48.3154,-48.4054,-48.4943,-48.5817,-48.6678,-48.7518,-48.8353,-48.9163,-48.9964,-49.0753,-49.1523,-49.2277,-49.3023,-49.3747,-49.446,-49.5154,-49.5834,-49.6499,-49.7148,-49.7781,-49.8396,-49.8999,-49.9586,-50.0155,-50.0709,-50.1243,-50.1764,-50.2266,-50.2755,-50.3225,-50.368,-50.4114,-50.4537,-50.4942,-50.5325,-50.5694,-50.6043,-50.6384,-50.67,-50.6999,-50.7279,-50.7544,-50.7795,-50.8026,-50.8234,-50.8433,-50.861,-50.8767,-50.891,-50.9032,-50.9141,-50.9232,-50.9301,-50.9358,-50.9392,-50.9406,-50.9406,-50.9392,-50.9358,-50.9301,-50.9232,-50.9141,-50.9032,-50.891,-50.8767,-50.861,-50.8433,-50.8234,-50.8026,-50.7795,-50.7544,-50.7279,-50.6999,-50.67,-50.6384,-50.6043,-50.5694,-50.5325,-50.4942,-50.4537,-50.4114,-50.368,-50.3225,-50.2755,-50.2266,-50.1764,-50.1243,-50.0709,-50.0155,-49.9586,-49.8999,-49.8396,-49.7781,-49.7148,-49.6499,-49.5834,-49.5154,-49.446,-49.3747,-49.3023,-49.2277,-49.1523,-49.0753,-48.9964,-48.9163,-48.8353,-48.7518,-48.6678,-48.5817,-48.4943,-48.4054,-48.3154,-48.2243,-48.131,-48.0365,-47.9414,-47.8438,-47.7458,-47.6457,-47.5443,-47.4417,-47.3381,-47.2328,-47.1266,-47.0184,-46.9089,-46.7985,-46.6864,-46.5729,-46.4582,-46.3417,-46.2241,-46.1052,-45.9845,-45.8623,-45.739,-45.6143,-45.4876,0,0,0,0,0,0,0,0,0,0,0,0,0,0,0,0,0,0,0,0,0,0,0,0,0,0,0,0,0,0,0,0,0,0,0,0,0,0,0,0,0,0,0,0,0,0,0,0,0,0,0,0,0,0,0,0,
0,0,0,0,0,0,0,0,0,0,0,0,0,0,0,0,0,0,0,0,0,0,0,0,0,0,0,0,0,0,0,0,0,0,0,0,0,0,0,0,0,0,0,0,0,0,0,0,0,0,0,0,0,0,0,-44.9088,-45.0339,-45.1577,-45.2802,-45.4011,-45.5206,-45.6387,-45.7556,-45.8707,-45.9845,-46.0974,-46.2085,-46.3186,-46.4272,-46.5344,-46.6403,-46.7446,-46.8476,-46.9499,-47.0503,-47.1497,-47.2474,-47.3442,-47.4392,-47.5334,-47.6261,-47.7169,-47.807,-47.8953,-47.9825,-48.0683,-48.1525,-48.2353,-48.3165,-48.3968,-48.4752,-48.5522,-48.6282,-48.7023,-48.7751,-48.8466,-48.9162,-48.9844,-49.0509,-49.1163,-49.18,-49.2416,-49.3026,-49.3615,-49.4189,-49.4749,-49.5288,-49.5814,-49.6329,-49.6818,-49.7295,-49.7755,-49.8203,-49.8634,-49.9045,-49.9435,-49.9816,-50.0177,-50.052,-50.0851,-50.1162,-50.1456,-50.1731,-50.1991,-50.2238,-50.2459,-50.2668,-50.286,-50.3035,-50.3189,-50.3329,-50.3449,-50.3555,-50.3641,-50.3709,-50.3765,-50.3799,-50.3816,-50.3816,-50.3799,-50.3765,-50.3709,-50.3641,-50.3555,-50.3449,-50.3329,-50.3189,-50.3035,-50.286,-50.2668,-50.2459,-50.2238,-50.1991,-50.1731,-50.1456,-50.1162,-50.0851,-50.052,-50.0177,-49.9816,-49.9435,-49.9045,-49.8634,-49.8203,-49.7755,-49.7295,-49.6818,-49.6329,-49.5814,-49.5288,-49.4749,-49.4189,-49.3615,-49.3026,-49.2416,-49.18,-49.1163,-49.0509,-48.9844,-48.9162,-48.8466,-48.7751,-48.7023,-48.6282,-48.5522,-48.4752,-48.3968,-48.3165,-48.2353,-48.1525,-48.0683,-47.9825,-47.8953,-47.807,-47.7169,-47.6261,-47.5334,-47.4392,-47.3442,-47.2474,-47.1497,-47.0503,-46.9499,-46.8476,-46.7446,-46.6403,-46.5344,-46.4272,-46.3186,-46.2085,-46.0974,-45.9845,-45.8707,-45.7556,-45.6387,-45.5206,-45.4011,-45.2802,-45.1577,-45.0339,-44.9088,0,0,0,0,0,0,0,0,0,0,0,0,0,0,0,0,0,0,0,0,0,0,0,0,0,0,0,0,0,0,0,0,0,0,0,0,0,0,0,0,0,0,0,0,0,0,0,0,0,0,0,0,0,0,0,
0,0,0,0,0,0,0,0,0,0,0,0,0,0,0,0,0,0,0,0,0,0,0,0,0,0,0,0,0,0,0,0,0,0,0,0,0,0,0,0,0,0,0,0,0,0,0,0,0,0,0,0,0,0,-44.3316,-44.4559,-44.5786,-44.6996,-44.8201,-44.9388,-45.0554,-45.1713,-45.286,-45.3988,-45.5107,-45.621,-45.7302,-45.8378,-45.9448,-46.0497,-46.1537,-46.2562,-46.3575,-46.4573,-46.5565,-46.6539,-46.7498,-46.8446,-46.9383,-47.0303,-47.1209,-47.2104,-47.2985,-47.3858,-47.4707,-47.555,-47.6376,-47.7193,-47.799,-47.8772,-47.9549,-48.0303,-48.1046,-48.1773,-48.2487,-48.3189,-48.3873,-48.4539,-48.5196,-48.5835,-48.6461,-48.7067,-48.7664,-48.8242,-48.8803,-48.9353,-48.9886,-49.04,-49.0901,-49.1382,-49.1855,-49.2303,-49.2739,-49.3163,-49.3563,-49.3949,-49.4324,-49.4674,-49.5013,-49.5334,-49.5639,-49.5927,-49.6199,-49.6454,-49.6693,-49.691,-49.7115,-49.7304,-49.7472,-49.7623,-49.7765,-49.7883,-49.7983,-49.8068,-49.8139,-49.8189,-49.8222,-49.8244,-49.8244,-49.8222,-49.8189,-49.8139,-49.8068,-49.7983,-49.7883,-49.7765,-49.7623,-49.7472,-49.7304,-49.7115,-49.691,-49.6693,-49.6454,-49.6199,-49.5927,-49.5639,-49.5334,-49.5013,-49.4674,-49.4324,-49.3949,-49.3563,-49.3163,-49.2739,-49.2303,-49.1855,-49.1382,-49.0901,-49.04,-48.9886,-48.9353,-48.8803,-48.8242,-48.7664,-48.7067,-48.6461,-48.5835,-48.5196,-48.4539,-48.3873,-48.3189,-48.2487,-48.1773,-48.1046,-48.0303,-47.9549,-47.8772,-47.799,-47.7193,-47.6376,-47.555,-47.4707,-47.3858,-47.2985,-47.2104,-47.1209,-47.0303,-46.9383,-46.8446,-46.7498,-46.6539,-46.5565,-46.4573,-46.3575,-46.2562,-46.1537,-46.0497,-45.9448,-45.8378,-45.7302,-45.621,-45.5107,-45.3988,-45.286,-45.1713,-45.0554,-44.9388,-44.8201,-44.6996,-44.5786,-44.4559,-44.3316,0,0,0,0,0,0,0,0,0,0,0,0,0,0,0,0,0,0,0,0,0,0,0,0,0,0,0,0,0,0,0,0,0,0,0,0,0,0,0,0,0,0,0,0,0,0,0,0,0,0,0,0,0,0,
0,0,0,0,0,0,0,0,0,0,0,0,0,0,0,0,0,0,0,0,0,0,0,0,0,0,0,0,0,0,0,0,0,0,0,0,0,0,0,0,0,0,0,0,0,0,0,0,0,0,0,0,0,-43.7566,-43.8799,-44.0019,-44.1221,-44.2409,-44.3588,-44.4751,-44.5901,-44.7029,-44.8156,-44.9266,-45.0361,-45.1444,-45.2512,-45.357,-45.4617,-45.5648,-45.6671,-45.7671,-45.8668,-45.9651,-46.0619,-46.1575,-46.2521,-46.3452,-46.4364,-46.5272,-46.6164,-46.704,-46.7908,-46.8759,-46.96,-47.0425,-47.1236,-47.2035,-47.2819,-47.359,-47.435,-47.5088,-47.5818,-47.6531,-47.7238,-47.7919,-47.8594,-47.9247,-47.9892,-48.0518,-48.1129,-48.1728,-48.2311,-48.2879,-48.3432,-48.3967,-48.4489,-48.4996,-48.5485,-48.5958,-48.6419,-48.6863,-48.7292,-48.77,-48.8097,-48.8475,-48.8838,-48.9186,-48.9519,-48.9835,-49.0131,-49.0414,-49.0681,-49.0928,-49.1163,-49.1381,-49.1579,-49.176,-49.1929,-49.2077,-49.2213,-49.2329,-49.2428,-49.2515,-49.258,-49.263,-49.2663,-49.268,-49.268,-49.2663,-49.263,-49.258,-49.2515,-49.2428,-49.2329,-49.2213,-49.2077,-49.1929,-49.176,-49.1579,-49.1381,-49.1163,-49.0928,-49.0681,-49.0414,-49.0131,-48.9835,-48.9519,-48.9186,-48.8838,-48.8475,-48.8097,-48.77,-48.7292,-48.6863,-48.6419,-48.5958,-48.5485,-48.4996,-48.4489,-48.3967,-48.3432,-48.2879,-48.2311,-48.1728,-48.1129,-48.0518,-47.9892,-47.9247,-47.8594,-47.7919,-47.7238,-47.6531,-47.5818,-47.5088,-47.435,-47.359,-47.2819,-47.2035,-47.1236,-47.0425,-46.96,-46.8759,-46.7908,-46.704,-46.6164,-46.5272,-46.4364,-46.3452,-46.2521,-46.1575,-46.0619,-45.9651,-45.8668,-45.7671,-45.6671,-45.5648,-45.4617,-45.357,-45.2512,-45.1444,-45.0361,-44.9266,-44.8156,-44.7029,-44.5901,-44.4751,-44.3588,-44.2409,-44.1221,-44.0019,-43.8799,-43.7566,0,0,0,0,0,0,0,0,0,0,0,0,0,0,0,0,0,0,0,0,0,0,0,0,0,0,0,0,0,0,0,0,0,0,0,0,0,0,0,0,0,0,0,0,0,0,0,0,0,0,0,0,0,
0,0,0,0,0,0,0,0,0,0,0,0,0,0,0,0,0,0,0,0,0,0,0,0,0,0,0,0,0,0,0,0,0,0,0,0,0,0,0,0,0,0,0,0,0,0,0,0,0,0,0,0,-43.1844,-43.3065,-43.4271,-43.5466,-43.6648,-43.7811,-43.8966,-44.0105,-44.1231,-44.2345,-44.3444,-44.4531,-44.5609,-44.6672,-44.7721,-44.8757,-44.9783,-45.0797,-45.1799,-45.2788,-45.3763,-45.4729,-45.5677,-45.6618,-45.754,-45.8458,-45.9356,-46.0247,-46.1121,-46.1984,-46.2834,-46.3669,-46.4497,-46.5304,-46.6105,-46.6883,-46.7655,-46.8412,-46.9156,-46.9885,-47.06,-47.1303,-47.1989,-47.2658,-47.3317,-47.3968,-47.4596,-47.5212,-47.581,-47.6395,-47.6969,-47.7527,-47.8065,-47.8592,-47.9105,-47.96,-48.0081,-48.0545,-48.0998,-48.1432,-48.185,-48.2255,-48.2642,-48.3012,-48.3371,-48.3709,-48.4036,-48.4346,-48.4637,-48.4916,-48.5175,-48.5417,-48.5644,-48.5859,-48.6053,-48.6235,-48.6397,-48.6543,-48.6673,-48.6791,-48.6884,-48.697,-48.7035,-48.7083,-48.7116,-48.7136,-48.7136,-48.7116,-48.7083,-48.7035,-48.697,-48.6884,-48.6791,-48.6673,-48.6543,-48.6397,-48.6235,-48.6053,-48.5859,-48.5644,-48.5417,-48.5175,-48.4916,-48.4637,-48.4346,-48.4036,-48.3709,-48.3371,-48.3012,-48.2642,-48.2255,-48.185,-48.1432,-48.0998,-48.0545,-48.0081,-47.96,-47.9105,-47.8592,-47.8065,-47.7527,-47.6969,-47.6395,-47.581,-47.5212,-47.4596,-47.3968,-47.3317,-47.2658,-47.1989,-47.1303,-47.06,-46.9885,-46.9156,-46.8412,-46.7655,-46.6883,-46.6105,-46.5304,-46.4497,-46.3669,-46.2834,-46.1984,-46.1121,-46.0247,-45.9356,-45.8458,-45.754,-45.6618,-45.5677,-45.4729,-45.3763,-45.2788,-45.1799,-45.0797,-44.9783,-44.8757,-44.7721,-44.6672,-44.5609,-44.4531,-44.3444,-44.2345,-44.1231,-44.0105,-43.8966,-43.7811,-43.6648,-43.5466,-43.4271,-43.3065,-43.1844,0,0,0,0,0,0,0,0,0,0,0,0,0,0,0,0,0,0,0,0,0,0,0,0,0,0,0,0,0,0,0,0,0,0,0,0,0,0,0,0,0,0,0,0,0,0,0,0,0,0,0,0,
0,0,0,0,0,0,0,0,0,0,0,0,0,0,0,0,0,0,0,0,0,0,0,0,0,0,0,0,0,0,0,0,0,0,0,0,0,0,0,0,0,0,0,0,0,0,0,0,0,0,0,-42.6143,-42.7352,-42.8553,-42.9733,-43.0901,-43.2059,-43.3205,-43.4331,-43.5451,-43.6554,-43.7646,-43.8728,-43.9795,-44.0854,-44.1895,-44.2926,-44.3942,-44.4952,-44.5946,-44.693,-44.7899,-44.8854,-44.9801,-45.0741,-45.1658,-45.2571,-45.3465,-45.4348,-45.5221,-45.6079,-45.6931,-45.7762,-45.8581,-45.939,-46.0187,-46.0972,-46.1742,-46.2498,-46.3241,-46.3967,-46.4683,-46.5387,-46.6072,-46.6747,-46.7411,-46.8057,-46.8687,-46.9309,-46.9911,-47.0501,-47.1077,-47.1638,-47.2183,-47.2716,-47.3231,-47.373,-47.4218,-47.4691,-47.5147,-47.559,-47.6012,-47.6423,-47.6822,-47.7202,-47.7562,-47.791,-47.8244,-47.8565,-47.8867,-47.9158,-47.9424,-47.9679,-47.9921,-48.0144,-48.0355,-48.0542,-48.0718,-48.0877,-48.1025,-48.1153,-48.1264,-48.136,-48.144,-48.1504,-48.1556,-48.1584,-48.16,-48.16,-48.1584,-48.1556,-48.1504,-48.144,-48.136,-48.1264,-48.1153,-48.1025,-48.0877,-48.0718,-48.0542,-48.0355,-48.0144,-47.9921,-47.9679,-47.9424,-47.9158,-47.8867,-47.8565,-47.8244,-47.791,-47.7562,-47.7202,-47.6822,-47.6423,-47.6012,-47.559,-47.5147,-47.4691,-47.4218,-47.373,-47.3231,-47.2716,-47.2183,-47.1638,-47.1077,-47.0501,-46.9911,-46.9309,-46.8687,-46.8057,-46.7411,-46.6747,-46.6072,-46.5387,-46.4683,-46.3967,-46.3241,-46.2498,-46.1742,-46.0972,-46.0187,-45.939,-45.8581,-45.7762,-45.6931,-45.6079,-45.5221,-45.4348,-45.3465,-45.2571,-45.1658,-45.0741,-44.9801,-44.8854,-44.7899,-44.693,-44.5946,-44.4952,-44.3942,-44.2926,-44.1895,-44.0854,-43.9795,-43.8728,-43.7646,-43.6554,-43.5451,-43.4331,-43.3205,-43.2059,-43.0901,-42.9733,-42.8553,-42.7352,-42.6143,0,0,0,0,0,0,0,0,0,0,0,0,0,0,0,0,0,0,0,0,0,0,0,0,0,0,0,0,0,0,0,0,0,0,0,0,0,0,0,0,0,0,0,0,0,0,0,0,0,0,0,
0,0,0,0,0,0,0,0,0,0,0,0,0,0,0,0,0,0,0,0,0,0,0,0,0,0,0,0,0,0,0,0,0,0,0,0,0,0,0,0,0,0,0,0,0,0,0,0,0,0,-42.0462,-42.1662,-42.2849,-42.402,-42.5186,-42.6329,-42.7465,-42.8587,-42.9695,-43.0794,-43.1876,-43.2946,-43.4009,-43.5054,-43.6088,-43.7116,-43.8124,-43.9126,-44.0113,-44.1092,-44.2057,-44.3009,-44.395,-44.4879,-44.5796,-44.67,-44.7594,-44.8473,-44.9344,-45.0198,-45.1042,-45.1876,-45.2698,-45.3506,-45.4295,-45.5079,-45.5844,-45.6605,-45.7341,-45.8071,-45.8791,-45.949,-46.0179,-46.0857,-46.1521,-46.2165,-46.2801,-46.3423,-46.4031,-46.4623,-46.5196,-46.5764,-46.6314,-46.6847,-46.7372,-46.7875,-46.837,-46.8847,-46.9307,-46.9754,-47.0188,-47.0604,-47.1008,-47.1397,-47.177,-47.2125,-47.2473,-47.2796,-47.3109,-47.3401,-47.3683,-47.3949,-47.42,-47.4435,-47.4654,-47.4858,-47.5046,-47.5215,-47.5376,-47.5517,-47.5639,-47.5749,-47.5843,-47.5926,-47.5989,-47.6036,-47.6063,-47.6079,-47.6079,-47.6063,-47.6036,-47.5989,-47.5926,-47.5843,-47.5749,-47.5639,-47.5517,-47.5376,-47.5215,-47.5046,-47.4858,-47.4654,-47.4435,-47.42,-47.3949,-47.3683,-47.3401,-47.3109,-47.2796,-47.2473,-47.2125,-47.177,-47.1397,-47.1008,-47.0604,-47.0188,-46.9754,-46.9307,-46.8847,-46.837,-46.7875,-46.7372,-46.6847,-46.6314,-46.5764,-46.5196,-46.4623,-46.4031,-46.3423,-46.2801,-46.2165,-46.1521,-46.0857,-46.0179,-45.949,-45.8791,-45.8071,-45.7341,-45.6605,-45.5844,-45.5079,-45.4295,-45.3506,-45.2698,-45.1876,-45.1042,-45.0198,-44.9344,-44.8473,-44.7594,-44.67,-44.5796,-44.4879,-44.395,-44.3009,-44.2057,-44.1092,-44.0113,-43.9126,-43.8124,-43.7116,-43.6088,-43.5054,-43.4009,-43.2946,-43.1876,-43.0794,-42.9695,-42.8587,-42.7465,-42.6329,-42.5186,-42.402,-42.2849,-42.1662,-42.0462,0,0,0,0,0,0,0,0,0,0,0,0,0,0,0,0,0,0,0,0,0,0,0,0,0,0,0,0,0,0,0,0,0,0,0,0,0,0,0,0,0,0,0,0,0,0,0,0,0,0,
0,0,0,0,0,0,0,0,0,0,0,0,0,0,0,0,0,0,0,0,0,0,0,0,0,0,0,0,0,0,0,0,0,0,0,0,0,0,0,0,0,0,0,0,0,0,0,0,0,-41.4803,-41.5996,-41.7175,-41.8338,-41.9485,-42.0624,-42.1752,-42.2861,-42.396,-42.5049,-42.6129,-42.7188,-42.8242,-42.9281,-43.0308,-43.1329,-43.2333,-43.3325,-43.4309,-43.5276,-43.6235,-43.7182,-43.8117,-43.9045,-43.9954,-44.0855,-44.1748,-44.2622,-44.3486,-44.4343,-44.5183,-44.6013,-44.6827,-44.7632,-44.8424,-44.9201,-44.9972,-45.0726,-45.1471,-45.2195,-45.2911,-45.3613,-45.4305,-45.4983,-45.5647,-45.6295,-45.6933,-45.7555,-45.8163,-45.8756,-45.934,-45.9908,-46.0461,-46.1001,-46.1528,-46.2033,-46.2532,-46.3011,-46.3484,-46.3933,-46.4372,-46.4796,-46.5206,-46.5604,-46.5983,-46.6347,-46.67,-46.7034,-46.7357,-46.766,-46.7953,-46.8226,-46.8488,-46.873,-46.8961,-46.9174,-46.9374,-46.956,-46.973,-46.988,-47.0019,-47.0143,-47.0252,-47.034,-47.0418,-47.0484,-47.0526,-47.0561,-47.0577,-47.0577,-47.0561,-47.0526,-47.0484,-47.0418,-47.034,-47.0252,-47.0143,-47.0019,-46.988,-46.973,-46.956,-46.9374,-46.9174,-46.8961,-46.873,-46.8488,-46.8226,-46.7953,-46.766,-46.7357,-46.7034,-46.67,-46.6347,-46.5983,-46.5604,-46.5206,-46.4796,-46.4372,-46.3933,-46.3484,-46.3011,-46.2532,-46.2033,-46.1528,-46.1001,-46.0461,-45.9908,-45.934,-45.8756,-45.8163,-45.7555,-45.6933,-45.6295,-45.5647,-45.4983,-45.4305,-45.3613,-45.2911,-45.2195,-45.1471,-45.0726,-44.9972,-44.9201,-44.8424,-44.7632,-44.6827,-44.6013,-44.5183,-44.4343,-44.3486,-44.2622,-44.1748,-44.0855,-43.9954,-43.9045,-43.8117,-43.7182,-43.6235,-43.5276,-43.4309,-43.3325,-43.2333,-43.1329,-43.0308,-42.9281,-42.8242,-42.7188,-42.6129,-42.5049,-42.396,-42.2861,-42.1752,-42.0624,-41.9485,-41.8338,-41.7175,-41.5996,-41.4803,0,0,0,0,0,0,0,0,0,0,0,0,0,0,0,0,0,0,0,0,0,0,0,0,0,0,0,0,0,0,0,0,0,0,0,0,0,0,0,0,0,0,0,0,0,0,0,0,0,
0,0,0,0,0,0,0,0,0,0,0,0,0,0,0,0,0,0,0,0,0,0,0,0,0,0,0,0,0,0,0,0,0,0,0,0,0,0,0,0,0,0,0,0,0,0,0,0,-40.9168,-41.0349,-41.1515,-41.2672,-41.3813,-41.4937,-41.6056,-41.7161,-41.8251,-41.9329,-42.0396,-42.1452,-42.2497,-42.3526,-42.4548,-42.5559,-42.6556,-42.7545,-42.8522,-42.9484,-43.0439,-43.1379,-43.231,-43.3228,-43.4137,-43.5034,-43.5913,-43.6794,-43.7648,-43.85,-43.9341,-44.0167,-44.0981,-44.1781,-44.2573,-44.3347,-44.4115,-44.4868,-44.561,-44.6336,-44.7052,-44.7755,-44.8447,-44.9121,-44.9786,-45.044,-45.1074,-45.17,-45.2309,-45.2909,-45.3493,-45.4062,-45.4622,-45.5163,-45.5693,-45.621,-45.671,-45.7198,-45.767,-45.8132,-45.8575,-45.9003,-45.9421,-45.9819,-46.0207,-46.0581,-46.0939,-46.1282,-46.1611,-46.1925,-46.2224,-46.2509,-46.2777,-46.3035,-46.3274,-46.3498,-46.3707,-46.3904,-46.4083,-46.425,-46.4398,-46.4535,-46.4658,-46.4764,-46.4851,-46.4928,-46.4989,-46.503,-46.5065,-46.508,-46.508,-46.5065,-46.503,-46.4989,-46.4928,-46.4851,-46.4764,-46.4658,-46.4535,-46.4398,-46.425,-46.4083,-46.3904,-46.3707,-46.3498,-46.3274,-46.3035,-46.2777,-46.2509,-46.2224,-46.1925,-46.1611,-46.1282,-46.0939,-46.0581,-46.0207,-45.9819,-45.9421,-45.9003,-45.8575,-45.8132,-45.767,-45.7198,-45.671,-45.621,-45.5693,-45.5163,-45.4622,-45.4062,-45.3493,-45.2909,-45.2309,-45.17,-45.1074,-45.044,-44.9786,-44.9121,-44.8447,-44.7755,-44.7052,-44.6336,-44.561,-44.4868,-44.4115,-44.3347,-44.2573,-44.1781,-44.0981,-44.0167,-43.9341,-43.85,-43.7648,-43.6794,-43.5913,-43.5034,-43.4137,-43.3228,-43.231,-43.1379,-43.0439,-42.9484,-42.8522,-42.7545,-42.6556,-42.5559,-42.4548,-42.3526,-42.2497,-42.1452,-42.0396,-41.9329,-41.8251,-41.7161,-41.6056,-41.4937,-41.3813,-41.2672,-41.1515,-41.0349,-40.9168,0,0,0,0,0,0,0,0,0,0,0,0,0,0,0,0,0,0,0,0,0,0,0,0,0,0,0,0,0,0,0,0,0,0,0,0,0,0,0,0,0,0,0,0,0,0,0,0,
0,0,0,0,0,0,0,0,0,0,0,0,0,0,0,0,0,0,0,0,0,0,0,0,0,0,0,0,0,0,0,0,0,0,0,0,0,0,0,0,0,0,0,0,0,0,0,-40.3556,-40.4724,-40.5886,-40.7026,-40.8159,-40.928,-41.0384,-41.1478,-41.256,-41.3634,-41.4686,-41.5737,-41.6777,-41.7797,-41.8813,-41.9814,-42.0807,-42.1785,-42.2756,-42.3712,-42.4659,-42.5598,-42.6525,-42.7437,-42.8338,-42.9226,-43.0112,-43.098,-43.184,-43.2684,-43.352,-43.4342,-43.5153,-43.5951,-43.6738,-43.7515,-43.8281,-43.903,-43.9771,-44.0498,-44.1212,-44.1914,-44.2606,-44.3284,-44.3949,-44.46,-44.5242,-44.5861,-44.648,-44.7078,-44.7665,-44.8237,-44.8798,-44.9344,-44.9873,-45.0395,-45.0903,-45.1389,-45.1868,-45.2334,-45.2781,-45.3221,-45.3643,-45.405,-45.4442,-45.4821,-45.5189,-45.5537,-45.5877,-45.6196,-45.6506,-45.68,-45.7079,-45.7341,-45.7591,-45.7826,-45.8047,-45.8252,-45.8443,-45.8619,-45.878,-45.893,-45.9061,-45.9181,-45.9282,-45.9372,-45.9447,-45.9503,-45.9548,-45.9578,-45.9593,-45.9593,-45.9578,-45.9548,-45.9503,-45.9447,-45.9372,-45.9282,-45.9181,-45.9061,-45.893,-45.878,-45.8619,-45.8443,-45.8252,-45.8047,-45.7826,-45.7591,-45.7341,-45.7079,-45.68,-45.6506,-45.6196,-45.5877,-45.5537,-45.5189,-45.4821,-45.4442,-45.405,-45.3643,-45.3221,-45.2781,-45.2334,-45.1868,-45.1389,-45.0903,-45.0395,-44.9873,-44.9344,-44.8798,-44.8237,-44.7665,-44.7078,-44.648,-44.5861,-44.5242,-44.46,-44.3949,-44.3284,-44.2606,-44.1914,-44.1212,-44.0498,-43.9771,-43.903,-43.8281,-43.7515,-43.6738,-43.5951,-43.5153,-43.4342,-43.352,-43.2684,-43.184,-43.098,-43.0112,-42.9226,-42.8338,-42.7437,-42.6525,-42.5598,-42.4659,-42.3712,-42.2756,-42.1785,-42.0807,-41.9814,-41.8813,-41.7797,-41.6777,-41.5737,-41.4686,-41.3634,-41.256,-41.1478,-41.0384,-40.928,-40.8159,-40.7026,-40.5886,-40.4724,-40.3556,0,0,0,0,0,0,0,0,0,0,0,0,0,0,0,0,0,0,0,0,0,0,0,0,0,0,0,0,0,0,0,0,0,0,0,0,0,0,0,0,0,0,0,0,0,0,0,
0,0,0,0,0,0,0,0,0,0,0,0,0,0,0,0,0,0,0,0,0,0,0,0,0,0,0,0,0,0,0,0,0,0,0,0,0,0,0,0,0,0,0,0,0,0,-39.7963,-39.9123,-40.027,-40.1403,-40.2527,-40.3636,-40.4732,-40.5817,-40.6893,-40.7954,-40.9006,-41.0045,-41.1072,-41.2091,-41.3099,-41.4089,-41.5078,-41.6048,-41.7013,-41.7964,-41.8905,-41.9837,-42.0755,-42.1664,-42.2563,-42.3447,-42.4326,-42.5188,-42.6042,-42.6885,-42.7719,-42.8536,-42.9345,-43.0141,-43.0926,-43.1703,-43.2465,-43.3211,-43.3953,-43.4677,-43.5393,-43.6093,-43.6785,-43.746,-43.8123,-43.8777,-43.9419,-44.0043,-44.0662,-44.1263,-44.1849,-44.2426,-44.2989,-44.3534,-44.4073,-44.4593,-44.5104,-44.5597,-44.608,-44.6552,-44.7006,-44.7447,-44.7875,-44.8288,-44.8685,-44.9072,-44.9445,-44.9799,-45.0148,-45.0473,-45.0792,-45.1093,-45.1379,-45.165,-45.1912,-45.2154,-45.239,-45.2603,-45.2806,-45.2994,-45.3163,-45.3326,-45.3466,-45.3599,-45.3717,-45.3817,-45.3905,-45.3971,-45.4035,-45.4075,-45.4105,-45.412,-45.412,-45.4105,-45.4075,-45.4035,-45.3971,-45.3905,-45.3817,-45.3717,-45.3599,-45.3466,-45.3326,-45.3163,-45.2994,-45.2806,-45.2603,-45.239,-45.2154,-45.1912,-45.165,-45.1379,-45.1093,-45.0792,-45.0473,-45.0148,-44.9799,-44.9445,-44.9072,-44.8685,-44.8288,-44.7875,-44.7447,-44.7006,-44.6552,-44.608,-44.5597,-44.5104,-44.4593,-44.4073,-44.3534,-44.2989,-44.2426,-44.1849,-44.1263,-44.0662,-44.0043,-43.9419,-43.8777,-43.8123,-43.746,-43.6785,-43.6093,-43.5393,-43.4677,-43.3953,-43.3211,-43.2465,-43.1703,-43.0926,-43.0141,-42.9345,-42.8536,-42.7719,-42.6885,-42.6042,-42.5188,-42.4326,-42.3447,-42.2563,-42.1664,-42.0755,-41.9837,-41.8905,-41.7964,-41.7013,-41.6048,-41.5078,-41.4089,-41.3099,-41.2091,-41.1072,-41.0045,-40.9006,-40.7954,-40.6893,-40.5817,-40.4732,-40.3636,-40.2527,-40.1403,-40.027,-39.9123,-39.7963,0,0,0,0,0,0,0,0,0,0,0,0,0,0,0,0,0,0,0,0,0,0,0,0,0,0,0,0,0,0,0,0,0,0,0,0,0,0,0,0,0,0,0,0,0,0,
0,0,0,0,0,0,0,0,0,0,0,0,0,0,0,0,0,0,0,0,0,0,0,0,0,0,0,0,0,0,0,0,0,0,0,0,0,0,0,0,0,0,0,0,0,-39.2392,-39.3541,-39.468,-39.5805,-39.6917,-39.8015,-39.9107,-40.0182,-40.1243,-40.2302,-40.3343,-40.4375,-40.5394,-40.6405,-40.7401,-40.8393,-40.9371,-41.0333,-41.1292,-41.2236,-41.3173,-41.4096,-41.5008,-41.5911,-41.6805,-41.7683,-41.8557,-41.9419,-42.027,-42.1103,-42.1933,-42.2751,-42.3556,-42.435,-42.5133,-42.5901,-42.6663,-42.7413,-42.8146,-42.8874,-42.9585,-43.0288,-43.098,-43.1656,-43.2318,-43.2971,-43.3614,-43.4238,-43.4854,-43.546,-43.6048,-43.6626,-43.7191,-43.7745,-43.8281,-43.8808,-43.9317,-43.9821,-44.0305,-44.0777,-44.1239,-44.1684,-44.2117,-44.2533,-44.2938,-44.3334,-44.3712,-44.4075,-44.4424,-44.4759,-44.5088,-44.5394,-44.5691,-44.5973,-44.6241,-44.6494,-44.6733,-44.6957,-44.7172,-44.7368,-44.7553,-44.772,-44.7876,-44.8018,-44.8145,-44.8258,-44.836,-44.8443,-44.8512,-44.8571,-44.861,-44.864,-44.8654,-44.8654,-44.864,-44.861,-44.8571,-44.8512,-44.8443,-44.836,-44.8258,-44.8145,-44.8018,-44.7876,-44.772,-44.7553,-44.7368,-44.7172,-44.6957,-44.6733,-44.6494,-44.6241,-44.5973,-44.5691,-44.5394,-44.5088,-44.4759,-44.4424,-44.4075,-44.3712,-44.3334,-44.2938,-44.2533,-44.2117,-44.1684,-44.1239,-44.0777,-44.0305,-43.9821,-43.9317,-43.8808,-43.8281,-43.7745,-43.7191,-43.6626,-43.6048,-43.546,-43.4854,-43.4238,-43.3614,-43.2971,-43.2318,-43.1656,-43.098,-43.0288,-42.9585,-42.8874,-42.8146,-42.7413,-42.6663,-42.5901,-42.5133,-42.435,-42.3556,-42.2751,-42.1933,-42.1103,-42.027,-41.9419,-41.8557,-41.7683,-41.6805,-41.5911,-41.5008,-41.4096,-41.3173,-41.2236,-41.1292,-41.0333,-40.9371,-40.8393,-40.7401,-40.6405,-40.5394,-40.4375,-40.3343,-40.2302,-40.1243,-40.0182,-39.9107,-39.8015,-39.6917,-39.5805,-39.468,-39.3541,-39.2392,0,0,0,0,0,0,0,0,0,0,0,0,0,0,0,0,0,0,0,0,0,0,0,0,0,0,0,0,0,0,0,0,0,0,0,0,0,0,0,0,0,0,0,0,0,
0,0,0,0,0,0,0,0,0,0,0,0,0,0,0,0,0,0,0,0,0,0,0,0,0,0,0,0,0,0,0,0,0,0,0,0,0,0,0,0,0,0,0,0,-38.6842,-38.7983,-38.9108,-39.0227,-39.133,-39.242,-39.3499,-39.4565,-39.5624,-39.6666,-39.77,-39.8722,-39.9738,-40.0737,-40.173,-40.2709,-40.3679,-40.464,-40.5591,-40.6527,-40.7455,-40.8377,-40.928,-41.0184,-41.107,-41.1946,-41.2809,-41.367,-41.4511,-41.5346,-41.6171,-41.6983,-41.7784,-41.8577,-41.9358,-42.0125,-42.0888,-42.1629,-42.2363,-42.3089,-42.3803,-42.4501,-42.5187,-42.5863,-42.6534,-42.7187,-42.7825,-42.8455,-42.907,-42.9672,-43.0266,-43.0845,-43.1411,-43.1962,-43.2505,-43.3035,-43.355,-43.4051,-43.454,-43.5019,-43.548,-43.593,-43.6372,-43.6792,-43.7205,-43.7601,-43.7988,-43.8356,-43.8715,-43.9054,-43.9388,-43.9705,-44.0008,-44.0295,-44.0574,-44.0838,-44.1083,-44.1319,-44.154,-44.1747,-44.194,-44.2119,-44.2284,-44.2438,-44.2573,-44.2699,-44.281,-44.2907,-44.2989,-44.3061,-44.3114,-44.3158,-44.3186,-44.3197,-44.3197,-44.3186,-44.3158,-44.3114,-44.3061,-44.2989,-44.2907,-44.281,-44.2699,-44.2573,-44.2438,-44.2284,-44.2119,-44.194,-44.1747,-44.154,-44.1319,-44.1083,-44.0838,-44.0574,-44.0295,-44.0008,-43.9705,-43.9388,-43.9054,-43.8715,-43.8356,-43.7988,-43.7601,-43.7205,-43.6792,-43.6372,-43.593,-43.548,-43.5019,-43.454,-43.4051,-43.355,-43.3035,-43.2505,-43.1962,-43.1411,-43.0845,-43.0266,-42.9672,-42.907,-42.8455,-42.7825,-42.7187,-42.6534,-42.5863,-42.5187,-42.4501,-42.3803,-42.3089,-42.2363,-42.1629,-42.0888,-42.0125,-41.9358,-41.8577,-41.7784,-41.6983,-41.6171,-41.5346,-41.4511,-41.367,-41.2809,-41.1946,-41.107,-41.0184,-40.928,-40.8377,-40.7455,-40.6527,-40.5591,-40.464,-40.3679,-40.2709,-40.173,-40.0737,-39.9738,-39.8722,-39.77,-39.6666,-39.5624,-39.4565,-39.3499,-39.242,-39.133,-39.0227,-38.9108,-38.7983,-38.6842,0,0,0,0,0,0,0,0,0,0,0,0,0,0,0,0,0,0,0,0,0,0,0,0,0,0,0,0,0,0,0,0,0,0,0,0,0,0,0,0,0,0,0,0,
0,0,0,0,0,0,0,0,0,0,0,0,0,0,0,0,0,0,0,0,0,0,0,0,0,0,0,0,0,0,0,0,0,0,0,0,0,0,0,0,0,0,0,-38.1309,-38.2445,-38.3564,-38.4666,-38.5758,-38.6843,-38.7909,-38.8971,-39.0019,-39.1055,-39.208,-39.3095,-39.4098,-39.5091,-39.6079,-39.7053,-39.8014,-39.8963,-39.9911,-40.0842,-40.1762,-40.2678,-40.358,-40.4473,-40.5354,-40.6224,-40.7083,-40.7938,-40.8778,-40.9607,-41.0426,-41.1236,-41.2036,-41.2822,-41.3603,-41.4366,-41.5123,-41.5865,-41.66,-41.732,-41.8028,-41.873,-41.9419,-42.0095,-42.0756,-42.1414,-42.2053,-42.2681,-42.3298,-42.3905,-42.4495,-42.5075,-42.5644,-42.62,-42.6741,-42.7273,-42.7795,-42.8298,-42.879,-42.927,-42.9738,-43.0193,-43.0635,-43.1061,-43.1479,-43.1883,-43.2269,-43.2646,-43.3009,-43.3363,-43.3694,-43.402,-43.4332,-43.4626,-43.491,-43.518,-43.5437,-43.5683,-43.5911,-43.6126,-43.633,-43.652,-43.6696,-43.6858,-43.7006,-43.714,-43.7264,-43.7373,-43.7465,-43.7546,-43.7617,-43.767,-43.7712,-43.7737,-43.7751,-43.7751,-43.7737,-43.7712,-43.767,-43.7617,-43.7546,-43.7465,-43.7373,-43.7264,-43.714,-43.7006,-43.6858,-43.6696,-43.652,-43.633,-43.6126,-43.5911,-43.5683,-43.5437,-43.518,-43.491,-43.4626,-43.4332,-43.402,-43.3694,-43.3363,-43.3009,-43.2646,-43.2269,-43.1883,-43.1479,-43.1061,-43.0635,-43.0193,-42.9738,-42.927,-42.879,-42.8298,-42.7795,-42.7273,-42.6741,-42.62,-42.5644,-42.5075,-42.4495,-42.3905,-42.3298,-42.2681,-42.2053,-42.1414,-42.0756,-42.0095,-41.9419,-41.873,-41.8028,-41.732,-41.66,-41.5865,-41.5123,-41.4366,-41.3603,-41.2822,-41.2036,-41.1236,-41.0426,-40.9607,-40.8778,-40.7938,-40.7083,-40.6224,-40.5354,-40.4473,-40.358,-40.2678,-40.1762,-40.0842,-39.9911,-39.8963,-39.8014,-39.7053,-39.6079,-39.5091,-39.4098,-39.3095,-39.208,-39.1055,-39.0019,-38.8971,-38.7909,-38.6843,-38.5758,-38.4666,-38.3564,-38.2445,-38.1309,0,0,0,0,0,0,0,0,0,0,0,0,0,0,0,0,0,0,0,0,0,0,0,0,0,0,0,0,0,0,0,0,0,0,0,0,0,0,0,0,0,0,0,
0,0,0,0,0,0,0,0,0,0,0,0,0,0,0,0,0,0,0,0,0,0,0,0,0,0,0,0,0,0,0,0,0,0,0,0,0,0,0,0,0,0,-37.5801,-37.6923,-37.8032,-37.913,-38.0215,-38.1286,-38.2344,-38.3395,-38.4436,-38.5465,-38.6481,-38.7488,-38.8484,-38.947,-39.0445,-39.1411,-39.2368,-39.3313,-39.425,-39.5173,-39.6093,-39.6997,-39.7895,-39.8776,-39.9658,-40.0525,-40.1379,-40.2228,-40.306,-40.3887,-40.4701,-40.5506,-40.6304,-40.7087,-40.7861,-40.8628,-40.9377,-41.012,-41.0852,-41.1566,-41.2283,-41.2976,-41.3665,-41.4334,-41.5,-41.5652,-41.6295,-41.6921,-41.7542,-41.8146,-41.8742,-41.9322,-41.9891,-42.0447,-42.0996,-42.1529,-42.2049,-42.2556,-42.3052,-42.3533,-42.4007,-42.4465,-42.491,-42.534,-42.5761,-42.617,-42.6565,-42.6946,-42.7313,-42.7671,-42.8013,-42.8343,-42.866,-42.896,-42.9255,-42.953,-42.9797,-43.0049,-43.0285,-43.051,-43.0721,-43.0919,-43.1106,-43.128,-43.1436,-43.1586,-43.1718,-43.1836,-43.194,-43.2034,-43.2114,-43.2184,-43.2232,-43.2274,-43.2302,-43.2316,-43.2316,-43.2302,-43.2274,-43.2232,-43.2184,-43.2114,-43.2034,-43.194,-43.1836,-43.1718,-43.1586,-43.1436,-43.128,-43.1106,-43.0919,-43.0721,-43.051,-43.0285,-43.0049,-42.9797,-42.953,-42.9255,-42.896,-42.866,-42.8343,-42.8013,-42.7671,-42.7313,-42.6946,-42.6565,-42.617,-42.5761,-42.534,-42.491,-42.4465,-42.4007,-42.3533,-42.3052,-42.2556,-42.2049,-42.1529,-42.0996,-42.0447,-41.9891,-41.9322,-41.8742,-41.8146,-41.7542,-41.6921,-41.6295,-41.5652,-41.5,-41.4334,-41.3665,-41.2976,-41.2283,-41.1566,-41.0852,-41.012,-40.9377,-40.8628,-40.7861,-40.7087,-40.6304,-40.5506,-40.4701,-40.3887,-40.306,-40.2228,-40.1379,-40.0525,-39.9658,-39.8776,-39.7895,-39.6997,-39.6093,-39.5173,-39.425,-39.3313,-39.2368,-39.1411,-39.0445,-38.947,-38.8484,-38.7488,-38.6481,-38.5465,-38.4436,-38.3395,-38.2344,-38.1286,-38.0215,-37.913,-37.8032,-37.6923,-37.5801,0,0,0,0,0,0,0,0,0,0,0,0,0,0,0,0,0,0,0,0,0,0,0,0,0,0,0,0,0,0,0,0,0,0,0,0,0,0,0,0,0,0,
0,0,0,0,0,0,0,0,0,0,0,0,0,0,0,0,0,0,0,0,0,0,0,0,0,0,0,0,0,0,0,0,0,0,0,0,0,0,0,0,0,-37.0319,-37.1428,-37.2524,-37.3614,-37.4687,-37.5752,-37.6804,-37.7845,-37.8872,-37.9891,-38.09,-38.1898,-38.2889,-38.387,-38.4838,-38.5793,-38.6744,-38.7683,-38.8609,-38.9527,-39.0437,-39.1336,-39.2229,-39.311,-39.398,-39.4841,-39.5692,-39.6533,-39.7367,-39.8187,-39.8999,-39.9798,-40.0591,-40.1371,-40.2142,-40.2903,-40.3651,-40.4389,-40.5122,-40.5838,-40.6543,-40.7241,-40.7924,-40.8598,-40.9263,-40.9911,-41.0553,-41.1184,-41.1802,-41.2405,-41.3,-41.358,-41.4153,-41.4709,-41.5258,-41.5795,-41.6318,-41.6826,-41.7322,-41.7813,-41.8283,-41.8747,-41.9198,-41.9632,-42.0054,-42.0469,-42.0864,-42.1257,-42.1629,-42.1992,-42.2338,-42.2674,-42.2996,-42.3306,-42.3604,-42.3891,-42.416,-42.4418,-42.4664,-42.49,-42.5118,-42.5326,-42.5521,-42.5702,-42.587,-42.6027,-42.6167,-42.6298,-42.6418,-42.652,-42.6609,-42.6688,-42.6753,-42.6805,-42.6846,-42.687,-42.6884,-42.6884,-42.687,-42.6846,-42.6805,-42.6753,-42.6688,-42.6609,-42.652,-42.6418,-42.6298,-42.6167,-42.6027,-42.587,-42.5702,-42.5521,-42.5326,-42.5118,-42.49,-42.4664,-42.4418,-42.416,-42.3891,-42.3604,-42.3306,-42.2996,-42.2674,-42.2338,-42.1992,-42.1629,-42.1257,-42.0864,-42.0469,-42.0054,-41.9632,-41.9198,-41.8747,-41.8283,-41.7813,-41.7322,-41.6826,-41.6318,-41.5795,-41.5258,-41.4709,-41.4153,-41.358,-41.3,-41.2405,-41.1802,-41.1184,-41.0553,-40.9911,-40.9263,-40.8598,-40.7924,-40.7241,-40.6543,-40.5838,-40.5122,-40.4389,-40.3651,-40.2903,-40.2142,-40.1371,-40.0591,-39.9798,-39.8999,-39.8187,-39.7367,-39.6533,-39.5692,-39.4841,-39.398,-39.311,-39.2229,-39.1336,-39.0437,-38.9527,-38.8609,-38.7683,-38.6744,-38.5793,-38.4838,-38.387,-38.2889,-38.1898,-38.09,-37.9891,-37.8872,-37.7845,-37.6804,-37.5752,-37.4687,-37.3614,-37.2524,-37.1428,-37.0319,0,0,0,0,0,0,0,0,0,0,0,0,0,0,0,0,0,0,0,0,0,0,0,0,0,0,0,0,0,0,0,0,0,0,0,0,0,0,0,0,0,
0,0,0,0,0,0,0,0,0,0,0,0,0,0,0,0,0,0,0,0,0,0,0,0,0,0,0,0,0,0,0,0,0,0,0,0,0,0,0,0,0,-36.5952,-36.7039,-36.8119,-36.9184,-37.0237,-37.1281,-37.2312,-37.3333,-37.4342,-37.5346,-37.6335,-37.7314,-37.8287,-37.9243,-38.0197,-38.1136,-38.2067,-38.2991,-38.39,-38.4806,-38.5699,-38.6579,-38.7459,-38.8322,-38.9183,-39.0022,-39.086,-39.1689,-39.2503,-39.3311,-39.411,-39.4897,-39.5669,-39.6438,-39.7195,-39.7941,-39.8681,-39.9403,-40.0121,-40.0827,-40.1523,-40.2205,-40.2874,-40.3535,-40.4188,-40.4827,-40.5453,-40.6073,-40.668,-40.7272,-40.7856,-40.843,-40.8987,-40.9536,-41.0068,-41.0596,-41.1111,-41.1609,-41.2098,-41.2575,-41.3038,-41.3493,-41.393,-41.4358,-41.4778,-41.5176,-41.5573,-41.595,-41.6317,-41.667,-41.7008,-41.7339,-41.7654,-41.7959,-41.825,-41.8529,-41.8798,-41.9049,-41.9292,-41.952,-41.9735,-41.9937,-42.0129,-42.0308,-42.0469,-42.0625,-42.0763,-42.0887,-42.1002,-42.1103,-42.1195,-42.1273,-42.1333,-42.1383,-42.142,-42.1448,-42.1461,-42.1461,-42.1448,-42.142,-42.1383,-42.1333,-42.1273,-42.1195,-42.1103,-42.1002,-42.0887,-42.0763,-42.0625,-42.0469,-42.0308,-42.0129,-41.9937,-41.9735,-41.952,-41.9292,-41.9049,-41.8798,-41.8529,-41.825,-41.7959,-41.7654,-41.7339,-41.7008,-41.667,-41.6317,-41.595,-41.5573,-41.5176,-41.4778,-41.4358,-41.393,-41.3493,-41.3038,-41.2575,-41.2098,-41.1609,-41.1111,-41.0596,-41.0068,-40.9536,-40.8987,-40.843,-40.7856,-40.7272,-40.668,-40.6073,-40.5453,-40.4827,-40.4188,-40.3535,-40.2874,-40.2205,-40.1523,-40.0827,-40.0121,-39.9403,-39.8681,-39.7941,-39.7195,-39.6438,-39.5669,-39.4897,-39.411,-39.3311,-39.2503,-39.1689,-39.086,-39.0022,-38.9183,-38.8322,-38.7459,-38.6579,-38.5699,-38.4806,-38.39,-38.2991,-38.2067,-38.1136,-38.0197,-37.9243,-37.8287,-37.7314,-37.6335,-37.5346,-37.4342,-37.3333,-37.2312,-37.1281,-37.0237,-36.9184,-36.8119,-36.7039,-36.5952,0,0,0,0,0,0,0,0,0,0,0,0,0,0,0,0,0,0,0,0,0,0,0,0,0,0,0,0,0,0,0,0,0,0,0,0,0,0,0,0,0,
0,0,0,0,0,0,0,0,0,0,0,0,0,0,0,0,0,0,0,0,0,0,0,0,0,0,0,0,0,0,0,0,0,0,0,0,0,0,0,0,-36.0494,-36.1576,-36.264,-36.3696,-36.4741,-36.5775,-36.6802,-36.7811,-36.8816,-36.9805,-37.0788,-37.1764,-37.2721,-37.3677,-37.4615,-37.5553,-37.6475,-37.7391,-37.8298,-37.9193,-38.008,-38.0957,-38.1826,-38.2686,-38.3533,-38.4375,-38.5206,-38.6027,-38.6837,-38.7644,-38.8438,-38.9218,-38.9992,-39.0753,-39.1506,-39.2251,-39.2986,-39.371,-39.442,-39.5126,-39.5817,-39.6497,-39.7167,-39.7828,-39.8478,-39.9119,-39.9747,-40.0362,-40.0968,-40.1561,-40.2144,-40.2716,-40.3278,-40.3825,-40.4362,-40.4889,-40.5401,-40.5906,-40.6397,-40.6879,-40.7341,-40.7802,-40.8244,-40.8675,-40.909,-40.95,-40.9894,-41.0281,-41.0653,-41.1011,-41.1353,-41.1689,-41.2013,-41.2323,-41.2619,-41.2907,-41.3175,-41.344,-41.3684,-41.3923,-41.4145,-41.4357,-41.4556,-41.4742,-41.4915,-41.5077,-41.5223,-41.5359,-41.549,-41.5599,-41.5695,-41.5781,-41.5858,-41.5918,-41.5972,-41.6008,-41.6031,-41.6049,-41.6049,-41.6031,-41.6008,-41.5972,-41.5918,-41.5858,-41.5781,-41.5695,-41.5599,-41.549,-41.5359,-41.5223,-41.5077,-41.4915,-41.4742,-41.4556,-41.4357,-41.4145,-41.3923,-41.3684,-41.344,-41.3175,-41.2907,-41.2619,-41.2323,-41.2013,-41.1689,-41.1353,-41.1011,-41.0653,-41.0281,-40.9894,-40.95,-40.909,-40.8675,-40.8244,-40.7802,-40.7341,-40.6879,-40.6397,-40.5906,-40.5401,-40.4889,-40.4362,-40.3825,-40.3278,-40.2716,-40.2144,-40.1561,-40.0968,-40.0362,-39.9747,-39.9119,-39.8478,-39.7828,-39.7167,-39.6497,-39.5817,-39.5126,-39.442,-39.371,-39.2986,-39.2251,-39.1506,-39.0753,-38.9992,-38.9218,-38.8438,-38.7644,-38.6837,-38.6027,-38.5206,-38.4375,-38.3533,-38.2686,-38.1826,-38.0957,-38.008,-37.9193,-37.8298,-37.7391,-37.6475,-37.5553,-37.4615,-37.3677,-37.2721,-37.1764,-37.0788,-36.9805,-36.8816,-36.7811,-36.6802,-36.5775,-36.4741,-36.3696,-36.264,-36.1576,-36.0494,0,0,0,0,0,0,0,0,0,0,0,0,0,0,0,0,0,0,0,0,0,0,0,0,0,0,0,0,0,0,0,0,0,0,0,0,0,0,0,0,
0,0,0,0,0,0,0,0,0,0,0,0,0,0,0,0,0,0,0,0,0,0,0,0,0,0,0,0,0,0,0,0,0,0,0,0,0,0,0,-35.5059,-35.613,-35.7189,-35.8235,-35.9268,-36.0293,-36.1307,-36.2313,-36.3304,-36.4287,-36.5263,-36.6225,-36.7182,-36.8126,-36.9059,-36.9989,-37.0903,-37.1815,-37.2713,-37.3599,-37.448,-37.5352,-37.6214,-37.7065,-37.7908,-37.8745,-37.9572,-38.0384,-38.1194,-38.1994,-38.2783,-38.3556,-38.433,-38.5091,-38.5839,-38.6581,-38.7306,-38.8026,-38.8738,-38.9441,-39.0132,-39.0811,-39.1476,-39.2135,-39.2785,-39.3421,-39.4048,-39.4668,-39.5269,-39.5862,-39.6451,-39.7019,-39.7583,-39.8127,-39.8671,-39.9194,-39.9711,-40.0218,-40.0712,-40.1193,-40.1657,-40.2118,-40.2565,-40.3,-40.3423,-40.3832,-40.4233,-40.4618,-40.4993,-40.5355,-40.5709,-40.605,-40.6374,-40.669,-40.6995,-40.7284,-40.7561,-40.7832,-40.8086,-40.8327,-40.856,-40.8778,-40.8983,-40.918,-40.9363,-40.953,-40.9691,-40.9834,-40.9969,-41.009,-41.0197,-41.0296,-41.0381,-41.0457,-41.0516,-41.0565,-41.0601,-41.0624,-41.0637,-41.0637,-41.0624,-41.0601,-41.0565,-41.0516,-41.0457,-41.0381,-41.0296,-41.0197,-41.009,-40.9969,-40.9834,-40.9691,-40.953,-40.9363,-40.918,-40.8983,-40.8778,-40.856,-40.8327,-40.8086,-40.7832,-40.7561,-40.7284,-40.6995,-40.669,-40.6374,-40.605,-40.5709,-40.5355,-40.4993,-40.4618,-40.4233,-40.3832,-40.3423,-40.3,-40.2565,-40.2118,-40.1657,-40.1193,-40.0712,-40.0218,-39.9711,-39.9194,-39.8671,-39.8127,-39.7583,-39.7019,-39.6451,-39.5862,-39.5269,-39.4668,-39.4048,-39.3421,-39.2785,-39.2135,-39.1476,-39.0811,-39.0132,-38.9441,-38.8738,-38.8026,-38.7306,-38.6581,-38.5839,-38.5091,-38.433,-38.3556,-38.2783,-38.1994,-38.1194,-38.0384,-37.9572,-37.8745,-37.7908,-37.7065,-37.6214,-37.5352,-37.448,-37.3599,-37.2713,-37.1815,-37.0903,-36.9989,-36.9059,-36.8126,-36.7182,-36.6225,-36.5263,-36.4287,-36.3304,-36.2313,-36.1307,-36.0293,-35.9268,-35.8235,-35.7189,-35.613,-35.5059,0,0,0,0,0,0,0,0,0,0,0,0,0,0,0,0,0,0,0,0,0,0,0,0,0,0,0,0,0,0,0,0,0,0,0,0,0,0,0,
0,0,0,0,0,0,0,0,0,0,0,0,0,0,0,0,0,0,0,0,0,0,0,0,0,0,0,0,0,0,0,0,0,0,0,0,0,0,-34.9646,-35.0704,-35.1752,-35.2792,-35.3818,-35.4836,-35.5836,-35.6832,-35.7817,-35.8793,-35.9756,-36.0713,-36.1661,-36.2593,-36.3523,-36.4444,-36.5355,-36.6252,-36.7145,-36.8025,-36.89,-36.9765,-37.0622,-37.1466,-37.2303,-37.3138,-37.3954,-37.4769,-37.5569,-37.6358,-37.7145,-37.7916,-37.8686,-37.9437,-38.0188,-38.0923,-38.1651,-38.2366,-38.3073,-38.3769,-38.4455,-38.5134,-38.5802,-38.6463,-38.7105,-38.774,-38.8367,-38.8984,-38.9587,-39.0185,-39.0767,-39.1335,-39.1896,-39.245,-39.2985,-39.3516,-39.4031,-39.4539,-39.5031,-39.5515,-39.599,-39.6449,-39.6899,-39.7336,-39.7762,-39.817,-39.8575,-39.8963,-39.9346,-39.9713,-40.0067,-40.0413,-40.0745,-40.1065,-40.1373,-40.1671,-40.1957,-40.2229,-40.2489,-40.274,-40.2978,-40.3203,-40.3415,-40.3618,-40.3812,-40.3985,-40.4153,-40.4308,-40.445,-40.4582,-40.4702,-40.4808,-40.4902,-40.4986,-40.5056,-40.5114,-40.5167,-40.5199,-40.5221,-40.5234,-40.5234,-40.5221,-40.5199,-40.5167,-40.5114,-40.5056,-40.4986,-40.4902,-40.4808,-40.4702,-40.4582,-40.445,-40.4308,-40.4153,-40.3985,-40.3812,-40.3618,-40.3415,-40.3203,-40.2978,-40.274,-40.2489,-40.2229,-40.1957,-40.1671,-40.1373,-40.1065,-40.0745,-40.0413,-40.0067,-39.9713,-39.9346,-39.8963,-39.8575,-39.817,-39.7762,-39.7336,-39.6899,-39.6449,-39.599,-39.5515,-39.5031,-39.4539,-39.4031,-39.3516,-39.2985,-39.245,-39.1896,-39.1335,-39.0767,-39.0185,-38.9587,-38.8984,-38.8367,-38.774,-38.7105,-38.6463,-38.5802,-38.5134,-38.4455,-38.3769,-38.3073,-38.2366,-38.1651,-38.0923,-38.0188,-37.9437,-37.8686,-37.7916,-37.7145,-37.6358,-37.5569,-37.4769,-37.3954,-37.3138,-37.2303,-37.1466,-37.0622,-36.9765,-36.89,-36.8025,-36.7145,-36.6252,-36.5355,-36.4444,-36.3523,-36.2593,-36.1661,-36.0713,-35.9756,-35.8793,-35.7817,-35.6832,-35.5836,-35.4836,-35.3818,-35.2792,-35.1752,-35.0704,-34.9646,0,0,0,0,0,0,0,0,0,0,0,0,0,0,0,0,0,0,0,0,0,0,0,0,0,0,0,0,0,0,0,0,0,0,0,0,0,0,
0,0,0,0,0,0,0,0,0,0,0,0,0,0,0,0,0,0,0,0,0,0,0,0,0,0,0,0,0,0,0,0,0,0,0,0,0,-34.4246,-34.5299,-34.6339,-34.7369,-34.8384,-34.9391,-35.0386,-35.1375,-35.2347,-35.3316,-35.4273,-35.5217,-35.6161,-35.7084,-35.8007,-35.8913,-35.9819,-36.0711,-36.1599,-36.2474,-36.3339,-36.4198,-36.5048,-36.5887,-36.6718,-36.7542,-36.8356,-36.9165,-36.9962,-37.0749,-37.1527,-37.2296,-37.3057,-37.3809,-37.4552,-37.5281,-37.6004,-37.672,-37.7423,-37.8119,-37.8803,-37.9478,-38.0145,-38.0797,-38.1439,-38.2073,-38.2701,-38.3315,-38.3922,-38.4512,-38.5093,-38.5669,-38.6226,-38.6779,-38.7319,-38.7849,-38.8366,-38.8872,-38.9365,-38.9851,-39.0325,-39.079,-39.1239,-39.1677,-39.2104,-39.2525,-39.2928,-39.3325,-39.3703,-39.4074,-39.4436,-39.4786,-39.5122,-39.5447,-39.5759,-39.6063,-39.6354,-39.6631,-39.6897,-39.7157,-39.7396,-39.7632,-39.785,-39.8059,-39.826,-39.8447,-39.8618,-39.8784,-39.8933,-39.9073,-39.92,-39.9314,-39.9419,-39.9515,-39.9598,-39.9664,-39.9725,-39.9769,-39.9805,-39.983,-39.9839,-39.9839,-39.983,-39.9805,-39.9769,-39.9725,-39.9664,-39.9598,-39.9515,-39.9419,-39.9314,-39.92,-39.9073,-39.8933,-39.8784,-39.8618,-39.8447,-39.826,-39.8059,-39.785,-39.7632,-39.7396,-39.7157,-39.6897,-39.6631,-39.6354,-39.6063,-39.5759,-39.5447,-39.5122,-39.4786,-39.4436,-39.4074,-39.3703,-39.3325,-39.2928,-39.2525,-39.2104,-39.1677,-39.1239,-39.079,-39.0325,-38.9851,-38.9365,-38.8872,-38.8366,-38.7849,-38.7319,-38.6779,-38.6226,-38.5669,-38.5093,-38.4512,-38.3922,-38.3315,-38.2701,-38.2073,-38.1439,-38.0797,-38.0145,-37.9478,-37.8803,-37.8119,-37.7423,-37.672,-37.6004,-37.5281,-37.4552,-37.3809,-37.3057,-37.2296,-37.1527,-37.0749,-36.9962,-36.9165,-36.8356,-36.7542,-36.6718,-36.5887,-36.5048,-36.4198,-36.3339,-36.2474,-36.1599,-36.0711,-35.9819,-35.8913,-35.8007,-35.7084,-35.6161,-35.5217,-35.4273,-35.3316,-35.2347,-35.1375,-35.0386,-34.9391,-34.8384,-34.7369,-34.6339,-34.5299,-34.4246,0,0,0,0,0,0,0,0,0,0,0,0,0,0,0,0,0,0,0,0,0,0,0,0,0,0,0,0,0,0,0,0,0,0,0,0,0,
0,0,0,0,0,0,0,0,0,0,0,0,0,0,0,0,0,0,0,0,0,0,0,0,0,0,0,0,0,0,0,0,0,0,0,0,0,-33.9914,-34.0944,-34.1964,-34.2974,-34.3968,-34.4954,-34.5933,-34.6901,-34.7858,-34.8807,-34.9743,-35.0674,-35.1598,-35.251,-35.341,-35.4307,-35.5189,-35.607,-35.6935,-35.7797,-35.8651,-35.9493,-36.0327,-36.1152,-36.197,-36.2778,-36.3581,-36.4372,-36.5155,-36.5925,-36.669,-36.7446,-36.8192,-36.8932,-36.9658,-37.038,-37.1089,-37.1792,-37.2484,-37.3166,-37.3839,-37.45,-37.5152,-37.5795,-37.6429,-37.7052,-37.7662,-37.8264,-37.8858,-37.944,-38.0012,-38.0572,-38.1122,-38.1662,-38.2189,-38.2709,-38.3219,-38.3717,-38.4199,-38.4675,-38.5139,-38.559,-38.603,-38.6461,-38.6881,-38.7291,-38.7687,-38.8078,-38.8453,-38.8814,-38.9168,-38.9506,-38.9839,-39.0155,-39.0463,-39.0758,-39.1042,-39.1312,-39.1574,-39.1824,-39.2065,-39.2288,-39.2508,-39.271,-39.2905,-39.3086,-39.3258,-39.3414,-39.3561,-39.3703,-39.3824,-39.3941,-39.4041,-39.4132,-39.4214,-39.428,-39.4335,-39.4383,-39.4414,-39.4439,-39.4452,-39.4452,-39.4439,-39.4414,-39.4383,-39.4335,-39.428,-39.4214,-39.4132,-39.4041,-39.3941,-39.3824,-39.3703,-39.3561,-39.3414,-39.3258,-39.3086,-39.2905,-39.271,-39.2508,-39.2288,-39.2065,-39.1824,-39.1574,-39.1312,-39.1042,-39.0758,-39.0463,-39.0155,-38.9839,-38.9506,-38.9168,-38.8814,-38.8453,-38.8078,-38.7687,-38.7291,-38.6881,-38.6461,-38.603,-38.559,-38.5139,-38.4675,-38.4199,-38.3717,-38.3219,-38.2709,-38.2189,-38.1662,-38.1122,-38.0572,-38.0012,-37.944,-37.8858,-37.8264,-37.7662,-37.7052,-37.6429,-37.5795,-37.5152,-37.45,-37.3839,-37.3166,-37.2484,-37.1792,-37.1089,-37.038,-36.9658,-36.8932,-36.8192,-36.7446,-36.669,-36.5925,-36.5155,-36.4372,-36.3581,-36.2778,-36.197,-36.1152,-36.0327,-35.9493,-35.8651,-35.7797,-35.6935,-35.607,-35.5189,-35.4307,-35.341,-35.251,-35.1598,-35.0674,-34.9743,-34.8807,-34.7858,-34.6901,-34.5933,-34.4954,-34.3968,-34.2974,-34.1964,-34.0944,-33.9914,0,0,0,0,0,0,0,0,0,0,0,0,0,0,0,0,0,0,0,0,0,0,0,0,0,0,0,0,0,0,0,0,0,0,0,0,0,
0,0,0,0,0,0,0,0,0,0,0,0,0,0,0,0,0,0,0,0,0,0,0,0,0,0,0,0,0,0,0,0,0,0,0,0,-33.455,-33.5571,-33.6577,-33.7582,-33.857,-33.9549,-34.0517,-34.1472,-34.2421,-34.3361,-34.4294,-34.5213,-34.6124,-34.7028,-34.7926,-34.8814,-34.9687,-35.0563,-35.1424,-35.2274,-35.3121,-35.3956,-35.4779,-35.5603,-35.6414,-35.7219,-35.8009,-35.8798,-35.9574,-36.0342,-36.1103,-36.1854,-36.26,-36.3331,-36.4057,-36.4772,-36.5477,-36.6174,-36.6862,-36.754,-36.8213,-36.8872,-36.9522,-37.0164,-37.0794,-37.1413,-37.2023,-37.2625,-37.3217,-37.38,-37.4371,-37.4928,-37.5476,-37.6019,-37.6549,-37.7066,-37.7575,-37.8073,-37.8559,-37.9032,-37.9498,-37.9957,-38.0398,-38.0829,-38.1251,-38.1666,-38.2067,-38.2454,-38.2832,-38.3198,-38.3556,-38.39,-38.4235,-38.4556,-38.4864,-38.5165,-38.5456,-38.5736,-38.6,-38.6257,-38.65,-38.6734,-38.6955,-38.7168,-38.7364,-38.7556,-38.7735,-38.7901,-38.8055,-38.8201,-38.8333,-38.8453,-38.8564,-38.8666,-38.8756,-38.8834,-38.8902,-38.8953,-38.9,-38.9035,-38.9056,-38.9065,-38.9065,-38.9056,-38.9035,-38.9,-38.8953,-38.8902,-38.8834,-38.8756,-38.8666,-38.8564,-38.8453,-38.8333,-38.8201,-38.8055,-38.7901,-38.7735,-38.7556,-38.7364,-38.7168,-38.6955,-38.6734,-38.65,-38.6257,-38.6,-38.5736,-38.5456,-38.5165,-38.4864,-38.4556,-38.4235,-38.39,-38.3556,-38.3198,-38.2832,-38.2454,-38.2067,-38.1666,-38.1251,-38.0829,-38.0398,-37.9957,-37.9498,-37.9032,-37.8559,-37.8073,-37.7575,-37.7066,-37.6549,-37.6019,-37.5476,-37.4928,-37.4371,-37.38,-37.3217,-37.2625,-37.2023,-37.1413,-37.0794,-37.0164,-36.9522,-36.8872,-36.8213,-36.754,-36.6862,-36.6174,-36.5477,-36.4772,-36.4057,-36.3331,-36.26,-36.1854,-36.1103,-36.0342,-35.9574,-35.8798,-35.8009,-35.7219,-35.6414,-35.5603,-35.4779,-35.3956,-35.3121,-35.2274,-35.1424,-35.0563,-34.9687,-34.8814,-34.7926,-34.7028,-34.6124,-34.5213,-34.4294,-34.3361,-34.2421,-34.1472,-34.0517,-33.9549,-33.857,-33.7582,-33.6577,-33.5571,-33.455,0,0,0,0,0,0,0,0,0,0,0,0,0,0,0,0,0,0,0,0,0,0,0,0,0,0,0,0,0,0,0,0,0,0,0,0,
0,0,0,0,0,0,0,0,0,0,0,0,0,0,0,0,0,0,0,0,0,0,0,0,0,0,0,0,0,0,0,0,0,0,0,-32.9203,-33.0212,-33.1219,-33.2203,-33.3184,-33.4157,-33.5113,-33.6069,-33.7005,-33.7935,-33.8857,-33.977,-34.0676,-34.157,-34.2462,-34.3337,-34.4209,-34.5072,-34.5928,-34.6771,-34.7607,-34.8437,-34.9262,-35.0072,-35.088,-35.1677,-35.2462,-35.3241,-35.4015,-35.4778,-35.5534,-35.6281,-35.7019,-35.7749,-35.8468,-35.9179,-35.9883,-36.0577,-36.1258,-36.1939,-36.2599,-36.3262,-36.3908,-36.4543,-36.5176,-36.5789,-36.6403,-36.7003,-36.759,-36.8169,-36.8742,-36.9299,-36.9852,-37.039,-37.0915,-37.1438,-37.1945,-37.2444,-37.2931,-37.3407,-37.3875,-37.4328,-37.4776,-37.521,-37.5635,-37.6048,-37.6449,-37.6843,-37.722,-37.7589,-37.7952,-37.8298,-37.8634,-37.896,-37.9277,-37.9583,-37.9875,-38.016,-38.0428,-38.0691,-38.0944,-38.1178,-38.1409,-38.1629,-38.1834,-38.2029,-38.2214,-38.2387,-38.2547,-38.2703,-38.2842,-38.2973,-38.3091,-38.3197,-38.3299,-38.3387,-38.3459,-38.3527,-38.3578,-38.3624,-38.3658,-38.3679,-38.3688,-38.3688,-38.3679,-38.3658,-38.3624,-38.3578,-38.3527,-38.3459,-38.3387,-38.3299,-38.3197,-38.3091,-38.2973,-38.2842,-38.2703,-38.2547,-38.2387,-38.2214,-38.2029,-38.1834,-38.1629,-38.1409,-38.1178,-38.0944,-38.0691,-38.0428,-38.016,-37.9875,-37.9583,-37.9277,-37.896,-37.8634,-37.8298,-37.7952,-37.7589,-37.722,-37.6843,-37.6449,-37.6048,-37.5635,-37.521,-37.4776,-37.4328,-37.3875,-37.3407,-37.2931,-37.2444,-37.1945,-37.1438,-37.0915,-37.039,-36.9852,-36.9299,-36.8742,-36.8169,-36.759,-36.7003,-36.6403,-36.5789,-36.5176,-36.4543,-36.3908,-36.3262,-36.2599,-36.1939,-36.1258,-36.0577,-35.9883,-35.9179,-35.8468,-35.7749,-35.7019,-35.6281,-35.5534,-35.4778,-35.4015,-35.3241,-35.2462,-35.1677,-35.088,-35.0072,-34.9262,-34.8437,-34.7607,-34.6771,-34.5928,-34.5072,-34.4209,-34.3337,-34.2462,-34.157,-34.0676,-33.977,-33.8857,-33.7935,-33.7005,-33.6069,-33.5113,-33.4157,-33.3184,-33.2203,-33.1219,-33.0212,-32.9203,0,0,0,0,0,0,0,0,0,0,0,0,0,0,0,0,0,0,0,0,0,0,0,0,0,0,0,0,0,0,0,0,0,0,0,
0,0,0,0,0,0,0,0,0,0,0,0,0,0,0,0,0,0,0,0,0,0,0,0,0,0,0,0,0,0,0,0,0,0,0,-32.4886,-32.5871,-32.6856,-32.7826,-32.8785,-32.9736,-33.0677,-33.1607,-33.2532,-33.3442,-33.4348,-33.5245,-33.6129,-33.7011,-33.7885,-33.8747,-33.9601,-34.0446,-34.1283,-34.2117,-34.294,-34.3754,-34.4559,-34.5357,-34.6152,-34.6931,-34.7706,-34.8472,-34.9232,-34.9982,-35.0724,-35.1456,-35.2181,-35.2896,-35.3604,-35.4302,-35.4992,-35.5672,-35.6345,-35.7009,-35.7663,-35.8307,-35.8944,-35.957,-36.0189,-36.0791,-36.139,-36.1981,-36.2558,-36.3126,-36.3687,-36.4235,-36.4772,-36.5299,-36.582,-36.6327,-36.6825,-36.731,-36.7791,-36.8263,-36.8713,-36.9164,-36.9596,-37.0025,-37.044,-37.0844,-37.1237,-37.1618,-37.1992,-37.2353,-37.2705,-37.3047,-37.3377,-37.3694,-37.4004,-37.4305,-37.4589,-37.4868,-37.5129,-37.5389,-37.5634,-37.5867,-37.6091,-37.6299,-37.6503,-37.6693,-37.6873,-37.7044,-37.7203,-37.7352,-37.749,-37.7619,-37.7732,-37.7841,-37.7937,-37.8016,-37.8096,-37.8154,-37.8213,-37.825,-37.8284,-37.8305,-37.8313,-37.8313,-37.8305,-37.8284,-37.825,-37.8213,-37.8154,-37.8096,-37.8016,-37.7937,-37.7841,-37.7732,-37.7619,-37.749,-37.7352,-37.7203,-37.7044,-37.6873,-37.6693,-37.6503,-37.6299,-37.6091,-37.5867,-37.5634,-37.5389,-37.5129,-37.4868,-37.4589,-37.4305,-37.4004,-37.3694,-37.3377,-37.3047,-37.2705,-37.2353,-37.1992,-37.1618,-37.1237,-37.0844,-37.044,-37.0025,-36.9596,-36.9164,-36.8713,-36.8263,-36.7791,-36.731,-36.6825,-36.6327,-36.582,-36.5299,-36.4772,-36.4235,-36.3687,-36.3126,-36.2558,-36.1981,-36.139,-36.0791,-36.0189,-35.957,-35.8944,-35.8307,-35.7663,-35.7009,-35.6345,-35.5672,-35.4992,-35.4302,-35.3604,-35.2896,-35.2181,-35.1456,-35.0724,-34.9982,-34.9232,-34.8472,-34.7706,-34.6931,-34.6152,-34.5357,-34.4559,-34.3754,-34.294,-34.2117,-34.1283,-34.0446,-33.9601,-33.8747,-33.7885,-33.7011,-33.6129,-33.5245,-33.4348,-33.3442,-33.2532,-33.1607,-33.0677,-32.9736,-32.8785,-32.7826,-32.6856,-32.5871,-32.4886,0,0,0,0,0,0,0,0,0,0,0,0,0,0,0,0,0,0,0,0,0,0,0,0,0,0,0,0,0,0,0,0,0,0,0,
0,0,0,0,0,0,0,0,0,0,0,0,0,0,0,0,0,0,0,0,0,0,0,0,0,0,0,0,0,0,0,0,0,0,-31.9567,-32.0549,-32.1522,-32.2484,-32.3433,-32.4376,-32.5306,-32.623,-32.7144,-32.8049,-32.8949,-32.9836,-33.0713,-33.1586,-33.245,-33.33,-33.4151,-33.4988,-33.5819,-33.6646,-33.7458,-33.8265,-33.9068,-33.986,-34.0645,-34.1422,-34.2191,-34.2946,-34.3703,-34.4448,-34.5184,-34.5912,-34.663,-34.7343,-34.8046,-34.8738,-34.9424,-35.0101,-35.0773,-35.1431,-35.2081,-35.272,-35.3355,-35.3978,-35.4598,-35.5201,-35.5794,-35.6379,-35.6957,-35.7527,-35.808,-35.863,-35.917,-35.9698,-36.0215,-36.0725,-36.1223,-36.1711,-36.2186,-36.2656,-36.3112,-36.3561,-36.3999,-36.4422,-36.484,-36.5247,-36.564,-36.6027,-36.6404,-36.6769,-36.7123,-36.7468,-36.7797,-36.8119,-36.8433,-36.8735,-36.9028,-36.9307,-36.9581,-36.9838,-37.0088,-37.0326,-37.0555,-37.0773,-37.0979,-37.118,-37.1366,-37.1541,-37.1706,-37.1863,-37.2007,-37.2144,-37.2267,-37.2382,-37.2482,-37.2577,-37.266,-37.2734,-37.2792,-37.2845,-37.2886,-37.2915,-37.2936,-37.2949,-37.2949,-37.2936,-37.2915,-37.2886,-37.2845,-37.2792,-37.2734,-37.266,-37.2577,-37.2482,-37.2382,-37.2267,-37.2144,-37.2007,-37.1863,-37.1706,-37.1541,-37.1366,-37.118,-37.0979,-37.0773,-37.0555,-37.0326,-37.0088,-36.9838,-36.9581,-36.9307,-36.9028,-36.8735,-36.8433,-36.8119,-36.7797,-36.7468,-36.7123,-36.6769,-36.6404,-36.6027,-36.564,-36.5247,-36.484,-36.4422,-36.3999,-36.3561,-36.3112,-36.2656,-36.2186,-36.1711,-36.1223,-36.0725,-36.0215,-35.9698,-35.917,-35.863,-35.808,-35.7527,-35.6957,-35.6379,-35.5794,-35.5201,-35.4598,-35.3978,-35.3355,-35.272,-35.2081,-35.1431,-35.0773,-35.0101,-34.9424,-34.8738,-34.8046,-34.7343,-34.663,-34.5912,-34.5184,-34.4448,-34.3703,-34.2946,-34.2191,-34.1422,-34.0645,-33.986,-33.9068,-33.8265,-33.7458,-33.6646,-33.5819,-33.4988,-33.4151,-33.33,-33.245,-33.1586,-33.0713,-32.9836,-32.8949,-32.8049,-32.7144,-32.623,-32.5306,-32.4376,-32.3433,-32.2484,-32.1522,-32.0549,-31.9567,0,0,0,0,0,0,0,0,0,0,0,0,0,0,0,0,0,0,0,0,0,0,0,0,0,0,0,0,0,0,0,0,0,0,
0,0,0,0,0,0,0,0,0,0,0,0,0,0,0,0,0,0,0,0,0,0,0,0,0,0,0,0,0,0,0,0,0,-31.4274,-31.5244,-31.6212,-31.7162,-31.8104,-31.9034,-31.996,-32.0873,-32.1779,-32.2674,-32.3562,-32.4443,-32.5313,-32.6177,-32.7034,-32.7878,-32.8717,-32.9551,-33.0376,-33.119,-33.1999,-33.2798,-33.3594,-33.4377,-33.5158,-33.5928,-33.6688,-33.7445,-33.819,-33.8928,-33.9659,-34.0384,-34.1098,-34.1805,-34.2502,-34.3191,-34.3877,-34.4551,-34.5213,-34.5869,-34.6517,-34.7152,-34.7781,-34.8403,-34.9017,-34.9619,-35.0214,-35.0799,-35.1374,-35.1936,-35.2495,-35.3044,-35.3577,-35.4106,-35.4624,-35.5131,-35.5627,-35.6116,-35.6597,-35.7063,-35.7522,-35.7967,-35.8407,-35.8836,-35.9253,-35.9664,-36.006,-36.0442,-36.0825,-36.119,-36.1547,-36.1891,-36.223,-36.2555,-36.2869,-36.3174,-36.3474,-36.3756,-36.403,-36.4293,-36.4548,-36.4791,-36.5026,-36.5248,-36.546,-36.5667,-36.5859,-36.6041,-36.6212,-36.6374,-36.6525,-36.6668,-36.6798,-36.692,-36.703,-36.7132,-36.7226,-36.7304,-36.7377,-36.7434,-36.7483,-36.7524,-36.7556,-36.7577,-36.7589,-36.7589,-36.7577,-36.7556,-36.7524,-36.7483,-36.7434,-36.7377,-36.7304,-36.7226,-36.7132,-36.703,-36.692,-36.6798,-36.6668,-36.6525,-36.6374,-36.6212,-36.6041,-36.5859,-36.5667,-36.546,-36.5248,-36.5026,-36.4791,-36.4548,-36.4293,-36.403,-36.3756,-36.3474,-36.3174,-36.2869,-36.2555,-36.223,-36.1891,-36.1547,-36.119,-36.0825,-36.0442,-36.006,-35.9664,-35.9253,-35.8836,-35.8407,-35.7967,-35.7522,-35.7063,-35.6597,-35.6116,-35.5627,-35.5131,-35.4624,-35.4106,-35.3577,-35.3044,-35.2495,-35.1936,-35.1374,-35.0799,-35.0214,-34.9619,-34.9017,-34.8403,-34.7781,-34.7152,-34.6517,-34.5869,-34.5213,-34.4551,-34.3877,-34.3191,-34.2502,-34.1805,-34.1098,-34.0384,-33.9659,-33.8928,-33.819,-33.7445,-33.6688,-33.5928,-33.5158,-33.4377,-33.3594,-33.2798,-33.1999,-33.119,-33.0376,-32.9551,-32.8717,-32.7878,-32.7034,-32.6177,-32.5313,-32.4443,-32.3562,-32.2674,-32.1779,-32.0873,-31.996,-31.9034,-31.8104,-31.7162,-31.6212,-31.5244,-31.4274,0,0,0,0,0,0,0,0,0,0,0,0,0,0,0,0,0,0,0,0,0,0,0,0,0,0,0,0,0,0,0,0,0,
0,0,0,0,0,0,0,0,0,0,0,0,0,0,0,0,0,0,0,0,0,0,0,0,0,0,0,0,0,0,0,0,-30.9,-30.9961,-31.0917,-31.186,-31.2793,-31.3718,-31.4632,-31.5538,-31.6434,-31.7321,-31.8198,-31.9069,-31.9934,-32.0791,-32.1637,-32.2477,-32.3306,-32.413,-32.4945,-32.5754,-32.6557,-32.7352,-32.8138,-32.8915,-32.9687,-33.0451,-33.1211,-33.1957,-33.2695,-33.3431,-33.4157,-33.4872,-33.5581,-33.6281,-33.6976,-33.7666,-33.834,-33.9011,-33.9672,-34.0323,-34.0965,-34.1602,-34.2226,-34.2843,-34.3453,-34.4057,-34.4648,-34.5225,-34.5801,-34.6367,-34.6918,-34.7466,-34.7998,-34.8527,-34.9045,-34.955,-35.0046,-35.0534,-35.1012,-35.148,-35.1942,-35.2391,-35.2826,-35.3254,-35.3674,-35.4083,-35.4485,-35.4872,-35.5251,-35.5618,-35.5978,-35.6327,-35.6668,-35.6997,-35.7316,-35.7622,-35.7925,-35.8207,-35.849,-35.8758,-35.9014,-35.9261,-35.9502,-35.9729,-35.9947,-36.0154,-36.0351,-36.0541,-36.0721,-36.089,-36.1046,-36.1195,-36.1336,-36.1461,-36.1578,-36.1691,-36.1788,-36.1876,-36.1953,-36.2025,-36.2082,-36.213,-36.2171,-36.2203,-36.2223,-36.2231,-36.2231,-36.2223,-36.2203,-36.2171,-36.213,-36.2082,-36.2025,-36.1953,-36.1876,-36.1788,-36.1691,-36.1578,-36.1461,-36.1336,-36.1195,-36.1046,-36.089,-36.0721,-36.0541,-36.0351,-36.0154,-35.9947,-35.9729,-35.9502,-35.9261,-35.9014,-35.8758,-35.849,-35.8207,-35.7925,-35.7622,-35.7316,-35.6997,-35.6668,-35.6327,-35.5978,-35.5618,-35.5251,-35.4872,-35.4485,-35.4083,-35.3674,-35.3254,-35.2826,-35.2391,-35.1942,-35.148,-35.1012,-35.0534,-35.0046,-34.955,-34.9045,-34.8527,-34.7998,-34.7466,-34.6918,-34.6367,-34.5801,-34.5225,-34.4648,-34.4057,-34.3453,-34.2843,-34.2226,-34.1602,-34.0965,-34.0323,-33.9672,-33.9011,-33.834,-33.7666,-33.6976,-33.6281,-33.5581,-33.4872,-33.4157,-33.3431,-33.2695,-33.1957,-33.1211,-33.0451,-32.9687,-32.8915,-32.8138,-32.7352,-32.6557,-32.5754,-32.4945,-32.413,-32.3306,-32.2477,-32.1637,-32.0791,-31.9934,-31.9069,-31.8198,-31.7321,-31.6434,-31.5538,-31.4632,-31.3718,-31.2793,-31.186,-31.0917,-30.9961,-30.9,0,0,0,0,0,0,0,0,0,0,0,0,0,0,0,0,0,0,0,0,0,0,0,0,0,0,0,0,0,0,0,0,
0,0,0,0,0,0,0,0,0,0,0,0,0,0,0,0,0,0,0,0,0,0,0,0,0,0,0,0,0,0,0,0,-30.4698,-30.564,-30.6577,-30.7503,-30.8419,-30.9321,-31.0217,-31.1104,-31.1982,-31.2854,-31.3717,-31.4572,-31.5419,-31.6259,-31.7089,-31.7914,-31.873,-31.954,-32.0338,-32.1134,-32.1919,-32.2699,-32.3472,-32.4234,-32.4994,-32.5741,-32.6482,-32.7219,-32.7948,-32.8668,-32.938,-33.0082,-33.078,-33.147,-33.2149,-33.282,-33.3486,-33.4144,-33.4795,-33.5436,-33.6063,-33.6686,-33.73,-33.7908,-33.8506,-33.9094,-33.9672,-34.0246,-34.0808,-34.136,-34.19,-34.2434,-34.2962,-34.3474,-34.398,-34.4479,-34.4967,-34.5441,-34.5915,-34.6374,-34.6821,-34.7258,-34.7689,-34.8107,-34.8519,-34.8919,-34.9309,-34.9689,-35.0057,-35.0421,-35.0772,-35.1114,-35.1443,-35.1765,-35.2075,-35.2378,-35.2672,-35.2953,-35.3226,-35.3485,-35.3738,-35.3979,-35.4216,-35.4434,-35.4652,-35.485,-35.5048,-35.5231,-35.5406,-35.5568,-35.5723,-35.5866,-35.6005,-35.6125,-35.6244,-35.6351,-35.6443,-35.6535,-35.6611,-35.6674,-35.6733,-35.6781,-35.6822,-35.685,-35.687,-35.6878,-35.6878,-35.687,-35.685,-35.6822,-35.6781,-35.6733,-35.6674,-35.6611,-35.6535,-35.6443,-35.6351,-35.6244,-35.6125,-35.6005,-35.5866,-35.5723,-35.5568,-35.5406,-35.5231,-35.5048,-35.485,-35.4652,-35.4434,-35.4216,-35.3979,-35.3738,-35.3485,-35.3226,-35.2953,-35.2672,-35.2378,-35.2075,-35.1765,-35.1443,-35.1114,-35.0772,-35.0421,-35.0057,-34.9689,-34.9309,-34.8919,-34.8519,-34.8107,-34.7689,-34.7258,-34.6821,-34.6374,-34.5915,-34.5441,-34.4967,-34.4479,-34.398,-34.3474,-34.2962,-34.2434,-34.19,-34.136,-34.0808,-34.0246,-33.9672,-33.9094,-33.8506,-33.7908,-33.73,-33.6686,-33.6063,-33.5436,-33.4795,-33.4144,-33.3486,-33.282,-33.2149,-33.147,-33.078,-33.0082,-32.938,-32.8668,-32.7948,-32.7219,-32.6482,-32.5741,-32.4994,-32.4234,-32.3472,-32.2699,-32.1919,-32.1134,-32.0338,-31.954,-31.873,-31.7914,-31.7089,-31.6259,-31.5419,-31.4572,-31.3717,-31.2854,-31.1982,-31.1104,-31.0217,-30.9321,-30.8419,-30.7503,-30.6577,-30.564,-30.4698,0,0,0,0,0,0,0,0,0,0,0,0,0,0,0,0,0,0,0,0,0,0,0,0,0,0,0,0,0,0,0,0,
0,0,0,0,0,0,0,0,0,0,0,0,0,0,0,0,0,0,0,0,0,0,0,0,0,0,0,0,0,0,0,-29.9451,-30.0391,-30.1316,-30.2231,-30.3133,-30.4031,-30.4921,-30.5798,-30.667,-30.7531,-30.8385,-30.9232,-31.0069,-31.0898,-31.1723,-31.2537,-31.3348,-31.4149,-31.4941,-31.5727,-31.6507,-31.7282,-31.8044,-31.8805,-31.9554,-32.0298,-32.1035,-32.1758,-32.2484,-32.3196,-32.3901,-32.4602,-32.5291,-32.5977,-32.6653,-32.7322,-32.7981,-32.8634,-32.9276,-32.9914,-33.0541,-33.1164,-33.1772,-33.2374,-33.297,-33.3555,-33.4131,-33.4699,-33.5263,-33.5812,-33.6351,-33.6886,-33.7411,-33.792,-33.8428,-33.8923,-33.9409,-33.9888,-34.0356,-34.0813,-34.1262,-34.17,-34.213,-34.2552,-34.2961,-34.3363,-34.3752,-34.4136,-34.451,-34.487,-34.5225,-34.5565,-34.5901,-34.6228,-34.6538,-34.6841,-34.714,-34.7425,-34.7697,-34.7962,-34.822,-34.8465,-34.8704,-34.8931,-34.9149,-34.9357,-34.9556,-34.9745,-34.9925,-35.0093,-35.0254,-35.0403,-35.0549,-35.0674,-35.08,-35.0911,-35.1017,-35.1107,-35.1193,-35.1268,-35.1335,-35.139,-35.1437,-35.1473,-35.15,-35.152,-35.1531,-35.1531,-35.152,-35.15,-35.1473,-35.1437,-35.139,-35.1335,-35.1268,-35.1193,-35.1107,-35.1017,-35.0911,-35.08,-35.0674,-35.0549,-35.0403,-35.0254,-35.0093,-34.9925,-34.9745,-34.9556,-34.9357,-34.9149,-34.8931,-34.8704,-34.8465,-34.822,-34.7962,-34.7697,-34.7425,-34.714,-34.6841,-34.6538,-34.6228,-34.5901,-34.5565,-34.5225,-34.487,-34.451,-34.4136,-34.3752,-34.3363,-34.2961,-34.2552,-34.213,-34.17,-34.1262,-34.0813,-34.0356,-33.9888,-33.9409,-33.8923,-33.8428,-33.792,-33.7411,-33.6886,-33.6351,-33.5812,-33.5263,-33.4699,-33.4131,-33.3555,-33.297,-33.2374,-33.1772,-33.1164,-33.0541,-32.9914,-32.9276,-32.8634,-32.7981,-32.7322,-32.6653,-32.5977,-32.5291,-32.4602,-32.3901,-32.3196,-32.2484,-32.1758,-32.1035,-32.0298,-31.9554,-31.8805,-31.8044,-31.7282,-31.6507,-31.5727,-31.4941,-31.4149,-31.3348,-31.2537,-31.1723,-31.0898,-31.0069,-30.9232,-30.8385,-30.7531,-30.667,-30.5798,-30.4921,-30.4031,-30.3133,-30.2231,-30.1316,-30.0391,-29.9451,0,0,0,0,0,0,0,0,0,0,0,0,0,0,0,0,0,0,0,0,0,0,0,0,0,0,0,0,0,0,0,
0,0,0,0,0,0,0,0,0,0,0,0,0,0,0,0,0,0,0,0,0,0,0,0,0,0,0,0,0,0,0,-29.5155,-29.607,-29.698,-29.7873,-29.8764,-29.9642,-30.051,-30.1372,-30.2225,-30.3074,-30.3911,-30.474,-30.5559,-30.6379,-30.7184,-30.7984,-30.8777,-30.9567,-31.0341,-31.1114,-31.1881,-31.2637,-31.3389,-31.4134,-31.4867,-31.5599,-31.6318,-31.7039,-31.7746,-31.8446,-31.9137,-31.9824,-32.0502,-32.117,-32.1834,-32.2491,-32.3142,-32.3779,-32.441,-32.5035,-32.5653,-32.6259,-32.6858,-32.7449,-32.8033,-32.8606,-32.9172,-32.9728,-33.0276,-33.0814,-33.1347,-33.1867,-33.2382,-33.2886,-33.3382,-33.3865,-33.4342,-33.4811,-33.527,-33.5718,-33.6155,-33.6584,-33.7005,-33.7417,-33.7818,-33.821,-33.8595,-33.8968,-33.9334,-33.9687,-34.0031,-34.0364,-34.0688,-34.1007,-34.1313,-34.1612,-34.1901,-34.2178,-34.2448,-34.2705,-34.296,-34.3198,-34.3431,-34.3655,-34.3863,-34.4064,-34.4258,-34.4448,-34.4622,-34.4785,-34.4939,-34.5087,-34.5227,-34.5355,-34.5475,-34.5588,-34.5685,-34.5774,-34.5859,-34.5934,-34.5996,-34.6054,-34.6096,-34.6136,-34.6163,-34.6178,-34.6191,-34.6191,-34.6178,-34.6163,-34.6136,-34.6096,-34.6054,-34.5996,-34.5934,-34.5859,-34.5774,-34.5685,-34.5588,-34.5475,-34.5355,-34.5227,-34.5087,-34.4939,-34.4785,-34.4622,-34.4448,-34.4258,-34.4064,-34.3863,-34.3655,-34.3431,-34.3198,-34.296,-34.2705,-34.2448,-34.2178,-34.1901,-34.1612,-34.1313,-34.1007,-34.0688,-34.0364,-34.0031,-33.9687,-33.9334,-33.8968,-33.8595,-33.821,-33.7818,-33.7417,-33.7005,-33.6584,-33.6155,-33.5718,-33.527,-33.4811,-33.4342,-33.3865,-33.3382,-33.2886,-33.2382,-33.1867,-33.1347,-33.0814,-33.0276,-32.9728,-32.9172,-32.8606,-32.8033,-32.7449,-32.6858,-32.6259,-32.5653,-32.5035,-32.441,-32.3779,-32.3142,-32.2491,-32.1834,-32.117,-32.0502,-31.9824,-31.9137,-31.8446,-31.7746,-31.7039,-31.6318,-31.5599,-31.4867,-31.4134,-31.3389,-31.2637,-31.1881,-31.1114,-31.0341,-30.9567,-30.8777,-30.7984,-30.7184,-30.6379,-30.5559,-30.474,-30.3911,-30.3074,-30.2225,-30.1372,-30.051,-29.9642,-29.8764,-29.7873,-29.698,-29.607,-29.5155,0,0,0,0,0,0,0,0,0,0,0,0,0,0,0,0,0,0,0,0,0,0,0,0,0,0,0,0,0,0,0,
0,0,0,0,0,0,0,0,0,0,0,0,0,0,0,0,0,0,0,0,0,0,0,0,0,0,0,0,0,0,-28.9943,-29.085,-29.1744,-29.2637,-29.3512,-29.4385,-29.5242,-29.6099,-29.6941,-29.7779,-29.8605,-29.9429,-30.0244,-30.1046,-30.1849,-30.2641,-30.3427,-30.4204,-30.4974,-30.574,-30.6498,-30.7246,-30.799,-30.8726,-30.9461,-31.0182,-31.0896,-31.1607,-31.231,-31.3,-31.3691,-31.437,-31.5044,-31.5708,-31.6365,-31.7018,-31.766,-31.8297,-31.8926,-31.9544,-32.0157,-32.0758,-32.1355,-32.1941,-32.2525,-32.3094,-32.3656,-32.4212,-32.4756,-32.5293,-32.5823,-32.6341,-32.6854,-32.7354,-32.785,-32.8333,-32.8806,-32.9278,-32.9734,-33.0179,-33.0622,-33.1048,-33.147,-33.1881,-33.2285,-33.2678,-33.3061,-33.3437,-33.3802,-33.4156,-33.4502,-33.4838,-33.5167,-33.5484,-33.5795,-33.6095,-33.6384,-33.6667,-33.6942,-33.7204,-33.7451,-33.7699,-33.7935,-33.816,-33.8374,-33.8584,-33.8783,-33.8969,-33.9149,-33.9322,-33.9482,-33.9637,-33.9777,-33.9916,-34.0038,-34.0157,-34.026,-34.0364,-34.0448,-34.0529,-34.0601,-34.0663,-34.0717,-34.0764,-34.0798,-34.0829,-34.0843,-34.0856,-34.0856,-34.0843,-34.0829,-34.0798,-34.0764,-34.0717,-34.0663,-34.0601,-34.0529,-34.0448,-34.0364,-34.026,-34.0157,-34.0038,-33.9916,-33.9777,-33.9637,-33.9482,-33.9322,-33.9149,-33.8969,-33.8783,-33.8584,-33.8374,-33.816,-33.7935,-33.7699,-33.7451,-33.7204,-33.6942,-33.6667,-33.6384,-33.6095,-33.5795,-33.5484,-33.5167,-33.4838,-33.4502,-33.4156,-33.3802,-33.3437,-33.3061,-33.2678,-33.2285,-33.1881,-33.147,-33.1048,-33.0622,-33.0179,-32.9734,-32.9278,-32.8806,-32.8333,-32.785,-32.7354,-32.6854,-32.6341,-32.5823,-32.5293,-32.4756,-32.4212,-32.3656,-32.3094,-32.2525,-32.1941,-32.1355,-32.0758,-32.0157,-31.9544,-31.8926,-31.8297,-31.766,-31.7018,-31.6365,-31.5708,-31.5044,-31.437,-31.3691,-31.3,-31.231,-31.1607,-31.0896,-31.0182,-30.9461,-30.8726,-30.799,-30.7246,-30.6498,-30.574,-30.4974,-30.4204,-30.3427,-30.2641,-30.1849,-30.1046,-30.0244,-29.9429,-29.8605,-29.7779,-29.6941,-29.6099,-29.5242,-29.4385,-29.3512,-29.2637,-29.1744,-29.085,-28.9943,0,0,0,0,0,0,0,0,0,0,0,0,0,0,0,0,0,0,0,0,0,0,0,0,0,0,0,0,0,0,
0,0,0,0,0,0,0,0,0,0,0,0,0,0,0,0,0,0,0,0,0,0,0,0,0,0,0,0,0,-28.4748,-28.5645,-28.6534,-28.7414,-28.8284,-28.9142,-28.9995,-29.084,-29.1674,-29.2506,-29.3322,-29.4135,-29.4945,-29.574,-29.6533,-29.7316,-29.8089,-29.8863,-29.9629,-30.0384,-30.1131,-30.1875,-30.2611,-30.334,-30.4065,-30.4782,-30.5493,-30.6191,-30.6891,-30.7579,-30.8258,-30.8932,-30.9601,-31.0263,-31.0917,-31.156,-31.2198,-31.2833,-31.3454,-31.4067,-31.4678,-31.5277,-31.587,-31.6453,-31.7028,-31.7597,-31.8159,-31.871,-31.9251,-31.9784,-32.0313,-32.0832,-32.1339,-32.1838,-32.2334,-32.2816,-32.3291,-32.3751,-32.4212,-32.466,-32.5097,-32.5523,-32.5944,-32.6361,-32.676,-32.7156,-32.7538,-32.7912,-32.828,-32.8637,-32.8982,-32.9323,-32.965,-32.9972,-33.0281,-33.0581,-33.0876,-33.1162,-33.1436,-33.1703,-33.1958,-33.2203,-33.2444,-33.2674,-33.2896,-33.3107,-33.3306,-33.3499,-33.3684,-33.3862,-33.4028,-33.4183,-33.4335,-33.4474,-33.4603,-33.4728,-33.4837,-33.4948,-33.5043,-33.5126,-33.5209,-33.5277,-33.5338,-33.5387,-33.5433,-33.5467,-33.5497,-33.5512,-33.5519,-33.5519,-33.5512,-33.5497,-33.5467,-33.5433,-33.5387,-33.5338,-33.5277,-33.5209,-33.5126,-33.5043,-33.4948,-33.4837,-33.4728,-33.4603,-33.4474,-33.4335,-33.4183,-33.4028,-33.3862,-33.3684,-33.3499,-33.3306,-33.3107,-33.2896,-33.2674,-33.2444,-33.2203,-33.1958,-33.1703,-33.1436,-33.1162,-33.0876,-33.0581,-33.0281,-32.9972,-32.965,-32.9323,-32.8982,-32.8637,-32.828,-32.7912,-32.7538,-32.7156,-32.676,-32.6361,-32.5944,-32.5523,-32.5097,-32.466,-32.4212,-32.3751,-32.3291,-32.2816,-32.2334,-32.1838,-32.1339,-32.0832,-32.0313,-31.9784,-31.9251,-31.871,-31.8159,-31.7597,-31.7028,-31.6453,-31.587,-31.5277,-31.4678,-31.4067,-31.3454,-31.2833,-31.2198,-31.156,-31.0917,-31.0263,-30.9601,-30.8932,-30.8258,-30.7579,-30.6891,-30.6191,-30.5493,-30.4782,-30.4065,-30.334,-30.2611,-30.1875,-30.1131,-30.0384,-29.9629,-29.8863,-29.8089,-29.7316,-29.6533,-29.574,-29.4945,-29.4135,-29.3322,-29.2506,-29.1674,-29.084,-28.9995,-28.9142,-28.8284,-28.7414,-28.6534,-28.5645,-28.4748,0,0,0,0,0,0,0,0,0,0,0,0,0,0,0,0,0,0,0,0,0,0,0,0,0,0,0,0,0,
0,0,0,0,0,0,0,0,0,0,0,0,0,0,0,0,0,0,0,0,0,0,0,0,0,0,0,0,0,-28.046,-28.1343,-28.2214,-28.3073,-28.3925,-28.4766,-28.5601,-28.643,-28.7247,-28.8061,-28.886,-28.966,-29.0452,-29.1233,-29.2008,-29.2782,-29.3543,-29.4294,-29.5043,-29.5788,-29.6526,-29.7251,-29.7978,-29.8691,-29.9398,-30.0104,-30.0799,-30.1489,-30.2174,-30.285,-30.3514,-30.4176,-30.4835,-30.548,-30.612,-30.6752,-30.738,-30.7997,-30.8611,-30.9213,-30.9807,-31.0396,-31.0977,-31.1548,-31.2114,-31.2672,-31.3221,-31.3759,-31.429,-31.4812,-31.5331,-31.5836,-31.6332,-31.6825,-31.7307,-31.7779,-31.8246,-31.8698,-31.9144,-31.9581,-32.0013,-32.0431,-32.0843,-32.1244,-32.1638,-32.2022,-32.24,-32.2767,-32.3127,-32.3472,-32.3814,-32.4145,-32.4463,-32.4776,-32.5083,-32.5375,-32.5664,-32.5938,-32.6209,-32.6469,-32.6719,-32.6959,-32.719,-32.7417,-32.7633,-32.7837,-32.8035,-32.8221,-32.8404,-32.8572,-32.8736,-32.8889,-32.9036,-32.9174,-32.9297,-32.942,-32.9529,-32.9633,-32.9727,-32.9809,-32.9884,-32.9955,-33.0015,-33.0063,-33.0109,-33.0143,-33.0165,-33.0184,-33.0191,-33.0191,-33.0184,-33.0165,-33.0143,-33.0109,-33.0063,-33.0015,-32.9955,-32.9884,-32.9809,-32.9727,-32.9633,-32.9529,-32.942,-32.9297,-32.9174,-32.9036,-32.8889,-32.8736,-32.8572,-32.8404,-32.8221,-32.8035,-32.7837,-32.7633,-32.7417,-32.719,-32.6959,-32.6719,-32.6469,-32.6209,-32.5938,-32.5664,-32.5375,-32.5083,-32.4776,-32.4463,-32.4145,-32.3814,-32.3472,-32.3127,-32.2767,-32.24,-32.2022,-32.1638,-32.1244,-32.0843,-32.0431,-32.0013,-31.9581,-31.9144,-31.8698,-31.8246,-31.7779,-31.7307,-31.6825,-31.6332,-31.5836,-31.5331,-31.4812,-31.429,-31.3759,-31.3221,-31.2672,-31.2114,-31.1548,-31.0977,-31.0396,-30.9807,-30.9213,-30.8611,-30.7997,-30.738,-30.6752,-30.612,-30.548,-30.4835,-30.4176,-30.3514,-30.285,-30.2174,-30.1489,-30.0799,-30.0104,-29.9398,-29.8691,-29.7978,-29.7251,-29.6526,-29.5788,-29.5043,-29.4294,-29.3543,-29.2782,-29.2008,-29.1233,-29.0452,-28.966,-28.886,-28.8061,-28.7247,-28.643,-28.5601,-28.4766,-28.3925,-28.3073,-28.2214,-28.1343,-28.046,0,0,0,0,0,0,0,0,0,0,0,0,0,0,0,0,0,0,0,0,0,0,0,0,0,0,0,0,0,
0,0,0,0,0,0,0,0,0,0,0,0,0,0,0,0,0,0,0,0,0,0,0,0,0,0,0,0,-27.5299,-27.6169,-27.703,-27.7879,-27.8721,-27.9558,-28.0381,-28.1201,-28.2014,-28.2812,-28.3613,-28.4401,-28.5183,-28.5954,-28.6725,-28.7482,-28.8238,-28.8984,-28.9725,-29.046,-29.1186,-29.1909,-29.2625,-29.3335,-29.4039,-29.4734,-29.5424,-29.6106,-29.6782,-29.745,-29.8115,-29.877,-29.9418,-30.006,-30.0696,-30.1324,-30.1947,-30.2557,-30.3167,-30.3765,-30.4356,-30.4942,-30.5513,-30.6084,-30.6645,-30.7199,-30.7744,-30.828,-30.8812,-30.9333,-30.9847,-31.0349,-31.0843,-31.1332,-31.1813,-31.2283,-31.2745,-31.3202,-31.3645,-31.4081,-31.4512,-31.4933,-31.5342,-31.5747,-31.6138,-31.6521,-31.6898,-31.7267,-31.7625,-31.7974,-31.8312,-31.8646,-31.8967,-31.9284,-31.9589,-31.9886,-32.017,-32.0452,-32.0723,-32.0983,-32.1236,-32.1482,-32.1717,-32.1941,-32.2161,-32.237,-32.2573,-32.2766,-32.295,-32.3126,-32.3291,-32.3451,-32.3601,-32.3742,-32.3874,-32.4001,-32.4118,-32.4225,-32.4321,-32.4417,-32.4498,-32.4572,-32.4639,-32.4694,-32.4747,-32.479,-32.4819,-32.4845,-32.4864,-32.4872,-32.4872,-32.4864,-32.4845,-32.4819,-32.479,-32.4747,-32.4694,-32.4639,-32.4572,-32.4498,-32.4417,-32.4321,-32.4225,-32.4118,-32.4001,-32.3874,-32.3742,-32.3601,-32.3451,-32.3291,-32.3126,-32.295,-32.2766,-32.2573,-32.237,-32.2161,-32.1941,-32.1717,-32.1482,-32.1236,-32.0983,-32.0723,-32.0452,-32.017,-31.9886,-31.9589,-31.9284,-31.8967,-31.8646,-31.8312,-31.7974,-31.7625,-31.7267,-31.6898,-31.6521,-31.6138,-31.5747,-31.5342,-31.4933,-31.4512,-31.4081,-31.3645,-31.3202,-31.2745,-31.2283,-31.1813,-31.1332,-31.0843,-31.0349,-30.9847,-30.9333,-30.8812,-30.828,-30.7744,-30.7199,-30.6645,-30.6084,-30.5513,-30.4942,-30.4356,-30.3765,-30.3167,-30.2557,-30.1947,-30.1324,-30.0696,-30.006,-29.9418,-29.877,-29.8115,-29.745,-29.6782,-29.6106,-29.5424,-29.4734,-29.4039,-29.3335,-29.2625,-29.1909,-29.1186,-29.046,-28.9725,-28.8984,-28.8238,-28.7482,-28.6725,-28.5954,-28.5183,-28.4401,-28.3613,-28.2812,-28.2014,-28.1201,-28.0381,-27.9558,-27.8721,-27.7879,-27.703,-27.6169,-27.5299,0,0,0,0,0,0,0,0,0,0,0,0,0,0,0,0,0,0,0,0,0,0,0,0,0,0,0,0,
0,0,0,0,0,0,0,0,0,0,0,0,0,0,0,0,0,0,0,0,0,0,0,0,0,0,0,0,-27.1015,-27.1867,-27.271,-27.3542,-27.4368,-27.5188,-27.5996,-27.6799,-27.7592,-27.8377,-27.9155,-27.9928,-28.0695,-28.1453,-28.2208,-28.2955,-28.3691,-28.4428,-28.5152,-28.5875,-28.6588,-28.7298,-28.7996,-28.8691,-28.9379,-29.0067,-29.074,-29.1408,-29.2073,-29.2729,-29.338,-29.4023,-29.4655,-29.5288,-29.5913,-29.6527,-29.7134,-29.7735,-29.8329,-29.8916,-29.9497,-30.0073,-30.0637,-30.119,-30.1741,-30.2285,-30.2816,-30.334,-30.3863,-30.4368,-30.4875,-30.5367,-30.5854,-30.6332,-30.6799,-30.7264,-30.7713,-30.8158,-30.8592,-30.9019,-30.9439,-30.985,-31.0255,-31.0643,-31.1032,-31.1406,-31.1774,-31.2129,-31.2483,-31.282,-31.3155,-31.3478,-31.3794,-31.41,-31.4403,-31.4692,-31.4969,-31.5244,-31.5504,-31.5761,-31.6008,-31.6247,-31.6475,-31.6696,-31.6911,-31.7114,-31.731,-31.7499,-31.7678,-31.7848,-31.8016,-31.8165,-31.8314,-31.8453,-31.8581,-31.8704,-31.8818,-31.8919,-31.9022,-31.9109,-31.9189,-31.9263,-31.9324,-31.9379,-31.9434,-31.9474,-31.9502,-31.9528,-31.9542,-31.9554,-31.9554,-31.9542,-31.9528,-31.9502,-31.9474,-31.9434,-31.9379,-31.9324,-31.9263,-31.9189,-31.9109,-31.9022,-31.8919,-31.8818,-31.8704,-31.8581,-31.8453,-31.8314,-31.8165,-31.8016,-31.7848,-31.7678,-31.7499,-31.731,-31.7114,-31.6911,-31.6696,-31.6475,-31.6247,-31.6008,-31.5761,-31.5504,-31.5244,-31.4969,-31.4692,-31.4403,-31.41,-31.3794,-31.3478,-31.3155,-31.282,-31.2483,-31.2129,-31.1774,-31.1406,-31.1032,-31.0643,-31.0255,-30.985,-30.9439,-30.9019,-30.8592,-30.8158,-30.7713,-30.7264,-30.6799,-30.6332,-30.5854,-30.5367,-30.4875,-30.4368,-30.3863,-30.334,-30.2816,-30.2285,-30.1741,-30.119,-30.0637,-30.0073,-29.9497,-29.8916,-29.8329,-29.7735,-29.7134,-29.6527,-29.5913,-29.5288,-29.4655,-29.4023,-29.338,-29.2729,-29.2073,-29.1408,-29.074,-29.0067,-28.9379,-28.8691,-28.7996,-28.7298,-28.6588,-28.5875,-28.5152,-28.4428,-28.3691,-28.2955,-28.2208,-28.1453,-28.0695,-27.9928,-27.9155,-27.8377,-27.7592,-27.6799,-27.5996,-27.5188,-27.4368,-27.3542,-27.271,-27.1867,-27.1015,0,0,0,0,0,0,0,0,0,0,0,0,0,0,0,0,0,0,0,0,0,0,0,0,0,0,0,0,
0,0,0,0,0,0,0,0,0,0,0,0,0,0,0,0,0,0,0,0,0,0,0,0,0,0,0,-26.5885,-26.6724,-26.7558,-26.8381,-26.9203,-27.0006,-27.0808,-27.1601,-27.2387,-27.3161,-27.3935,-27.4696,-27.5454,-27.6208,-27.6952,-27.769,-27.8417,-27.9144,-27.9862,-28.0577,-28.1284,-28.1981,-28.2677,-28.3365,-28.4048,-28.472,-28.5393,-28.6052,-28.671,-28.7362,-28.8005,-28.8638,-28.9272,-28.9897,-29.0513,-29.1122,-29.1726,-29.2322,-29.2914,-29.3498,-29.407,-29.4635,-29.5202,-29.5756,-29.63,-29.6836,-29.7371,-29.7893,-29.8407,-29.8914,-29.9412,-29.9902,-30.0389,-30.0861,-30.1331,-30.1788,-30.224,-30.2683,-30.3114,-30.3545,-30.3965,-30.4371,-30.477,-30.5168,-30.5547,-30.5924,-30.6291,-30.6651,-30.6997,-30.7344,-30.7677,-30.7999,-30.8316,-30.8626,-30.8925,-30.9213,-30.9499,-30.9773,-31.0036,-31.0294,-31.0543,-31.0783,-31.1017,-31.1238,-31.1458,-31.1666,-31.1861,-31.2056,-31.2238,-31.2411,-31.258,-31.2738,-31.2888,-31.3033,-31.3167,-31.3296,-31.341,-31.3522,-31.3626,-31.3719,-31.3806,-31.3885,-31.3953,-31.4019,-31.4073,-31.4119,-31.4162,-31.419,-31.4216,-31.423,-31.4237,-31.4237,-31.423,-31.4216,-31.419,-31.4162,-31.4119,-31.4073,-31.4019,-31.3953,-31.3885,-31.3806,-31.3719,-31.3626,-31.3522,-31.341,-31.3296,-31.3167,-31.3033,-31.2888,-31.2738,-31.258,-31.2411,-31.2238,-31.2056,-31.1861,-31.1666,-31.1458,-31.1238,-31.1017,-31.0783,-31.0543,-31.0294,-31.0036,-30.9773,-30.9499,-30.9213,-30.8925,-30.8626,-30.8316,-30.7999,-30.7677,-30.7344,-30.6997,-30.6651,-30.6291,-30.5924,-30.5547,-30.5168,-30.477,-30.4371,-30.3965,-30.3545,-30.3114,-30.2683,-30.224,-30.1788,-30.1331,-30.0861,-30.0389,-29.9902,-29.9412,-29.8914,-29.8407,-29.7893,-29.7371,-29.6836,-29.63,-29.5756,-29.5202,-29.4635,-29.407,-29.3498,-29.2914,-29.2322,-29.1726,-29.1122,-29.0513,-28.9897,-28.9272,-28.8638,-28.8005,-28.7362,-28.671,-28.6052,-28.5393,-28.472,-28.4048,-28.3365,-28.2677,-28.1981,-28.1284,-28.0577,-27.9862,-27.9144,-27.8417,-27.769,-27.6952,-27.6208,-27.5454,-27.4696,-27.3935,-27.3161,-27.2387,-27.1601,-27.0808,-27.0006,-26.9203,-26.8381,-26.7558,-26.6724,-26.5885,0,0,0,0,0,0,0,0,0,0,0,0,0,0,0,0,0,0,0,0,0,0,0,0,0,0,0,
0,0,0,0,0,0,0,0,0,0,0,0,0,0,0,0,0,0,0,0,0,0,0,0,0,0,0,-26.1602,-26.2424,-26.3241,-26.4049,-26.485,-26.5642,-26.6424,-26.7199,-26.797,-26.8732,-26.9484,-27.0237,-27.0977,-27.1711,-27.244,-27.3168,-27.3883,-27.4594,-27.5298,-27.5997,-27.6687,-27.7375,-27.8054,-27.8728,-27.9397,-28.0059,-28.0718,-28.1369,-28.2011,-28.2648,-28.3281,-28.3905,-28.4519,-28.5131,-28.5739,-28.6338,-28.6925,-28.7515,-28.8088,-28.8659,-28.9222,-28.9777,-29.0327,-29.0871,-29.1403,-29.1935,-29.2453,-29.2965,-29.3464,-29.3965,-29.4452,-29.4933,-29.5406,-29.5873,-29.6328,-29.6776,-29.7219,-29.7653,-29.8077,-29.8494,-29.8902,-29.93,-29.9695,-30.0079,-30.0452,-30.0822,-30.1178,-30.153,-30.1868,-30.2205,-30.253,-30.2848,-30.3154,-30.3455,-30.3747,-30.4032,-30.4308,-30.4575,-30.4836,-30.5087,-30.5326,-30.5559,-30.5793,-30.6007,-30.6218,-30.6419,-30.6618,-30.6805,-30.6978,-30.7152,-30.7312,-30.7472,-30.7617,-30.7751,-30.7886,-30.8011,-30.8124,-30.8231,-30.833,-30.8426,-30.8507,-30.8586,-30.8653,-30.8713,-30.8771,-30.8812,-30.8852,-30.8884,-30.8905,-30.8919,-30.8931,-30.8931,-30.8919,-30.8905,-30.8884,-30.8852,-30.8812,-30.8771,-30.8713,-30.8653,-30.8586,-30.8507,-30.8426,-30.833,-30.8231,-30.8124,-30.8011,-30.7886,-30.7751,-30.7617,-30.7472,-30.7312,-30.7152,-30.6978,-30.6805,-30.6618,-30.6419,-30.6218,-30.6007,-30.5793,-30.5559,-30.5326,-30.5087,-30.4836,-30.4575,-30.4308,-30.4032,-30.3747,-30.3455,-30.3154,-30.2848,-30.253,-30.2205,-30.1868,-30.153,-30.1178,-30.0822,-30.0452,-30.0079,-29.9695,-29.93,-29.8902,-29.8494,-29.8077,-29.7653,-29.7219,-29.6776,-29.6328,-29.5873,-29.5406,-29.4933,-29.4452,-29.3965,-29.3464,-29.2965,-29.2453,-29.1935,-29.1403,-29.0871,-29.0327,-28.9777,-28.9222,-28.8659,-28.8088,-28.7515,-28.6925,-28.6338,-28.5739,-28.5131,-28.4519,-28.3905,-28.3281,-28.2648,-28.2011,-28.1369,-28.0718,-28.0059,-27.9397,-27.8728,-27.8054,-27.7375,-27.6687,-27.5997,-27.5298,-27.4594,-27.3883,-27.3168,-27.244,-27.1711,-27.0977,-27.0237,-26.9484,-26.8732,-26.797,-26.7199,-26.6424,-26.5642,-26.485,-26.4049,-26.3241,-26.2424,-26.1602,0,0,0,0,0,0,0,0,0,0,0,0,0,0,0,0,0,0,0,0,0,0,0,0,0,0,0,
0,0,0,0,0,0,0,0,0,0,0,0,0,0,0,0,0,0,0,0,0,0,0,0,0,0,-25.6499,-25.7318,-25.8121,-25.8923,-25.9712,-26.0489,-26.1268,-26.2034,-26.2794,-26.355,-26.4291,-26.5033,-26.577,-26.6494,-26.7213,-26.7931,-26.8638,-26.9339,-27.0039,-27.0726,-27.1415,-27.2092,-27.2761,-27.3432,-27.409,-27.4748,-27.5396,-27.6043,-27.6675,-27.7308,-27.7931,-27.8553,-27.9161,-27.9765,-28.0368,-28.096,-28.1545,-28.2125,-28.2695,-28.3262,-28.3821,-28.4376,-28.4923,-28.5456,-28.5985,-28.651,-28.7024,-28.7535,-28.8038,-28.8527,-28.9018,-28.9495,-28.9967,-29.0426,-29.0884,-29.1332,-29.1769,-29.2199,-29.2624,-29.3037,-29.3446,-29.3845,-29.4235,-29.4615,-29.4992,-29.536,-29.5715,-29.6065,-29.6407,-29.6742,-29.7067,-29.7385,-29.7693,-29.7997,-29.8289,-29.8573,-29.8851,-29.912,-29.9385,-29.9635,-29.988,-30.0119,-30.0345,-30.0569,-30.0779,-30.0985,-30.1179,-30.1369,-30.1555,-30.1729,-30.1894,-30.2052,-30.2201,-30.2345,-30.2478,-30.2608,-30.273,-30.2843,-30.2948,-30.3041,-30.3133,-30.3213,-30.3287,-30.3358,-30.342,-30.3468,-30.3514,-30.3553,-30.3581,-30.3606,-30.362,-30.3627,-30.3627,-30.362,-30.3606,-30.3581,-30.3553,-30.3514,-30.3468,-30.342,-30.3358,-30.3287,-30.3213,-30.3133,-30.3041,-30.2948,-30.2843,-30.273,-30.2608,-30.2478,-30.2345,-30.2201,-30.2052,-30.1894,-30.1729,-30.1555,-30.1369,-30.1179,-30.0985,-30.0779,-30.0569,-30.0345,-30.0119,-29.988,-29.9635,-29.9385,-29.912,-29.8851,-29.8573,-29.8289,-29.7997,-29.7693,-29.7385,-29.7067,-29.6742,-29.6407,-29.6065,-29.5715,-29.536,-29.4992,-29.4615,-29.4235,-29.3845,-29.3446,-29.3037,-29.2624,-29.2199,-29.1769,-29.1332,-29.0884,-29.0426,-28.9967,-28.9495,-28.9018,-28.8527,-28.8038,-28.7535,-28.7024,-28.651,-28.5985,-28.5456,-28.4923,-28.4376,-28.3821,-28.3262,-28.2695,-28.2125,-28.1545,-28.096,-28.0368,-27.9765,-27.9161,-27.8553,-27.7931,-27.7308,-27.6675,-27.6043,-27.5396,-27.4748,-27.409,-27.3432,-27.2761,-27.2092,-27.1415,-27.0726,-27.0039,-26.9339,-26.8638,-26.7931,-26.7213,-26.6494,-26.577,-26.5033,-26.4291,-26.355,-26.2794,-26.2034,-26.1268,-26.0489,-25.9712,-25.8923,-25.8121,-25.7318,-25.6499,0,0,0,0,0,0,0,0,0,0,0,0,0,0,0,0,0,0,0,0,0,0,0,0,0,0,
0,0,0,0,0,0,0,0,0,0,0,0,0,0,0,0,0,0,0,0,0,0,0,0,0,-25.1416,-25.2222,-25.3021,-25.3813,-25.4593,-25.5362,-25.6129,-25.6886,-25.7638,-25.8381,-25.9121,-25.9852,-26.0573,-26.1293,-26.2008,-26.2712,-26.3416,-26.4106,-26.4797,-26.5476,-26.6153,-26.6827,-26.7495,-26.8149,-26.8804,-26.9452,-27.0096,-27.0732,-27.1358,-27.1982,-27.2601,-27.3213,-27.3821,-27.4418,-27.5014,-27.5602,-27.6182,-27.6753,-27.7323,-27.7885,-27.8437,-27.8988,-27.9524,-28.0056,-28.0584,-28.1101,-28.1616,-28.2124,-28.2618,-28.3113,-28.3593,-28.407,-28.4539,-28.4994,-28.545,-28.5894,-28.633,-28.6757,-28.718,-28.7593,-28.7997,-28.8397,-28.8787,-28.9169,-28.954,-28.9909,-29.0267,-29.0616,-29.0956,-29.129,-29.1618,-29.1934,-29.2244,-29.2546,-29.2841,-29.3124,-29.3407,-29.3675,-29.3939,-29.4189,-29.4437,-29.4677,-29.4907,-29.5128,-29.5346,-29.5551,-29.5756,-29.5945,-29.6131,-29.6308,-29.6476,-29.6639,-29.679,-29.6943,-29.708,-29.7212,-29.7337,-29.745,-29.7561,-29.7665,-29.7761,-29.7847,-29.7926,-29.7999,-29.8064,-29.8123,-29.8176,-29.8216,-29.8255,-29.8282,-29.8307,-29.8321,-29.8328,-29.8328,-29.8321,-29.8307,-29.8282,-29.8255,-29.8216,-29.8176,-29.8123,-29.8064,-29.7999,-29.7926,-29.7847,-29.7761,-29.7665,-29.7561,-29.745,-29.7337,-29.7212,-29.708,-29.6943,-29.679,-29.6639,-29.6476,-29.6308,-29.6131,-29.5945,-29.5756,-29.5551,-29.5346,-29.5128,-29.4907,-29.4677,-29.4437,-29.4189,-29.3939,-29.3675,-29.3407,-29.3124,-29.2841,-29.2546,-29.2244,-29.1934,-29.1618,-29.129,-29.0956,-29.0616,-29.0267,-28.9909,-28.954,-28.9169,-28.8787,-28.8397,-28.7997,-28.7593,-28.718,-28.6757,-28.633,-28.5894,-28.545,-28.4994,-28.4539,-28.407,-28.3593,-28.3113,-28.2618,-28.2124,-28.1616,-28.1101,-28.0584,-28.0056,-27.9524,-27.8988,-27.8437,-27.7885,-27.7323,-27.6753,-27.6182,-27.5602,-27.5014,-27.4418,-27.3821,-27.3213,-27.2601,-27.1982,-27.1358,-27.0732,-27.0096,-26.9452,-26.8804,-26.8149,-26.7495,-26.6827,-26.6153,-26.5476,-26.4797,-26.4106,-26.3416,-26.2712,-26.2008,-26.1293,-26.0573,-25.9852,-25.9121,-25.8381,-25.7638,-25.6886,-25.6129,-25.5362,-25.4593,-25.3813,-25.3021,-25.2222,-25.1416,0,0,0,0,0,0,0,0,0,0,0,0,0,0,0,0,0,0,0,0,0,0,0,0,0,
0,0,0,0,0,0,0,0,0,0,0,0,0,0,0,0,0,0,0,0,0,0,0,0,0,-24.7154,-24.7942,-24.8719,-24.9489,-25.0254,-25.1013,-25.1761,-25.2502,-25.3236,-25.3966,-25.4688,-25.5406,-25.6116,-25.6816,-25.7516,-25.821,-25.889,-25.9572,-26.0249,-26.0918,-26.1582,-26.2238,-26.289,-26.3536,-26.4176,-26.481,-26.5436,-26.6064,-26.6681,-26.7289,-26.7899,-26.8497,-26.9088,-26.9679,-27.0257,-27.083,-27.1402,-27.1962,-27.2518,-27.3071,-27.3611,-27.4149,-27.4678,-27.5195,-27.5712,-27.6223,-27.672,-27.722,-27.7704,-27.8183,-27.8656,-27.9117,-27.9577,-28.0025,-28.0467,-28.09,-28.133,-28.1751,-28.2162,-28.2566,-28.2962,-28.3352,-28.373,-28.4101,-28.4465,-28.4824,-28.5176,-28.5515,-28.5848,-28.6174,-28.6494,-28.6801,-28.7103,-28.7402,-28.7685,-28.7966,-28.8239,-28.8502,-28.8756,-28.9004,-28.924,-28.9475,-28.9699,-28.9921,-29.0131,-29.0328,-29.0525,-29.0713,-29.0892,-29.1063,-29.1231,-29.139,-29.154,-29.1679,-29.1816,-29.1946,-29.2067,-29.2184,-29.2289,-29.2388,-29.248,-29.2565,-29.2644,-29.2716,-29.2776,-29.2834,-29.2886,-29.2926,-29.296,-29.2992,-29.3012,-29.3025,-29.3032,-29.3032,-29.3025,-29.3012,-29.2992,-29.296,-29.2926,-29.2886,-29.2834,-29.2776,-29.2716,-29.2644,-29.2565,-29.248,-29.2388,-29.2289,-29.2184,-29.2067,-29.1946,-29.1816,-29.1679,-29.154,-29.139,-29.1231,-29.1063,-29.0892,-29.0713,-29.0525,-29.0328,-29.0131,-28.9921,-28.9699,-28.9475,-28.924,-28.9004,-28.8756,-28.8502,-28.8239,-28.7966,-28.7685,-28.7402,-28.7103,-28.6801,-28.6494,-28.6174,-28.5848,-28.5515,-28.5176,-28.4824,-28.4465,-28.4101,-28.373,-28.3352,-28.2962,-28.2566,-28.2162,-28.1751,-28.133,-28.09,-28.0467,-28.0025,-27.9577,-27.9117,-27.8656,-27.8183,-27.7704,-27.722,-27.672,-27.6223,-27.5712,-27.5195,-27.4678,-27.4149,-27.3611,-27.3071,-27.2518,-27.1962,-27.1402,-27.083,-27.0257,-26.9679,-26.9088,-26.8497,-26.7899,-26.7289,-26.6681,-26.6064,-26.5436,-26.481,-26.4176,-26.3536,-26.289,-26.2238,-26.1582,-26.0918,-26.0249,-25.9572,-25.889,-25.821,-25.7516,-25.6816,-25.6116,-25.5406,-25.4688,-25.3966,-25.3236,-25.2502,-25.1761,-25.1013,-25.0254,-24.9489,-24.8719,-24.7942,-24.7154,0,0,0,0,0,0,0,0,0,0,0,0,0,0,0,0,0,0,0,0,0,0,0,0,0,
0,0,0,0,0,0,0,0,0,0,0,0,0,0,0,0,0,0,0,0,0,0,0,0,-24.2099,-24.2878,-24.3651,-24.4413,-24.5168,-24.5913,-24.6655,-24.7387,-24.8112,-24.8833,-24.9545,-25.0253,-25.0956,-25.1647,-25.2336,-25.302,-25.3698,-25.437,-25.5036,-25.5697,-25.6352,-25.6999,-25.7643,-25.8285,-25.8915,-25.9541,-26.0166,-26.0783,-26.139,-26.1996,-26.2596,-26.3185,-26.3772,-26.4356,-26.4932,-26.5502,-26.6063,-26.6622,-26.7167,-26.7713,-26.8251,-26.8784,-26.9305,-26.9827,-27.0335,-27.0842,-27.1338,-27.1827,-27.2309,-27.2786,-27.3253,-27.3715,-27.4169,-27.462,-27.5059,-27.549,-27.5913,-27.6331,-27.674,-27.7142,-27.7536,-27.7923,-27.8305,-27.8676,-27.9039,-27.9397,-27.9747,-28.0084,-28.042,-28.0745,-28.1063,-28.1369,-28.1676,-28.1968,-28.2254,-28.2532,-28.2806,-28.3071,-28.3327,-28.3575,-28.3816,-28.405,-28.4278,-28.45,-28.4707,-28.4916,-28.5111,-28.5302,-28.5483,-28.5661,-28.5829,-28.5986,-28.6142,-28.6285,-28.643,-28.6561,-28.6685,-28.6802,-28.6913,-28.7018,-28.7115,-28.7206,-28.7286,-28.7364,-28.7435,-28.7495,-28.7553,-28.7599,-28.7639,-28.7677,-28.7703,-28.7723,-28.7737,-28.7743,-28.7743,-28.7737,-28.7723,-28.7703,-28.7677,-28.7639,-28.7599,-28.7553,-28.7495,-28.7435,-28.7364,-28.7286,-28.7206,-28.7115,-28.7018,-28.6913,-28.6802,-28.6685,-28.6561,-28.643,-28.6285,-28.6142,-28.5986,-28.5829,-28.5661,-28.5483,-28.5302,-28.5111,-28.4916,-28.4707,-28.45,-28.4278,-28.405,-28.3816,-28.3575,-28.3327,-28.3071,-28.2806,-28.2532,-28.2254,-28.1968,-28.1676,-28.1369,-28.1063,-28.0745,-28.042,-28.0084,-27.9747,-27.9397,-27.9039,-27.8676,-27.8305,-27.7923,-27.7536,-27.7142,-27.674,-27.6331,-27.5913,-27.549,-27.5059,-27.462,-27.4169,-27.3715,-27.3253,-27.2786,-27.2309,-27.1827,-27.1338,-27.0842,-27.0335,-26.9827,-26.9305,-26.8784,-26.8251,-26.7713,-26.7167,-26.6622,-26.6063,-26.5502,-26.4932,-26.4356,-26.3772,-26.3185,-26.2596,-26.1996,-26.139,-26.0783,-26.0166,-25.9541,-25.8915,-25.8285,-25.7643,-25.6999,-25.6352,-25.5697,-25.5036,-25.437,-25.3698,-25.302,-25.2336,-25.1647,-25.0956,-25.0253,-24.9545,-24.8833,-24.8112,-24.7387,-24.6655,-24.5913,-24.5168,-24.4413,-24.3651,-24.2878,-24.2099,0,0,0,0,0,0,0,0,0,0,0,0,0,0,0,0,0,0,0,0,0,0,0,0,
0,0,0,0,0,0,0,0,0,0,0,0,0,0,0,0,0,0,0,0,0,0,0,0,-23.784,-23.8598,-23.935,-24.0096,-24.0837,-24.1565,-24.2292,-24.3009,-24.3721,-24.4424,-24.5118,-24.5812,-24.6497,-24.7179,-24.7854,-24.8524,-24.9186,-24.9843,-25.0495,-25.1139,-25.1783,-25.242,-25.3051,-25.3673,-25.4295,-25.491,-25.5519,-25.6122,-25.672,-25.7311,-25.7897,-25.8477,-25.905,-25.9624,-26.0183,-26.0739,-26.1294,-26.1836,-26.2374,-26.2909,-26.3434,-26.3953,-26.4463,-26.4975,-26.5474,-26.5968,-26.645,-26.693,-26.7405,-26.7867,-26.8328,-26.8778,-26.9221,-26.966,-27.009,-27.051,-27.0926,-27.1331,-27.1732,-27.2124,-27.2511,-27.2889,-27.3259,-27.3619,-27.3974,-27.4323,-27.4664,-27.4996,-27.5324,-27.5639,-27.5951,-27.6248,-27.6545,-27.683,-27.7115,-27.7387,-27.7651,-27.7904,-27.8159,-27.8399,-27.8638,-27.8863,-27.9084,-27.9299,-27.9505,-27.9702,-27.9895,-28.0083,-28.0259,-28.0428,-28.0589,-28.0752,-28.0902,-28.1044,-28.1175,-28.1305,-28.1428,-28.1544,-28.1649,-28.1753,-28.1849,-28.1935,-28.2013,-28.2091,-28.2156,-28.222,-28.2273,-28.2319,-28.2358,-28.2391,-28.2422,-28.2442,-28.2455,-28.2462,-28.2462,-28.2455,-28.2442,-28.2422,-28.2391,-28.2358,-28.2319,-28.2273,-28.222,-28.2156,-28.2091,-28.2013,-28.1935,-28.1849,-28.1753,-28.1649,-28.1544,-28.1428,-28.1305,-28.1175,-28.1044,-28.0902,-28.0752,-28.0589,-28.0428,-28.0259,-28.0083,-27.9895,-27.9702,-27.9505,-27.9299,-27.9084,-27.8863,-27.8638,-27.8399,-27.8159,-27.7904,-27.7651,-27.7387,-27.7115,-27.683,-27.6545,-27.6248,-27.5951,-27.5639,-27.5324,-27.4996,-27.4664,-27.4323,-27.3974,-27.3619,-27.3259,-27.2889,-27.2511,-27.2124,-27.1732,-27.1331,-27.0926,-27.051,-27.009,-26.966,-26.9221,-26.8778,-26.8328,-26.7867,-26.7405,-26.693,-26.645,-26.5968,-26.5474,-26.4975,-26.4463,-26.3953,-26.3434,-26.2909,-26.2374,-26.1836,-26.1294,-26.0739,-26.0183,-25.9624,-25.905,-25.8477,-25.7897,-25.7311,-25.672,-25.6122,-25.5519,-25.491,-25.4295,-25.3673,-25.3051,-25.242,-25.1783,-25.1139,-25.0495,-24.9843,-24.9186,-24.8524,-24.7854,-24.7179,-24.6497,-24.5812,-24.5118,-24.4424,-24.3721,-24.3009,-24.2292,-24.1565,-24.0837,-24.0096,-23.935,-23.8598,-23.784,0,0,0,0,0,0,0,0,0,0,0,0,0,0,0,0,0,0,0,0,0,0,0,0,
0,0,0,0,0,0,0,0,0,0,0,0,0,0,0,0,0,0,0,0,0,0,0,0,-23.3571,-23.4313,-23.5051,-23.5776,-23.6502,-23.7215,-23.7922,-23.8624,-23.9318,-24.0009,-24.0693,-24.1369,-24.2036,-24.2702,-24.3362,-24.4017,-24.4669,-24.5313,-24.5949,-24.6586,-24.7209,-24.7834,-24.8453,-24.9065,-24.9672,-25.0272,-25.0867,-25.1455,-25.2045,-25.2621,-25.3199,-25.3763,-25.4327,-25.4886,-25.5438,-25.5984,-25.6519,-25.7052,-25.758,-25.8101,-25.8617,-25.9126,-25.9624,-26.012,-26.0612,-26.1091,-26.1568,-26.2033,-26.2494,-26.2949,-26.3401,-26.3842,-26.4273,-26.47,-26.5122,-26.5533,-26.5937,-26.6335,-26.6725,-26.7111,-26.7488,-26.7853,-26.8215,-26.8568,-26.8912,-26.9254,-26.9588,-26.9909,-27.0226,-27.0533,-27.0837,-27.1132,-27.1422,-27.1699,-27.1975,-27.224,-27.2497,-27.2748,-27.2993,-27.3226,-27.3458,-27.3679,-27.3896,-27.4103,-27.4303,-27.4498,-27.4684,-27.4865,-27.5038,-27.5202,-27.5363,-27.5512,-27.566,-27.5801,-27.5931,-27.6055,-27.6177,-27.6287,-27.6391,-27.6494,-27.6585,-27.6669,-27.6747,-27.6819,-27.6884,-27.6948,-27.7,-27.7042,-27.7081,-27.7114,-27.714,-27.716,-27.7173,-27.7179,-27.7179,-27.7173,-27.716,-27.714,-27.7114,-27.7081,-27.7042,-27.7,-27.6948,-27.6884,-27.6819,-27.6747,-27.6669,-27.6585,-27.6494,-27.6391,-27.6287,-27.6177,-27.6055,-27.5931,-27.5801,-27.566,-27.5512,-27.5363,-27.5202,-27.5038,-27.4865,-27.4684,-27.4498,-27.4303,-27.4103,-27.3896,-27.3679,-27.3458,-27.3226,-27.2993,-27.2748,-27.2497,-27.224,-27.1975,-27.1699,-27.1422,-27.1132,-27.0837,-27.0533,-27.0226,-26.9909,-26.9588,-26.9254,-26.8912,-26.8568,-26.8215,-26.7853,-26.7488,-26.7111,-26.6725,-26.6335,-26.5937,-26.5533,-26.5122,-26.47,-26.4273,-26.3842,-26.3401,-26.2949,-26.2494,-26.2033,-26.1568,-26.1091,-26.0612,-26.012,-25.9624,-25.9126,-25.8617,-25.8101,-25.758,-25.7052,-25.6519,-25.5984,-25.5438,-25.4886,-25.4327,-25.3763,-25.3199,-25.2621,-25.2045,-25.1455,-25.0867,-25.0272,-24.9672,-24.9065,-24.8453,-24.7834,-24.7209,-24.6586,-24.5949,-24.5313,-24.4669,-24.4017,-24.3362,-24.2702,-24.2036,-24.1369,-24.0693,-24.0009,-23.9318,-23.8624,-23.7922,-23.7215,-23.6502,-23.5776,-23.5051,-23.4313,-23.3571,0,0,0,0,0,0,0,0,0,0,0,0,0,0,0,0,0,0,0,0,0,0,0,0,
0,0,0,0,0,0,0,0,0,0,0,0,0,0,0,0,0,0,0,0,0,0,0,-22.8557,-22.9295,-23.0019,-23.0741,-23.145,-23.216,-23.2858,-23.3551,-23.4232,-23.4913,-23.5589,-23.6257,-23.6919,-23.7576,-23.8229,-23.8874,-23.9512,-24.0146,-24.078,-24.1402,-24.2022,-24.2639,-24.3248,-24.3851,-24.4449,-24.5043,-24.5632,-24.6214,-24.6792,-24.7367,-24.7935,-24.8496,-24.9053,-24.9602,-25.0146,-25.0683,-25.122,-25.1748,-25.2267,-25.2785,-25.3292,-25.3794,-25.4295,-25.4783,-25.5266,-25.5742,-25.6219,-25.6681,-25.714,-25.759,-25.8032,-25.847,-25.8903,-25.9324,-25.9744,-26.0152,-26.0553,-26.0949,-26.1338,-26.172,-26.2091,-26.2462,-26.2821,-26.3172,-26.3518,-26.3856,-26.4186,-26.451,-26.4822,-26.5135,-26.5436,-26.573,-26.6019,-26.6295,-26.6571,-26.6833,-26.709,-26.7347,-26.7592,-26.7829,-26.8058,-26.8278,-26.8497,-26.8707,-26.8908,-26.9106,-26.9292,-26.9472,-26.9653,-26.982,-26.9981,-27.0135,-27.0283,-27.0425,-27.056,-27.0689,-27.0811,-27.0927,-27.1036,-27.1139,-27.1236,-27.1326,-27.1407,-27.1485,-27.1556,-27.162,-27.1678,-27.1725,-27.177,-27.1808,-27.1841,-27.1866,-27.1886,-27.1899,-27.1905,-27.1905,-27.1899,-27.1886,-27.1866,-27.1841,-27.1808,-27.177,-27.1725,-27.1678,-27.162,-27.1556,-27.1485,-27.1407,-27.1326,-27.1236,-27.1139,-27.1036,-27.0927,-27.0811,-27.0689,-27.056,-27.0425,-27.0283,-27.0135,-26.9981,-26.982,-26.9653,-26.9472,-26.9292,-26.9106,-26.8908,-26.8707,-26.8497,-26.8278,-26.8058,-26.7829,-26.7592,-26.7347,-26.709,-26.6833,-26.6571,-26.6295,-26.6019,-26.573,-26.5436,-26.5135,-26.4822,-26.451,-26.4186,-26.3856,-26.3518,-26.3172,-26.2821,-26.2462,-26.2091,-26.172,-26.1338,-26.0949,-26.0553,-26.0152,-25.9744,-25.9324,-25.8903,-25.847,-25.8032,-25.759,-25.714,-25.6681,-25.6219,-25.5742,-25.5266,-25.4783,-25.4295,-25.3794,-25.3292,-25.2785,-25.2267,-25.1748,-25.122,-25.0683,-25.0146,-24.9602,-24.9053,-24.8496,-24.7935,-24.7367,-24.6792,-24.6214,-24.5632,-24.5043,-24.4449,-24.3851,-24.3248,-24.2639,-24.2022,-24.1402,-24.078,-24.0146,-23.9512,-23.8874,-23.8229,-23.7576,-23.6919,-23.6257,-23.5589,-23.4913,-23.4232,-23.3551,-23.2858,-23.216,-23.145,-23.0741,-23.0019,-22.9295,-22.8557,0,0,0,0,0,0,0,0,0,0,0,0,0,0,0,0,0,0,0,0,0,0,0,
0,0,0,0,0,0,0,0,0,0,0,0,0,0,0,0,0,0,0,0,0,0,0,-22.4291,-22.5011,-22.5724,-22.6426,-22.7121,-22.7812,-22.8494,-22.9172,-22.9843,-23.0505,-23.1163,-23.1819,-23.2467,-23.3109,-23.3745,-23.4376,-23.5,-23.5625,-23.6239,-23.6852,-23.7458,-23.806,-23.8654,-23.9249,-23.9833,-24.0417,-24.0993,-24.156,-24.2125,-24.2688,-24.3243,-24.3791,-24.4337,-24.4873,-24.5407,-24.5936,-24.6453,-24.697,-24.748,-24.7987,-24.8485,-24.8976,-24.9457,-24.9939,-25.0413,-25.088,-25.1341,-25.1793,-25.2243,-25.2684,-25.3115,-25.354,-25.3965,-25.4378,-25.4783,-25.5185,-25.5577,-25.5965,-25.6339,-25.6713,-25.7077,-25.7435,-25.7789,-25.8133,-25.8464,-25.8796,-25.912,-25.9433,-25.9744,-26.0044,-26.0338,-26.0624,-26.0905,-26.1172,-26.1442,-26.1702,-26.1951,-26.2194,-26.2437,-26.2667,-26.2889,-26.3108,-26.3318,-26.3524,-26.3715,-26.3907,-26.4094,-26.4272,-26.4439,-26.4604,-26.4764,-26.4912,-26.5059,-26.5194,-26.5328,-26.545,-26.5572,-26.5682,-26.5791,-26.589,-26.5981,-26.607,-26.6153,-26.6225,-26.6295,-26.6359,-26.6412,-26.6463,-26.6508,-26.6546,-26.6578,-26.6598,-26.6615,-26.6628,-26.6634,-26.6634,-26.6628,-26.6615,-26.6598,-26.6578,-26.6546,-26.6508,-26.6463,-26.6412,-26.6359,-26.6295,-26.6225,-26.6153,-26.607,-26.5981,-26.589,-26.5791,-26.5682,-26.5572,-26.545,-26.5328,-26.5194,-26.5059,-26.4912,-26.4764,-26.4604,-26.4439,-26.4272,-26.4094,-26.3907,-26.3715,-26.3524,-26.3318,-26.3108,-26.2889,-26.2667,-26.2437,-26.2194,-26.1951,-26.1702,-26.1442,-26.1172,-26.0905,-26.0624,-26.0338,-26.0044,-25.9744,-25.9433,-25.912,-25.8796,-25.8464,-25.8133,-25.7789,-25.7435,-25.7077,-25.6713,-25.6339,-25.5965,-25.5577,-25.5185,-25.4783,-25.4378,-25.3965,-25.354,-25.3115,-25.2684,-25.2243,-25.1793,-25.1341,-25.088,-25.0413,-24.9939,-24.9457,-24.8976,-24.8485,-24.7987,-24.748,-24.697,-24.6453,-24.5936,-24.5407,-24.4873,-24.4337,-24.3791,-24.3243,-24.2688,-24.2125,-24.156,-24.0993,-24.0417,-23.9833,-23.9249,-23.8654,-23.806,-23.7458,-23.6852,-23.6239,-23.5625,-23.5,-23.4376,-23.3745,-23.3109,-23.2467,-23.1819,-23.1163,-23.0505,-22.9843,-22.9172,-22.8494,-22.7812,-22.7121,-22.6426,-22.5724,-22.5011,-22.4291,0,0,0,0,0,0,0,0,0,0,0,0,0,0,0,0,0,0,0,0,0,0,0,
0,0,0,0,0,0,0,0,0,0,0,0,0,0,0,0,0,0,0,0,0,0,-21.9317,-22.0021,-22.0726,-22.1418,-22.2104,-22.2784,-22.346,-22.4125,-22.4787,-22.5444,-22.6089,-22.6736,-22.7376,-22.8009,-22.8636,-22.9258,-22.9875,-23.0491,-23.1094,-23.17,-23.2297,-23.289,-23.3477,-23.4065,-23.4644,-23.5213,-23.5782,-23.6345,-23.6907,-23.7457,-23.8002,-23.8548,-23.9087,-23.962,-24.0145,-24.0667,-24.1182,-24.169,-24.2193,-24.2696,-24.3185,-24.3671,-24.4154,-24.4628,-24.5098,-24.5558,-24.6013,-24.6465,-24.6906,-24.7342,-24.7772,-24.82,-24.8619,-24.9028,-24.9432,-24.9825,-25.0216,-25.0601,-25.0974,-25.1348,-25.171,-25.2064,-25.2413,-25.2755,-25.309,-25.3419,-25.3737,-25.4054,-25.4357,-25.4657,-25.4954,-25.524,-25.552,-25.5791,-25.6054,-25.6314,-25.6567,-25.6809,-25.7051,-25.728,-25.7504,-25.7725,-25.7937,-25.814,-25.8337,-25.8529,-25.8719,-25.8897,-25.9069,-25.9234,-25.9394,-25.9547,-25.9694,-25.9834,-25.9968,-26.0096,-26.0218,-26.0336,-26.0445,-26.0547,-26.0643,-26.0739,-26.0822,-26.0899,-26.0976,-26.1038,-26.1101,-26.1153,-26.1204,-26.1243,-26.1281,-26.1313,-26.1338,-26.1352,-26.1365,-26.1371,-26.1371,-26.1365,-26.1352,-26.1338,-26.1313,-26.1281,-26.1243,-26.1204,-26.1153,-26.1101,-26.1038,-26.0976,-26.0899,-26.0822,-26.0739,-26.0643,-26.0547,-26.0445,-26.0336,-26.0218,-26.0096,-25.9968,-25.9834,-25.9694,-25.9547,-25.9394,-25.9234,-25.9069,-25.8897,-25.8719,-25.8529,-25.8337,-25.814,-25.7937,-25.7725,-25.7504,-25.728,-25.7051,-25.6809,-25.6567,-25.6314,-25.6054,-25.5791,-25.552,-25.524,-25.4954,-25.4657,-25.4357,-25.4054,-25.3737,-25.3419,-25.309,-25.2755,-25.2413,-25.2064,-25.171,-25.1348,-25.0974,-25.0601,-25.0216,-24.9825,-24.9432,-24.9028,-24.8619,-24.82,-24.7772,-24.7342,-24.6906,-24.6465,-24.6013,-24.5558,-24.5098,-24.4628,-24.4154,-24.3671,-24.3185,-24.2696,-24.2193,-24.169,-24.1182,-24.0667,-24.0145,-23.962,-23.9087,-23.8548,-23.8002,-23.7457,-23.6907,-23.6345,-23.5782,-23.5213,-23.4644,-23.4065,-23.3477,-23.289,-23.2297,-23.17,-23.1094,-23.0491,-22.9875,-22.9258,-22.8636,-22.8009,-22.7376,-22.6736,-22.6089,-22.5444,-22.4787,-22.4125,-22.346,-22.2784,-22.2104,-22.1418,-22.0726,-22.0021,-21.9317,0,0,0,0,0,0,0,0,0,0,0,0,0,0,0,0,0,0,0,0,0,0,
0,0,0,0,0,0,0,0,0,0,0,0,0,0,0,0,0,0,0,0,0,0,-21.5054,-21.5745,-21.6429,-21.7108,-21.778,-21.8445,-21.91,-21.9755,-22.0398,-22.1041,-22.1677,-22.2303,-22.2928,-22.3548,-22.4161,-22.4769,-22.5376,-22.5972,-22.6568,-22.7158,-22.7742,-22.8321,-22.8898,-22.9469,-23.0031,-23.0596,-23.1151,-23.17,-23.2247,-23.2785,-23.3321,-23.3852,-23.4377,-23.4901,-23.5412,-23.5926,-23.6426,-23.6926,-23.7415,-23.7902,-23.8384,-23.8861,-23.933,-23.9796,-24.0252,-24.0704,-24.1151,-24.1589,-24.2017,-24.2445,-24.2865,-24.328,-24.3688,-24.4087,-24.4481,-24.4867,-24.525,-24.5622,-24.5987,-24.6352,-24.6705,-24.7052,-24.7392,-24.7721,-24.805,-24.8371,-24.8681,-24.8991,-24.9287,-24.9577,-24.9862,-25.0141,-25.0413,-25.0677,-25.0936,-25.1191,-25.1438,-25.1671,-25.1905,-25.2133,-25.2348,-25.2565,-25.2767,-25.2969,-25.316,-25.335,-25.3528,-25.3699,-25.387,-25.4029,-25.4187,-25.4334,-25.448,-25.4614,-25.4744,-25.4871,-25.4987,-25.5101,-25.5209,-25.5311,-25.5406,-25.5493,-25.5576,-25.5653,-25.5723,-25.5787,-25.585,-25.5902,-25.5947,-25.5991,-25.6029,-25.6055,-25.6078,-25.6097,-25.6109,-25.6115,-25.6115,-25.6109,-25.6097,-25.6078,-25.6055,-25.6029,-25.5991,-25.5947,-25.5902,-25.585,-25.5787,-25.5723,-25.5653,-25.5576,-25.5493,-25.5406,-25.5311,-25.5209,-25.5101,-25.4987,-25.4871,-25.4744,-25.4614,-25.448,-25.4334,-25.4187,-25.4029,-25.387,-25.3699,-25.3528,-25.335,-25.316,-25.2969,-25.2767,-25.2565,-25.2348,-25.2133,-25.1905,-25.1671,-25.1438,-25.1191,-25.0936,-25.0677,-25.0413,-25.0141,-24.9862,-24.9577,-24.9287,-24.8991,-24.8681,-24.8371,-24.805,-24.7721,-24.7392,-24.7052,-24.6705,-24.6352,-24.5987,-24.5622,-24.525,-24.4867,-24.4481,-24.4087,-24.3688,-24.328,-24.2865,-24.2445,-24.2017,-24.1589,-24.1151,-24.0704,-24.0252,-23.9796,-23.933,-23.8861,-23.8384,-23.7902,-23.7415,-23.6926,-23.6426,-23.5926,-23.5412,-23.4901,-23.4377,-23.3852,-23.3321,-23.2785,-23.2247,-23.17,-23.1151,-23.0596,-23.0031,-22.9469,-22.8898,-22.8321,-22.7742,-22.7158,-22.6568,-22.5972,-22.5376,-22.4769,-22.4161,-22.3548,-22.2928,-22.2303,-22.1677,-22.1041,-22.0398,-21.9755,-21.91,-21.8445,-21.778,-21.7108,-21.6429,-21.5745,-21.5054,0,0,0,0,0,0,0,0,0,0,0,0,0,0,0,0,0,0,0,0,0,0,
0,0,0,0,0,0,0,0,0,0,0,0,0,0,0,0,0,0,0,0,0,-21.0106,-21.0789,-21.1464,-21.2133,-21.2795,-21.3449,-21.41,-21.4741,-21.5375,-21.601,-21.6633,-21.7254,-21.787,-21.8478,-21.9082,-21.9681,-22.0281,-22.0867,-22.1454,-22.2037,-22.2612,-22.3182,-22.3752,-22.431,-22.4868,-22.5419,-22.5971,-22.6512,-22.7052,-22.7587,-22.8116,-22.8637,-22.9153,-22.9669,-23.0179,-23.0678,-23.1178,-23.1669,-23.2155,-23.2641,-23.3114,-23.3585,-23.4052,-23.4507,-23.4958,-23.5406,-23.5846,-23.6282,-23.6708,-23.7132,-23.7546,-23.796,-23.8361,-23.876,-23.9149,-23.9533,-23.9909,-24.0284,-24.0648,-24.1005,-24.1357,-24.1697,-24.2036,-24.2369,-24.2694,-24.301,-24.3324,-24.3627,-24.3922,-24.4217,-24.45,-24.4777,-24.5049,-24.5312,-24.5572,-24.5823,-24.6069,-24.6309,-24.654,-24.6763,-24.6984,-24.7197,-24.7404,-24.7603,-24.7797,-24.7986,-24.8169,-24.834,-24.851,-24.8674,-24.8833,-24.8984,-24.913,-24.9267,-24.94,-24.9527,-24.9647,-24.9767,-24.9875,-24.9975,-25.0076,-25.0171,-25.0254,-25.0337,-25.0413,-25.0482,-25.0544,-25.0601,-25.0652,-25.0697,-25.0741,-25.0773,-25.0804,-25.0824,-25.0843,-25.0855,-25.0861,-25.0861,-25.0855,-25.0843,-25.0824,-25.0804,-25.0773,-25.0741,-25.0697,-25.0652,-25.0601,-25.0544,-25.0482,-25.0413,-25.0337,-25.0254,-25.0171,-25.0076,-24.9975,-24.9875,-24.9767,-24.9647,-24.9527,-24.94,-24.9267,-24.913,-24.8984,-24.8833,-24.8674,-24.851,-24.834,-24.8169,-24.7986,-24.7797,-24.7603,-24.7404,-24.7197,-24.6984,-24.6763,-24.654,-24.6309,-24.6069,-24.5823,-24.5572,-24.5312,-24.5049,-24.4777,-24.45,-24.4217,-24.3922,-24.3627,-24.3324,-24.301,-24.2694,-24.2369,-24.2036,-24.1697,-24.1357,-24.1005,-24.0648,-24.0284,-23.9909,-23.9533,-23.9149,-23.876,-23.8361,-23.796,-23.7546,-23.7132,-23.6708,-23.6282,-23.5846,-23.5406,-23.4958,-23.4507,-23.4052,-23.3585,-23.3114,-23.2641,-23.2155,-23.1669,-23.1178,-23.0678,-23.0179,-22.9669,-22.9153,-22.8637,-22.8116,-22.7587,-22.7052,-22.6512,-22.5971,-22.5419,-22.4868,-22.431,-22.3752,-22.3182,-22.2612,-22.2037,-22.1454,-22.0867,-22.0281,-21.9681,-21.9082,-21.8478,-21.787,-21.7254,-21.6633,-21.601,-21.5375,-21.4741,-21.41,-21.3449,-21.2795,-21.2133,-21.1464,-21.0789,-21.0106,0,0,0,0,0,0,0,0,0,0,0,0,0,0,0,0,0,0,0,0,0,
0,0,0,0,0,0,0,0,0,0,0,0,0,0,0,0,0,0,0,0,0,-20.5851,-20.6519,-20.7175,-20.783,-20.8473,-20.9111,-20.9743,-21.0374,-21.0996,-21.1611,-21.2225,-21.2828,-21.3429,-21.4026,-21.4617,-21.5202,-21.5782,-21.6361,-21.6935,-21.7502,-21.8063,-21.8624,-21.9174,-21.9724,-22.0267,-22.0812,-22.1344,-22.1876,-22.2401,-22.2922,-22.3441,-22.3951,-22.4457,-22.4961,-22.5456,-22.5948,-22.6431,-22.6915,-22.7389,-22.7859,-22.8326,-22.8782,-22.9235,-22.9681,-23.0125,-23.056,-23.0989,-23.1414,-23.1831,-23.2241,-23.2648,-23.3052,-23.3445,-23.3832,-23.4213,-23.4588,-23.4951,-23.5312,-23.567,-23.602,-23.6363,-23.6696,-23.7025,-23.7345,-23.7666,-23.7973,-23.8277,-23.8573,-23.886,-23.9143,-23.9424,-23.9695,-23.9959,-24.0215,-24.0466,-24.0711,-24.0949,-24.1182,-24.1407,-24.1628,-24.184,-24.2047,-24.225,-24.2444,-24.2632,-24.2815,-24.2991,-24.3161,-24.3324,-24.3482,-24.3639,-24.3782,-24.3922,-24.406,-24.4192,-24.4313,-24.4433,-24.4544,-24.4651,-24.4752,-24.4847,-24.4936,-24.5022,-24.5098,-24.5174,-24.5243,-24.5301,-24.5358,-24.5408,-24.5458,-24.5496,-24.5526,-24.5557,-24.5577,-24.5595,-24.5608,-24.5609,-24.5609,-24.5608,-24.5595,-24.5577,-24.5557,-24.5526,-24.5496,-24.5458,-24.5408,-24.5358,-24.5301,-24.5243,-24.5174,-24.5098,-24.5022,-24.4936,-24.4847,-24.4752,-24.4651,-24.4544,-24.4433,-24.4313,-24.4192,-24.406,-24.3922,-24.3782,-24.3639,-24.3482,-24.3324,-24.3161,-24.2991,-24.2815,-24.2632,-24.2444,-24.225,-24.2047,-24.184,-24.1628,-24.1407,-24.1182,-24.0949,-24.0711,-24.0466,-24.0215,-23.9959,-23.9695,-23.9424,-23.9143,-23.886,-23.8573,-23.8277,-23.7973,-23.7666,-23.7345,-23.7025,-23.6696,-23.6363,-23.602,-23.567,-23.5312,-23.4951,-23.4588,-23.4213,-23.3832,-23.3445,-23.3052,-23.2648,-23.2241,-23.1831,-23.1414,-23.0989,-23.056,-23.0125,-22.9681,-22.9235,-22.8782,-22.8326,-22.7859,-22.7389,-22.6915,-22.6431,-22.5948,-22.5456,-22.4961,-22.4457,-22.3951,-22.3441,-22.2922,-22.2401,-22.1876,-22.1344,-22.0812,-22.0267,-21.9724,-21.9174,-21.8624,-21.8063,-21.7502,-21.6935,-21.6361,-21.5782,-21.5202,-21.4617,-21.4026,-21.3429,-21.2828,-21.2225,-21.1611,-21.0996,-21.0374,-20.9743,-20.9111,-20.8473,-20.783,-20.7175,-20.6519,-20.5851,0,0,0,0,0,0,0,0,0,0,0,0,0,0,0,0,0,0,0,0,0,
0,0,0,0,0,0,0,0,0,0,0,0,0,0,0,0,0,0,0,0,0,-20.1591,-20.2239,-20.2887,-20.3521,-20.4152,-20.4774,-20.5393,-20.6005,-20.6611,-20.7212,-20.7807,-20.84,-20.8989,-20.9566,-21.0143,-21.072,-21.1285,-21.1849,-21.2408,-21.2961,-21.351,-21.4057,-21.4599,-21.5135,-21.5663,-21.6196,-21.6719,-21.7236,-21.7749,-21.8261,-21.8761,-21.926,-21.9756,-22.0248,-22.0732,-22.1214,-22.1684,-22.2155,-22.2619,-22.3076,-22.3528,-22.398,-22.4421,-22.4856,-22.5289,-22.5711,-22.6133,-22.6549,-22.6953,-22.7356,-22.7753,-22.814,-22.8524,-22.8903,-22.9271,-22.9638,-22.9994,-23.0349,-23.0697,-23.1032,-23.1369,-23.1694,-23.2013,-23.2329,-23.2635,-23.2934,-23.3234,-23.352,-23.3801,-23.4075,-23.4345,-23.4609,-23.487,-23.5119,-23.5362,-23.56,-23.5832,-23.6056,-23.6276,-23.6488,-23.6694,-23.6896,-23.7095,-23.7283,-23.7465,-23.7646,-23.7815,-23.7979,-23.8142,-23.8298,-23.8441,-23.8586,-23.8724,-23.8856,-23.8982,-23.9104,-23.9218,-23.9331,-23.9432,-23.9531,-23.9625,-23.9713,-23.9795,-23.9871,-23.9941,-24.0007,-24.0064,-24.0121,-24.0171,-24.0215,-24.0253,-24.0285,-24.0316,-24.0335,-24.0354,-24.0366,-24.0367,-24.0367,-24.0366,-24.0354,-24.0335,-24.0316,-24.0285,-24.0253,-24.0215,-24.0171,-24.0121,-24.0064,-24.0007,-23.9941,-23.9871,-23.9795,-23.9713,-23.9625,-23.9531,-23.9432,-23.9331,-23.9218,-23.9104,-23.8982,-23.8856,-23.8724,-23.8586,-23.8441,-23.8298,-23.8142,-23.7979,-23.7815,-23.7646,-23.7465,-23.7283,-23.7095,-23.6896,-23.6694,-23.6488,-23.6276,-23.6056,-23.5832,-23.56,-23.5362,-23.5119,-23.487,-23.4609,-23.4345,-23.4075,-23.3801,-23.352,-23.3234,-23.2934,-23.2635,-23.2329,-23.2013,-23.1694,-23.1369,-23.1032,-23.0697,-23.0349,-22.9994,-22.9638,-22.9271,-22.8903,-22.8524,-22.814,-22.7753,-22.7356,-22.6953,-22.6549,-22.6133,-22.5711,-22.5289,-22.4856,-22.4421,-22.398,-22.3528,-22.3076,-22.2619,-22.2155,-22.1684,-22.1214,-22.0732,-22.0248,-21.9756,-21.926,-21.8761,-21.8261,-21.7749,-21.7236,-21.6719,-21.6196,-21.5663,-21.5135,-21.4599,-21.4057,-21.351,-21.2961,-21.2408,-21.1849,-21.1285,-21.072,-21.0143,-20.9566,-20.8989,-20.84,-20.7807,-20.7212,-20.6611,-20.6005,-20.5393,-20.4774,-20.4152,-20.3521,-20.2887,-20.2239,-20.1591,0,0,0,0,0,0,0,0,0,0,0,0,0,0,0,0,0,0,0,0,0,
0,0,0,0,0,0,0,0,0,0,0,0,0,0,0,0,0,0,0,0,-19.6686,-19.7326,-19.7959,-19.8586,-19.9208,-19.9822,-20.0427,-20.103,-20.1628,-20.222,-20.2807,-20.3388,-20.3968,-20.4538,-20.5106,-20.5668,-20.6233,-20.6783,-20.7333,-20.788,-20.8419,-20.8959,-20.9491,-21.0018,-21.0542,-21.1063,-21.1579,-21.2088,-21.2593,-21.3098,-21.359,-21.4082,-21.4574,-21.5055,-21.5535,-21.6002,-21.6472,-21.6934,-21.7397,-21.7847,-21.8298,-21.8735,-21.9174,-21.9607,-22.0031,-22.0453,-22.0867,-22.1276,-22.1678,-22.2075,-22.247,-22.2854,-22.3231,-22.3604,-22.3975,-22.4335,-22.4689,-22.504,-22.5383,-22.5717,-22.6052,-22.6375,-22.6691,-22.7003,-22.7308,-22.7611,-22.7903,-22.8189,-22.8469,-22.8742,-22.901,-22.9273,-22.9527,-22.978,-23.0023,-23.026,-23.0491,-23.0714,-23.0934,-23.1145,-23.1357,-23.1557,-23.175,-23.1943,-23.2124,-23.2304,-23.2479,-23.2648,-23.2805,-23.2959,-23.3109,-23.3258,-23.3397,-23.3528,-23.3657,-23.3782,-23.3896,-23.4009,-23.4113,-23.4219,-23.4314,-23.4407,-23.449,-23.4569,-23.4644,-23.4713,-23.4776,-23.4838,-23.4889,-23.4939,-23.4981,-23.5018,-23.505,-23.5075,-23.51,-23.5113,-23.5125,-23.5131,-23.5131,-23.5125,-23.5113,-23.51,-23.5075,-23.505,-23.5018,-23.4981,-23.4939,-23.4889,-23.4838,-23.4776,-23.4713,-23.4644,-23.4569,-23.449,-23.4407,-23.4314,-23.4219,-23.4113,-23.4009,-23.3896,-23.3782,-23.3657,-23.3528,-23.3397,-23.3258,-23.3109,-23.2959,-23.2805,-23.2648,-23.2479,-23.2304,-23.2124,-23.1943,-23.175,-23.1557,-23.1357,-23.1145,-23.0934,-23.0714,-23.0491,-23.026,-23.0023,-22.978,-22.9527,-22.9273,-22.901,-22.8742,-22.8469,-22.8189,-22.7903,-22.7611,-22.7308,-22.7003,-22.6691,-22.6375,-22.6052,-22.5717,-22.5383,-22.504,-22.4689,-22.4335,-22.3975,-22.3604,-22.3231,-22.2854,-22.247,-22.2075,-22.1678,-22.1276,-22.0867,-22.0453,-22.0031,-21.9607,-21.9174,-21.8735,-21.8298,-21.7847,-21.7397,-21.6934,-21.6472,-21.6002,-21.5535,-21.5055,-21.4574,-21.4082,-21.359,-21.3098,-21.2593,-21.2088,-21.1579,-21.1063,-21.0542,-21.0018,-20.9491,-20.8959,-20.8419,-20.788,-20.7333,-20.6783,-20.6233,-20.5668,-20.5106,-20.4538,-20.3968,-20.3388,-20.2807,-20.222,-20.1628,-20.103,-20.0427,-19.9822,-19.9208,-19.8586,-19.7959,-19.7326,-19.6686,0,0,0,0,0,0,0,0,0,0,0,0,0,0,0,0,0,0,0,0,
0,0,0,0,0,0,0,0,0,0,0,0,0,0,0,0,0,0,0,0,-19.2434,-19.3057,-19.3671,-19.4285,-19.4887,-19.5487,-19.6079,-19.6668,-19.7252,-19.7825,-19.8397,-19.8969,-19.953,-20.009,-20.0646,-20.1196,-20.1739,-20.2283,-20.2814,-20.335,-20.3877,-20.4403,-20.4922,-20.5437,-20.595,-20.6453,-20.6961,-20.7456,-20.7947,-20.8437,-20.8922,-20.9407,-20.9879,-21.0351,-21.0818,-21.1279,-21.1734,-21.2189,-21.2635,-21.3073,-21.3509,-21.3941,-21.4371,-21.4789,-21.5204,-21.5616,-21.6015,-21.6417,-21.6811,-21.7199,-21.7576,-21.7953,-21.8322,-21.8686,-21.9045,-21.9397,-21.9743,-22.0082,-22.0416,-22.0744,-22.1065,-22.138,-22.169,-22.1992,-22.229,-22.2581,-22.2867,-22.3145,-22.3418,-22.3684,-22.3945,-22.4198,-22.4451,-22.4693,-22.4929,-22.5159,-22.5382,-22.5605,-22.5816,-22.6023,-22.6226,-22.6419,-22.6611,-22.6797,-22.6972,-22.7146,-22.7314,-22.7474,-22.7635,-22.7785,-22.7934,-22.8072,-22.8207,-22.8338,-22.8463,-22.8582,-22.8698,-22.8804,-22.8911,-22.901,-22.9102,-22.919,-22.9271,-22.9352,-22.9427,-22.949,-22.9551,-22.9612,-22.9663,-22.9712,-22.9751,-22.9788,-22.9819,-22.9845,-22.9869,-22.9882,-22.9894,-22.99,-22.99,-22.9894,-22.9882,-22.9869,-22.9845,-22.9819,-22.9788,-22.9751,-22.9712,-22.9663,-22.9612,-22.9551,-22.949,-22.9427,-22.9352,-22.9271,-22.919,-22.9102,-22.901,-22.8911,-22.8804,-22.8698,-22.8582,-22.8463,-22.8338,-22.8207,-22.8072,-22.7934,-22.7785,-22.7635,-22.7474,-22.7314,-22.7146,-22.6972,-22.6797,-22.6611,-22.6419,-22.6226,-22.6023,-22.5816,-22.5605,-22.5382,-22.5159,-22.4929,-22.4693,-22.4451,-22.4198,-22.3945,-22.3684,-22.3418,-22.3145,-22.2867,-22.2581,-22.229,-22.1992,-22.169,-22.138,-22.1065,-22.0744,-22.0416,-22.0082,-21.9743,-21.9397,-21.9045,-21.8686,-21.8322,-21.7953,-21.7576,-21.7199,-21.6811,-21.6417,-21.6015,-21.5616,-21.5204,-21.4789,-21.4371,-21.3941,-21.3509,-21.3073,-21.2635,-21.2189,-21.1734,-21.1279,-21.0818,-21.0351,-20.9879,-20.9407,-20.8922,-20.8437,-20.7947,-20.7456,-20.6961,-20.6453,-20.595,-20.5437,-20.4922,-20.4403,-20.3877,-20.335,-20.2814,-20.2283,-20.1739,-20.1196,-20.0646,-20.009,-19.953,-19.8969,-19.8397,-19.7825,-19.7252,-19.6668,-19.6079,-19.5487,-19.4887,-19.4285,-19.3671,-19.3057,-19.2434,0,0,0,0,0,0,0,0,0,0,0,0,0,0,0,0,0,0,0,0,
0,0,0,0,0,0,0,0,0,0,0,0,0,0,0,0,0,0,0,-18.756,-18.8171,-18.8777,-18.9382,-18.9977,-19.0565,-19.1146,-19.1729,-19.2299,-19.287,-19.3429,-19.3988,-19.454,-19.5093,-19.5634,-19.6176,-19.6712,-19.7247,-19.777,-19.8293,-19.8817,-19.9329,-19.9842,-20.0347,-20.0854,-20.1348,-20.1841,-20.2337,-20.282,-20.3303,-20.3779,-20.4256,-20.472,-20.5184,-20.5643,-20.6102,-20.655,-20.6997,-20.7437,-20.7874,-20.8302,-20.8726,-20.9148,-20.9559,-20.997,-21.0377,-21.0775,-21.1168,-21.1555,-21.1942,-21.2316,-21.2685,-21.3055,-21.3411,-21.3768,-21.4119,-21.4457,-21.4796,-21.5128,-21.5449,-21.5769,-21.6083,-21.6391,-21.6693,-21.6984,-21.7274,-21.7556,-21.7835,-21.8106,-21.8372,-21.863,-21.8884,-21.913,-21.9371,-21.9606,-21.9836,-22.0063,-22.0281,-22.049,-22.0701,-22.0899,-22.1096,-22.1288,-22.1474,-22.1653,-22.1827,-22.1994,-22.2154,-22.2314,-22.2464,-22.2613,-22.2754,-22.289,-22.3022,-22.3152,-22.3268,-22.3386,-22.3498,-22.3605,-22.3707,-22.3801,-22.3895,-22.3982,-22.4063,-22.4135,-22.421,-22.4273,-22.4335,-22.4391,-22.4441,-22.449,-22.4526,-22.4563,-22.4594,-22.4619,-22.4638,-22.4656,-22.4668,-22.4669,-22.4669,-22.4668,-22.4656,-22.4638,-22.4619,-22.4594,-22.4563,-22.4526,-22.449,-22.4441,-22.4391,-22.4335,-22.4273,-22.421,-22.4135,-22.4063,-22.3982,-22.3895,-22.3801,-22.3707,-22.3605,-22.3498,-22.3386,-22.3268,-22.3152,-22.3022,-22.289,-22.2754,-22.2613,-22.2464,-22.2314,-22.2154,-22.1994,-22.1827,-22.1653,-22.1474,-22.1288,-22.1096,-22.0899,-22.0701,-22.049,-22.0281,-22.0063,-21.9836,-21.9606,-21.9371,-21.913,-21.8884,-21.863,-21.8372,-21.8106,-21.7835,-21.7556,-21.7274,-21.6984,-21.6693,-21.6391,-21.6083,-21.5769,-21.5449,-21.5128,-21.4796,-21.4457,-21.4119,-21.3768,-21.3411,-21.3055,-21.2685,-21.2316,-21.1942,-21.1555,-21.1168,-21.0775,-21.0377,-20.997,-20.9559,-20.9148,-20.8726,-20.8302,-20.7874,-20.7437,-20.6997,-20.655,-20.6102,-20.5643,-20.5184,-20.472,-20.4256,-20.3779,-20.3303,-20.282,-20.2337,-20.1841,-20.1348,-20.0854,-20.0347,-19.9842,-19.9329,-19.8817,-19.8293,-19.777,-19.7247,-19.6712,-19.6176,-19.5634,-19.5093,-19.454,-19.3988,-19.3429,-19.287,-19.2299,-19.1729,-19.1146,-19.0565,-18.9977,-18.9382,-18.8777,-18.8171,-18.756,0,0,0,0,0,0,0,0,0,0,0,0,0,0,0,0,0,0,0,
0,0,0,0,0,0,0,0,0,0,0,0,0,0,0,0,0,0,0,-18.3313,-18.391,-18.4502,-18.5082,-18.5663,-18.6236,-18.6805,-18.7367,-18.793,-18.8482,-18.9031,-18.957,-19.0117,-19.065,-19.1178,-19.1705,-19.2227,-19.2749,-19.3265,-19.3774,-19.4279,-19.4783,-19.5283,-19.5774,-19.6266,-19.6753,-19.7234,-19.771,-19.8184,-19.8653,-19.9123,-19.9579,-20.0037,-20.0488,-20.0938,-20.1378,-20.1818,-20.2251,-20.2685,-20.3107,-20.3529,-20.3943,-20.4353,-20.4757,-20.5154,-20.5547,-20.5938,-20.6318,-20.6698,-20.707,-20.7437,-20.7799,-20.8156,-20.8505,-20.8848,-20.919,-20.9522,-20.9848,-21.0172,-21.0486,-21.0798,-21.1099,-21.1401,-21.169,-21.1979,-21.2261,-21.2531,-21.2803,-21.3065,-21.3325,-21.3578,-21.3823,-21.4063,-21.4297,-21.4525,-21.4746,-21.4963,-21.5177,-21.5382,-21.5585,-21.5782,-21.5973,-21.6157,-21.6336,-21.6509,-21.6677,-21.6841,-21.7001,-21.7151,-21.7299,-21.7445,-21.7582,-21.7718,-21.784,-21.7964,-21.8082,-21.8199,-21.8303,-21.8409,-21.8508,-21.8601,-21.8691,-21.8773,-21.8853,-21.8928,-21.8996,-21.9064,-21.9118,-21.9174,-21.9224,-21.9267,-21.931,-21.9347,-21.9373,-21.9397,-21.9422,-21.9434,-21.9446,-21.9452,-21.9452,-21.9446,-21.9434,-21.9422,-21.9397,-21.9373,-21.9347,-21.931,-21.9267,-21.9224,-21.9174,-21.9118,-21.9064,-21.8996,-21.8928,-21.8853,-21.8773,-21.8691,-21.8601,-21.8508,-21.8409,-21.8303,-21.8199,-21.8082,-21.7964,-21.784,-21.7718,-21.7582,-21.7445,-21.7299,-21.7151,-21.7001,-21.6841,-21.6677,-21.6509,-21.6336,-21.6157,-21.5973,-21.5782,-21.5585,-21.5382,-21.5177,-21.4963,-21.4746,-21.4525,-21.4297,-21.4063,-21.3823,-21.3578,-21.3325,-21.3065,-21.2803,-21.2531,-21.2261,-21.1979,-21.169,-21.1401,-21.1099,-21.0798,-21.0486,-21.0172,-20.9848,-20.9522,-20.919,-20.8848,-20.8505,-20.8156,-20.7799,-20.7437,-20.707,-20.6698,-20.6318,-20.5938,-20.5547,-20.5154,-20.4757,-20.4353,-20.3943,-20.3529,-20.3107,-20.2685,-20.2251,-20.1818,-20.1378,-20.0938,-20.0488,-20.0037,-19.9579,-19.9123,-19.8653,-19.8184,-19.771,-19.7234,-19.6753,-19.6266,-19.5774,-19.5283,-19.4783,-19.4279,-19.3774,-19.3265,-19.2749,-19.2227,-19.1705,-19.1178,-19.065,-19.0117,-18.957,-18.9031,-18.8482,-18.793,-18.7367,-18.6805,-18.6236,-18.5663,-18.5082,-18.4502,-18.391,-18.3313,0,0,0,0,0,0,0,0,0,0,0,0,0,0,0,0,0,0,0,
0,0,0,0,0,0,0,0,0,0,0,0,0,0,0,0,0,0,0,-17.9056,-17.964,-18.0212,-18.0785,-18.1346,-18.1907,-18.246,-18.3011,-18.3553,-18.4091,-18.4623,-18.5155,-18.5681,-18.6201,-18.672,-18.7235,-18.7743,-18.825,-18.8747,-18.9249,-18.974,-19.0231,-19.0717,-19.1195,-19.1675,-19.2148,-19.2621,-19.3088,-19.3549,-19.4005,-19.4461,-19.4911,-19.5353,-19.5792,-19.6229,-19.6663,-19.7089,-19.7514,-19.7929,-19.8342,-19.875,-19.9153,-19.9554,-19.9945,-20.0336,-20.072,-20.1098,-20.1469,-20.1837,-20.2202,-20.2556,-20.2911,-20.3253,-20.3596,-20.3931,-20.4261,-20.4586,-20.4903,-20.5216,-20.5521,-20.5821,-20.6121,-20.6409,-20.6692,-20.6972,-20.7242,-20.7511,-20.7775,-20.8027,-20.8277,-20.8523,-20.8762,-20.8995,-20.9222,-20.9442,-20.9658,-20.9872,-21.0076,-21.0278,-21.0474,-21.0664,-21.0849,-21.1027,-21.1199,-21.137,-21.153,-21.169,-21.1844,-21.1996,-21.2138,-21.228,-21.2411,-21.2543,-21.2667,-21.2785,-21.29,-21.3011,-21.3116,-21.3216,-21.3312,-21.3405,-21.3492,-21.3572,-21.3652,-21.3724,-21.3792,-21.3854,-21.391,-21.3965,-21.4015,-21.4058,-21.4095,-21.4132,-21.4161,-21.4185,-21.4204,-21.4217,-21.4229,-21.4235,-21.4235,-21.4229,-21.4217,-21.4204,-21.4185,-21.4161,-21.4132,-21.4095,-21.4058,-21.4015,-21.3965,-21.391,-21.3854,-21.3792,-21.3724,-21.3652,-21.3572,-21.3492,-21.3405,-21.3312,-21.3216,-21.3116,-21.3011,-21.29,-21.2785,-21.2667,-21.2543,-21.2411,-21.228,-21.2138,-21.1996,-21.1844,-21.169,-21.153,-21.137,-21.1199,-21.1027,-21.0849,-21.0664,-21.0474,-21.0278,-21.0076,-20.9872,-20.9658,-20.9442,-20.9222,-20.8995,-20.8762,-20.8523,-20.8277,-20.8027,-20.7775,-20.7511,-20.7242,-20.6972,-20.6692,-20.6409,-20.6121,-20.5821,-20.5521,-20.5216,-20.4903,-20.4586,-20.4261,-20.3931,-20.3596,-20.3253,-20.2911,-20.2556,-20.2202,-20.1837,-20.1469,-20.1098,-20.072,-20.0336,-19.9945,-19.9554,-19.9153,-19.875,-19.8342,-19.7929,-19.7514,-19.7089,-19.6663,-19.6229,-19.5792,-19.5353,-19.4911,-19.4461,-19.4005,-19.3549,-19.3088,-19.2621,-19.2148,-19.1675,-19.1195,-19.0717,-19.0231,-18.974,-18.9249,-18.8747,-18.825,-18.7743,-18.7235,-18.672,-18.6201,-18.5681,-18.5155,-18.4623,-18.4091,-18.3553,-18.3011,-18.246,-18.1907,-18.1346,-18.0785,-18.0212,-17.964,-17.9056,0,0,0,0,0,0,0,0,0,0,0,0,0,0,0,0,0,0,0,
0,0,0,0,0,0,0,0,0,0,0,0,0,0,0,0,0,0,-17.4228,-17.4798,-17.5364,-17.5923,-17.6481,-17.7027,-17.757,-17.8111,-17.8641,-17.9171,-17.9695,-18.0219,-18.0737,-18.1243,-18.1755,-18.2257,-18.2757,-18.3251,-18.3746,-18.4237,-18.4719,-18.5202,-18.5674,-18.6152,-18.6617,-18.7084,-18.7547,-18.8003,-18.8456,-18.891,-18.9353,-18.9794,-19.0231,-19.0667,-19.1093,-19.1522,-19.1941,-19.2355,-19.2767,-19.3174,-19.3574,-19.3975,-19.4364,-19.4753,-19.5137,-19.5513,-19.589,-19.6255,-19.662,-19.6979,-19.7331,-19.7678,-19.8019,-19.8354,-19.8684,-19.9012,-19.9329,-19.9645,-19.9957,-20.0262,-20.056,-20.0848,-20.1141,-20.1422,-20.1697,-20.1964,-20.2234,-20.249,-20.2741,-20.299,-20.3235,-20.3473,-20.3705,-20.3932,-20.4151,-20.4365,-20.4573,-20.4782,-20.4978,-20.5173,-20.5363,-20.5547,-20.5724,-20.5901,-20.6066,-20.6232,-20.6391,-20.6545,-20.6696,-20.6838,-20.6979,-20.7113,-20.7248,-20.7371,-20.7493,-20.7609,-20.772,-20.7831,-20.7934,-20.8032,-20.8125,-20.8211,-20.8295,-20.8375,-20.8449,-20.8523,-20.8591,-20.8652,-20.8708,-20.8761,-20.8805,-20.8848,-20.889,-20.8921,-20.8952,-20.8976,-20.8995,-20.9007,-20.9019,-20.902,-20.902,-20.9019,-20.9007,-20.8995,-20.8976,-20.8952,-20.8921,-20.889,-20.8848,-20.8805,-20.8761,-20.8708,-20.8652,-20.8591,-20.8523,-20.8449,-20.8375,-20.8295,-20.8211,-20.8125,-20.8032,-20.7934,-20.7831,-20.772,-20.7609,-20.7493,-20.7371,-20.7248,-20.7113,-20.6979,-20.6838,-20.6696,-20.6545,-20.6391,-20.6232,-20.6066,-20.5901,-20.5724,-20.5547,-20.5363,-20.5173,-20.4978,-20.4782,-20.4573,-20.4365,-20.4151,-20.3932,-20.3705,-20.3473,-20.3235,-20.299,-20.2741,-20.249,-20.2234,-20.1964,-20.1697,-20.1422,-20.1141,-20.0848,-20.056,-20.0262,-19.9957,-19.9645,-19.9329,-19.9012,-19.8684,-19.8354,-19.8019,-19.7678,-19.7331,-19.6979,-19.662,-19.6255,-19.589,-19.5513,-19.5137,-19.4753,-19.4364,-19.3975,-19.3574,-19.3174,-19.2767,-19.2355,-19.1941,-19.1522,-19.1093,-19.0667,-19.0231,-18.9794,-18.9353,-18.891,-18.8456,-18.8003,-18.7547,-18.7084,-18.6617,-18.6152,-18.5674,-18.5202,-18.4719,-18.4237,-18.3746,-18.3251,-18.2757,-18.2257,-18.1755,-18.1243,-18.0737,-18.0219,-17.9695,-17.9171,-17.8641,-17.8111,-17.757,-17.7027,-17.6481,-17.5923,-17.5364,-17.4798,-17.4228,0,0,0,0,0,0,0,0,0,0,0,0,0,0,0,0,0,0,
0,0,0,0,0,0,0,0,0,0,0,0,0,0,0,0,0,0,-16.9981,-17.0533,-17.1084,-17.1629,-17.2169,-17.2704,-17.3231,-17.3753,-17.4276,-17.4792,-17.5302,-17.5807,-17.6306,-17.6806,-17.7305,-17.7792,-17.828,-17.8761,-17.9242,-17.9718,-18.0188,-18.0659,-18.1124,-18.1581,-18.204,-18.2492,-18.2938,-18.3385,-18.3826,-18.4266,-18.4701,-18.5131,-18.5552,-18.5977,-18.6394,-18.681,-18.7216,-18.7622,-18.8022,-18.8419,-18.8808,-18.9196,-18.9577,-18.9953,-19.0329,-19.0698,-19.1057,-19.1413,-19.1771,-19.2117,-19.2458,-19.2796,-19.3132,-19.3452,-19.3775,-19.4091,-19.4406,-19.4709,-19.5008,-19.5307,-19.5597,-19.5877,-19.6158,-19.6431,-19.67,-19.696,-19.7215,-19.7471,-19.7715,-19.7957,-19.8191,-19.8422,-19.8647,-19.8866,-19.908,-19.9286,-19.9494,-19.969,-19.9884,-20.0073,-20.0256,-20.0433,-20.061,-20.0774,-20.0939,-20.1098,-20.1257,-20.1403,-20.1549,-20.1691,-20.1824,-20.1958,-20.2087,-20.2208,-20.2324,-20.2435,-20.2544,-20.2648,-20.2752,-20.2845,-20.2935,-20.3026,-20.3107,-20.3186,-20.326,-20.3328,-20.3393,-20.3454,-20.3509,-20.3559,-20.3607,-20.3645,-20.3687,-20.3718,-20.3748,-20.3767,-20.3786,-20.3804,-20.381,-20.3816,-20.3816,-20.381,-20.3804,-20.3786,-20.3767,-20.3748,-20.3718,-20.3687,-20.3645,-20.3607,-20.3559,-20.3509,-20.3454,-20.3393,-20.3328,-20.326,-20.3186,-20.3107,-20.3026,-20.2935,-20.2845,-20.2752,-20.2648,-20.2544,-20.2435,-20.2324,-20.2208,-20.2087,-20.1958,-20.1824,-20.1691,-20.1549,-20.1403,-20.1257,-20.1098,-20.0939,-20.0774,-20.061,-20.0433,-20.0256,-20.0073,-19.9884,-19.969,-19.9494,-19.9286,-19.908,-19.8866,-19.8647,-19.8422,-19.8191,-19.7957,-19.7715,-19.7471,-19.7215,-19.696,-19.67,-19.6431,-19.6158,-19.5877,-19.5597,-19.5307,-19.5008,-19.4709,-19.4406,-19.4091,-19.3775,-19.3452,-19.3132,-19.2796,-19.2458,-19.2117,-19.1771,-19.1413,-19.1057,-19.0698,-19.0329,-18.9953,-18.9577,-18.9196,-18.8808,-18.8419,-18.8022,-18.7622,-18.7216,-18.681,-18.6394,-18.5977,-18.5552,-18.5131,-18.4701,-18.4266,-18.3826,-18.3385,-18.2938,-18.2492,-18.204,-18.1581,-18.1124,-18.0659,-18.0188,-17.9718,-17.9242,-17.8761,-17.828,-17.7792,-17.7305,-17.6806,-17.6306,-17.5807,-17.5302,-17.4792,-17.4276,-17.3753,-17.3231,-17.2704,-17.2169,-17.1629,-17.1084,-17.0533,-16.9981,0,0,0,0,0,0,0,0,0,0,0,0,0,0,0,0,0,0,
0,0,0,0,0,0,0,0,0,0,0,0,0,0,0,0,0,0,-16.5726,-16.6271,-16.6803,-16.7329,-16.7856,-16.8376,-16.889,-16.9399,-16.9904,-17.0406,-17.0899,-17.1395,-17.1881,-17.2367,-17.2846,-17.3327,-17.3796,-17.4269,-17.4733,-17.5195,-17.5657,-17.6108,-17.6566,-17.7011,-17.7455,-17.7895,-17.8334,-17.8767,-17.9194,-17.9623,-18.0044,-18.0466,-18.0876,-18.1286,-18.1695,-18.2094,-18.2491,-18.2884,-18.3276,-18.3662,-18.4042,-18.4418,-18.4785,-18.5154,-18.5517,-18.5874,-18.6224,-18.6574,-18.692,-18.7252,-18.7585,-18.7919,-18.8239,-18.8553,-18.8867,-18.9177,-18.9475,-18.9772,-19.0062,-19.0352,-19.0631,-19.091,-19.1177,-19.1444,-19.1704,-19.196,-19.2208,-19.2451,-19.2688,-19.2924,-19.3149,-19.3373,-19.3592,-19.3805,-19.4011,-19.4213,-19.4413,-19.4601,-19.4789,-19.4972,-19.5154,-19.5325,-19.5493,-19.5658,-19.5817,-19.5969,-19.612,-19.6267,-19.6407,-19.6541,-19.6675,-19.6801,-19.6924,-19.7045,-19.7162,-19.727,-19.7374,-19.7478,-19.7574,-19.7666,-19.7757,-19.7843,-19.7923,-19.7995,-19.8068,-19.8135,-19.8202,-19.8257,-19.8312,-19.8361,-19.841,-19.8452,-19.8489,-19.852,-19.8543,-19.8567,-19.8585,-19.8603,-19.861,-19.8616,-19.8616,-19.861,-19.8603,-19.8585,-19.8567,-19.8543,-19.852,-19.8489,-19.8452,-19.841,-19.8361,-19.8312,-19.8257,-19.8202,-19.8135,-19.8068,-19.7995,-19.7923,-19.7843,-19.7757,-19.7666,-19.7574,-19.7478,-19.7374,-19.727,-19.7162,-19.7045,-19.6924,-19.6801,-19.6675,-19.6541,-19.6407,-19.6267,-19.612,-19.5969,-19.5817,-19.5658,-19.5493,-19.5325,-19.5154,-19.4972,-19.4789,-19.4601,-19.4413,-19.4213,-19.4011,-19.3805,-19.3592,-19.3373,-19.3149,-19.2924,-19.2688,-19.2451,-19.2208,-19.196,-19.1704,-19.1444,-19.1177,-19.091,-19.0631,-19.0352,-19.0062,-18.9772,-18.9475,-18.9177,-18.8867,-18.8553,-18.8239,-18.7919,-18.7585,-18.7252,-18.692,-18.6574,-18.6224,-18.5874,-18.5517,-18.5154,-18.4785,-18.4418,-18.4042,-18.3662,-18.3276,-18.2884,-18.2491,-18.2094,-18.1695,-18.1286,-18.0876,-18.0466,-18.0044,-17.9623,-17.9194,-17.8767,-17.8334,-17.7895,-17.7455,-17.7011,-17.6566,-17.6108,-17.5657,-17.5195,-17.4733,-17.4269,-17.3796,-17.3327,-17.2846,-17.2367,-17.1881,-17.1395,-17.0899,-17.0406,-16.9904,-16.9399,-16.889,-16.8376,-16.7856,-16.7329,-16.6803,-16.6271,-16.5726,0,0,0,0,0,0,0,0,0,0,0,0,0,0,0,0,0,0,
0,0,0,0,0,0,0,0,0,0,0,0,0,0,0,0,0,-16.0943,-16.1469,-16.1994,-16.2513,-16.3032,-16.3539,-16.4041,-16.4543,-16.5039,-16.5529,-16.6013,-16.6497,-16.6976,-16.7449,-16.7922,-16.8388,-16.8855,-16.9316,-16.9772,-17.0226,-17.0676,-17.112,-17.1564,-17.2002,-17.2438,-17.287,-17.3298,-17.3724,-17.4144,-17.4564,-17.4979,-17.5387,-17.5795,-17.6198,-17.6596,-17.6992,-17.7382,-17.7769,-17.8153,-17.8526,-17.8901,-17.9273,-17.9636,-17.9996,-18.0352,-18.0706,-18.1051,-18.1394,-18.1732,-18.2064,-18.2395,-18.2715,-18.3034,-18.3348,-18.3656,-18.3959,-18.4253,-18.4551,-18.4834,-18.5119,-18.5396,-18.5669,-18.5935,-18.62,-18.6455,-18.6708,-18.6955,-18.7197,-18.7434,-18.7664,-18.7887,-18.8111,-18.8324,-18.8536,-18.8741,-18.8947,-18.9141,-18.9334,-18.9516,-18.9698,-18.988,-19.005,-19.0218,-19.0382,-19.0541,-19.0693,-19.0843,-19.0989,-19.1128,-19.1268,-19.1396,-19.1528,-19.165,-19.1772,-19.1886,-19.1996,-19.2106,-19.2209,-19.2305,-19.2402,-19.2494,-19.2579,-19.2662,-19.2742,-19.2815,-19.2882,-19.2949,-19.301,-19.3071,-19.3125,-19.3172,-19.3215,-19.3258,-19.3294,-19.3325,-19.3349,-19.3373,-19.3392,-19.3404,-19.3416,-19.3422,-19.3422,-19.3416,-19.3404,-19.3392,-19.3373,-19.3349,-19.3325,-19.3294,-19.3258,-19.3215,-19.3172,-19.3125,-19.3071,-19.301,-19.2949,-19.2882,-19.2815,-19.2742,-19.2662,-19.2579,-19.2494,-19.2402,-19.2305,-19.2209,-19.2106,-19.1996,-19.1886,-19.1772,-19.165,-19.1528,-19.1396,-19.1268,-19.1128,-19.0989,-19.0843,-19.0693,-19.0541,-19.0382,-19.0218,-19.005,-18.988,-18.9698,-18.9516,-18.9334,-18.9141,-18.8947,-18.8741,-18.8536,-18.8324,-18.8111,-18.7887,-18.7664,-18.7434,-18.7197,-18.6955,-18.6708,-18.6455,-18.62,-18.5935,-18.5669,-18.5396,-18.5119,-18.4834,-18.4551,-18.4253,-18.3959,-18.3656,-18.3348,-18.3034,-18.2715,-18.2395,-18.2064,-18.1732,-18.1394,-18.1051,-18.0706,-18.0352,-17.9996,-17.9636,-17.9273,-17.8901,-17.8526,-17.8153,-17.7769,-17.7382,-17.6992,-17.6596,-17.6198,-17.5795,-17.5387,-17.4979,-17.4564,-17.4144,-17.3724,-17.3298,-17.287,-17.2438,-17.2002,-17.1564,-17.112,-17.0676,-17.0226,-16.9772,-16.9316,-16.8855,-16.8388,-16.7922,-16.7449,-16.6976,-16.6497,-16.6013,-16.5529,-16.5039,-16.4543,-16.4041,-16.3539,-16.3032,-16.2513,-16.1994,-16.1469,-16.0943,0,0,0,0,0,0,0,0,0,0,0,0,0,0,0,0,0,
0,0,0,0,0,0,0,0,0,0,0,0,0,0,0,0,0,-15.6696,-15.7214,-15.7721,-15.8226,-15.872,-15.9215,-15.9709,-16.0193,-16.0675,-16.1151,-16.1623,-16.2089,-16.2555,-16.3019,-16.3473,-16.3928,-16.4381,-16.483,-16.5272,-16.5714,-16.615,-16.6581,-16.7012,-16.7442,-16.7861,-16.8286,-16.87,-16.9112,-16.952,-16.9928,-17.0329,-17.073,-17.1126,-17.1515,-17.1906,-17.2289,-17.2668,-17.304,-17.3411,-17.3778,-17.4144,-17.4504,-17.4858,-17.5207,-17.5555,-17.5892,-17.6228,-17.6564,-17.6889,-17.7216,-17.7533,-17.7846,-17.8153,-17.8454,-17.8755,-17.905,-17.9338,-17.9622,-17.9899,-18.0176,-18.0441,-18.0708,-18.0967,-18.122,-18.1466,-18.1713,-18.1954,-18.2184,-18.2414,-18.2636,-18.286,-18.3071,-18.3283,-18.3487,-18.3686,-18.388,-18.4068,-18.4254,-18.4435,-18.4611,-18.4786,-18.4949,-18.5112,-18.5269,-18.5427,-18.5571,-18.5717,-18.5861,-18.5994,-18.6128,-18.626,-18.6381,-18.6503,-18.6617,-18.6732,-18.6842,-18.6943,-18.7046,-18.7138,-18.7235,-18.7318,-18.7403,-18.7488,-18.7561,-18.7634,-18.7706,-18.7768,-18.7826,-18.7887,-18.7936,-18.7984,-18.8032,-18.8069,-18.8105,-18.8136,-18.816,-18.8184,-18.8202,-18.8215,-18.8226,-18.8227,-18.8227,-18.8226,-18.8215,-18.8202,-18.8184,-18.816,-18.8136,-18.8105,-18.8069,-18.8032,-18.7984,-18.7936,-18.7887,-18.7826,-18.7768,-18.7706,-18.7634,-18.7561,-18.7488,-18.7403,-18.7318,-18.7235,-18.7138,-18.7046,-18.6943,-18.6842,-18.6732,-18.6617,-18.6503,-18.6381,-18.626,-18.6128,-18.5994,-18.5861,-18.5717,-18.5571,-18.5427,-18.5269,-18.5112,-18.4949,-18.4786,-18.4611,-18.4435,-18.4254,-18.4068,-18.388,-18.3686,-18.3487,-18.3283,-18.3071,-18.286,-18.2636,-18.2414,-18.2184,-18.1954,-18.1713,-18.1466,-18.122,-18.0967,-18.0708,-18.0441,-18.0176,-17.9899,-17.9622,-17.9338,-17.905,-17.8755,-17.8454,-17.8153,-17.7846,-17.7533,-17.7216,-17.6889,-17.6564,-17.6228,-17.5892,-17.5555,-17.5207,-17.4858,-17.4504,-17.4144,-17.3778,-17.3411,-17.304,-17.2668,-17.2289,-17.1906,-17.1515,-17.1126,-17.073,-17.0329,-16.9928,-16.952,-16.9112,-16.87,-16.8286,-16.7861,-16.7442,-16.7012,-16.6581,-16.615,-16.5714,-16.5272,-16.483,-16.4381,-16.3928,-16.3473,-16.3019,-16.2555,-16.2089,-16.1623,-16.1151,-16.0675,-16.0193,-15.9709,-15.9215,-15.872,-15.8226,-15.7721,-15.7214,-15.6696,0,0,0,0,0,0,0,0,0,0,0,0,0,0,0,0,0,
0,0,0,0,0,0,0,0,0,0,0,0,0,0,0,0,0,-15.2446,-15.2944,-15.3444,-15.3931,-15.4412,-15.4894,-15.5369,-15.5839,-15.6304,-15.6768,-15.7226,-15.7685,-15.8131,-15.8583,-15.9025,-15.9465,-15.9906,-16.0341,-16.0771,-16.1201,-16.1623,-16.2042,-16.2458,-16.2877,-16.3289,-16.3695,-16.41,-16.45,-16.4896,-16.529,-16.5684,-16.6067,-16.6455,-16.6833,-16.7209,-16.7581,-16.7951,-16.8315,-16.8676,-16.903,-16.9381,-16.973,-17.0077,-17.0413,-17.0748,-17.1084,-17.1408,-17.1731,-17.2049,-17.2361,-17.2668,-17.2973,-17.3273,-17.3567,-17.3855,-17.4138,-17.4419,-17.4696,-17.4967,-17.5231,-17.5489,-17.5748,-17.6001,-17.624,-17.6482,-17.6722,-17.6951,-17.7178,-17.7401,-17.7618,-17.7829,-17.8033,-17.8237,-17.8435,-17.8629,-17.8816,-17.9002,-17.9177,-17.9357,-17.9527,-17.9688,-17.9851,-18.0008,-18.0165,-18.0309,-18.0455,-18.0597,-18.0731,-18.0864,-18.0996,-18.1117,-18.1244,-18.1358,-18.1472,-18.1582,-18.1683,-18.1786,-18.1883,-18.1979,-18.2069,-18.2154,-18.2238,-18.2317,-18.239,-18.2462,-18.2527,-18.2593,-18.2648,-18.2708,-18.2757,-18.2805,-18.2848,-18.2884,-18.292,-18.295,-18.298,-18.2999,-18.3017,-18.3029,-18.3041,-18.3041,-18.3041,-18.3041,-18.3029,-18.3017,-18.2999,-18.298,-18.295,-18.292,-18.2884,-18.2848,-18.2805,-18.2757,-18.2708,-18.2648,-18.2593,-18.2527,-18.2462,-18.239,-18.2317,-18.2238,-18.2154,-18.2069,-18.1979,-18.1883,-18.1786,-18.1683,-18.1582,-18.1472,-18.1358,-18.1244,-18.1117,-18.0996,-18.0864,-18.0731,-18.0597,-18.0455,-18.0309,-18.0165,-18.0008,-17.9851,-17.9688,-17.9527,-17.9357,-17.9177,-17.9002,-17.8816,-17.8629,-17.8435,-17.8237,-17.8033,-17.7829,-17.7618,-17.7401,-17.7178,-17.6951,-17.6722,-17.6482,-17.624,-17.6001,-17.5748,-17.5489,-17.5231,-17.4967,-17.4696,-17.4419,-17.4138,-17.3855,-17.3567,-17.3273,-17.2973,-17.2668,-17.2361,-17.2049,-17.1731,-17.1408,-17.1084,-17.0748,-17.0413,-17.0077,-16.973,-16.9381,-16.903,-16.8676,-16.8315,-16.7951,-16.7581,-16.7209,-16.6833,-16.6455,-16.6067,-16.5684,-16.529,-16.4896,-16.45,-16.41,-16.3695,-16.3289,-16.2877,-16.2458,-16.2042,-16.1623,-16.1201,-16.0771,-16.0341,-15.9906,-15.9465,-15.9025,-15.8583,-15.8131,-15.7685,-15.7226,-15.6768,-15.6304,-15.5839,-15.5369,-15.4894,-15.4412,-15.3931,-15.3444,-15.2944,-15.2446,0,0,0,0,0,0,0,0,0,0,0,0,0,0,0,0,0,
0,0,0,0,0,0,0,0,0,0,0,0,0,0,0,0,-14.7706,-14.8192,-14.8678,-14.9158,-14.9632,-15.0101,-15.0564,-15.1027,-15.1484,-15.1935,-15.2387,-15.2831,-15.3271,-15.3712,-15.4145,-15.4573,-15.5001,-15.543,-15.5846,-15.6268,-15.6678,-15.7094,-15.7499,-15.7906,-15.8309,-15.8709,-15.9102,-15.9496,-15.9888,-16.027,-16.0651,-16.1033,-16.1409,-16.1778,-16.2149,-16.2513,-16.2877,-16.3229,-16.3588,-16.3934,-16.428,-16.462,-16.4961,-16.529,-16.5624,-16.5948,-16.6269,-16.6581,-16.6898,-16.7202,-16.7509,-16.7807,-16.81,-16.8387,-16.8676,-16.8956,-16.9233,-16.9502,-16.9766,-17.0029,-17.0287,-17.0538,-17.0783,-17.1029,-17.1264,-17.1497,-17.1726,-17.1954,-17.2169,-17.2384,-17.2594,-17.2799,-17.2997,-17.3194,-17.3387,-17.3573,-17.3754,-17.3933,-17.4107,-17.4276,-17.4437,-17.46,-17.4757,-17.4913,-17.5056,-17.5201,-17.5344,-17.5477,-17.561,-17.5741,-17.5862,-17.5982,-17.6102,-17.6217,-17.6324,-17.6432,-17.6535,-17.6632,-17.6727,-17.6817,-17.6908,-17.6992,-17.7071,-17.7149,-17.722,-17.7292,-17.7359,-17.7419,-17.7479,-17.7533,-17.7582,-17.763,-17.7672,-17.7708,-17.7744,-17.7774,-17.7799,-17.7822,-17.7835,-17.7853,-17.7859,-17.7865,-17.7865,-17.7859,-17.7853,-17.7835,-17.7822,-17.7799,-17.7774,-17.7744,-17.7708,-17.7672,-17.763,-17.7582,-17.7533,-17.7479,-17.7419,-17.7359,-17.7292,-17.722,-17.7149,-17.7071,-17.6992,-17.6908,-17.6817,-17.6727,-17.6632,-17.6535,-17.6432,-17.6324,-17.6217,-17.6102,-17.5982,-17.5862,-17.5741,-17.561,-17.5477,-17.5344,-17.5201,-17.5056,-17.4913,-17.4757,-17.46,-17.4437,-17.4276,-17.4107,-17.3933,-17.3754,-17.3573,-17.3387,-17.3194,-17.2997,-17.2799,-17.2594,-17.2384,-17.2169,-17.1954,-17.1726,-17.1497,-17.1264,-17.1029,-17.0783,-17.0538,-17.0287,-17.0029,-16.9766,-16.9502,-16.9233,-16.8956,-16.8676,-16.8387,-16.81,-16.7807,-16.7509,-16.7202,-16.6898,-16.6581,-16.6269,-16.5948,-16.5624,-16.529,-16.4961,-16.462,-16.428,-16.3934,-16.3588,-16.3229,-16.2877,-16.2513,-16.2149,-16.1778,-16.1409,-16.1033,-16.0651,-16.027,-15.9888,-15.9496,-15.9102,-15.8709,-15.8309,-15.7906,-15.7499,-15.7094,-15.6678,-15.6268,-15.5846,-15.543,-15.5001,-15.4573,-15.4145,-15.3712,-15.3271,-15.2831,-15.2387,-15.1935,-15.1484,-15.1027,-15.0564,-15.0101,-14.9632,-14.9158,-14.8678,-14.8192,-14.7706,0,0,0,0,0,0,0,0,0,0,0,0,0,0,0,0,
0,0,0,0,0,0,0,0,0,0,0,0,0,0,0,0,-14.3462,-14.394,-14.4408,-14.487,-14.5332,-14.5782,-14.6237,-14.6681,-14.7126,-14.7563,-14.7996,-14.8429,-14.8857,-14.9283,-14.9703,-15.012,-15.0535,-15.0943,-15.1353,-15.1763,-15.2161,-15.2564,-15.2957,-15.3349,-15.3741,-15.4127,-15.4513,-15.4893,-15.5268,-15.5643,-15.6012,-15.638,-15.6744,-15.7107,-15.7464,-15.7816,-15.8167,-15.8512,-15.8853,-15.9192,-15.9531,-15.9859,-16.0186,-16.0508,-16.083,-16.114,-16.1451,-16.176,-16.2065,-16.2357,-16.2655,-16.2943,-16.3229,-16.3509,-16.3784,-16.4053,-16.4323,-16.4584,-16.4842,-16.5093,-16.5344,-16.5588,-16.5827,-16.6061,-16.6288,-16.6515,-16.6737,-16.6952,-16.7167,-16.7371,-16.7574,-16.7772,-16.7963,-16.8155,-16.834,-16.852,-16.8694,-16.8867,-16.9035,-16.9197,-16.9358,-16.9514,-16.9664,-16.9813,-16.9957,-17.0094,-17.0233,-17.0365,-17.049,-17.0616,-17.0735,-17.0855,-17.097,-17.1077,-17.1185,-17.1288,-17.1385,-17.1479,-17.1575,-17.1666,-17.175,-17.1834,-17.191,-17.1983,-17.2055,-17.2127,-17.2187,-17.2253,-17.2307,-17.2361,-17.2409,-17.2457,-17.2499,-17.2535,-17.2571,-17.2596,-17.2625,-17.2644,-17.2662,-17.2674,-17.2685,-17.2686,-17.2686,-17.2685,-17.2674,-17.2662,-17.2644,-17.2625,-17.2596,-17.2571,-17.2535,-17.2499,-17.2457,-17.2409,-17.2361,-17.2307,-17.2253,-17.2187,-17.2127,-17.2055,-17.1983,-17.191,-17.1834,-17.175,-17.1666,-17.1575,-17.1479,-17.1385,-17.1288,-17.1185,-17.1077,-17.097,-17.0855,-17.0735,-17.0616,-17.049,-17.0365,-17.0233,-17.0094,-16.9957,-16.9813,-16.9664,-16.9514,-16.9358,-16.9197,-16.9035,-16.8867,-16.8694,-16.852,-16.834,-16.8155,-16.7963,-16.7772,-16.7574,-16.7371,-16.7167,-16.6952,-16.6737,-16.6515,-16.6288,-16.6061,-16.5827,-16.5588,-16.5344,-16.5093,-16.4842,-16.4584,-16.4323,-16.4053,-16.3784,-16.3509,-16.3229,-16.2943,-16.2655,-16.2357,-16.2065,-16.176,-16.1451,-16.114,-16.083,-16.0508,-16.0186,-15.9859,-15.9531,-15.9192,-15.8853,-15.8512,-15.8167,-15.7816,-15.7464,-15.7107,-15.6744,-15.638,-15.6012,-15.5643,-15.5268,-15.4893,-15.4513,-15.4127,-15.3741,-15.3349,-15.2957,-15.2564,-15.2161,-15.1763,-15.1353,-15.0943,-15.0535,-15.012,-14.9703,-14.9283,-14.8857,-14.8429,-14.7996,-14.7563,-14.7126,-14.6681,-14.6237,-14.5782,-14.5332,-14.487,-14.4408,-14.394,-14.3462,0,0,0,0,0,0,0,0,0,0,0,0,0,0,0,0,
0,0,0,0,0,0,0,0,0,0,0,0,0,0,0,0,-13.9219,-13.968,-14.0129,-14.0577,-14.1027,-14.1465,-14.1901,-14.2333,-14.2759,-14.3184,-14.3609,-14.4024,-14.4438,-14.4852,-14.526,-14.5663,-14.6065,-14.6462,-14.686,-14.7251,-14.7641,-14.8026,-14.8411,-14.8791,-14.9171,-14.9544,-14.9918,-15.0285,-15.0653,-15.1015,-15.1371,-15.1727,-15.2078,-15.2429,-15.2778,-15.3117,-15.3456,-15.3795,-15.4121,-15.4453,-15.4775,-15.5096,-15.5411,-15.5726,-15.6036,-15.6339,-15.6636,-15.6934,-15.7226,-15.7517,-15.7797,-15.8077,-15.8356,-15.8624,-15.8892,-15.9156,-15.9411,-15.9668,-15.9917,-16.0162,-16.0401,-16.0634,-16.0867,-16.1092,-16.1313,-16.1534,-16.1749,-16.1957,-16.2161,-16.2358,-16.2554,-16.2746,-16.293,-16.3116,-16.3294,-16.3468,-16.3641,-16.3803,-16.397,-16.4124,-16.428,-16.443,-16.4572,-16.4716,-16.4853,-16.4991,-16.5123,-16.5247,-16.5374,-16.5492,-16.5612,-16.5726,-16.5833,-16.5941,-16.6043,-16.6144,-16.624,-16.6336,-16.6426,-16.6515,-16.6598,-16.6676,-16.6754,-16.6826,-16.6898,-16.6964,-16.7024,-16.7084,-16.7143,-16.7192,-16.7245,-16.7287,-16.7329,-16.7365,-16.7401,-16.7425,-16.7455,-16.7473,-16.7491,-16.7503,-16.7509,-16.7515,-16.7515,-16.7509,-16.7503,-16.7491,-16.7473,-16.7455,-16.7425,-16.7401,-16.7365,-16.7329,-16.7287,-16.7245,-16.7192,-16.7143,-16.7084,-16.7024,-16.6964,-16.6898,-16.6826,-16.6754,-16.6676,-16.6598,-16.6515,-16.6426,-16.6336,-16.624,-16.6144,-16.6043,-16.5941,-16.5833,-16.5726,-16.5612,-16.5492,-16.5374,-16.5247,-16.5123,-16.4991,-16.4853,-16.4716,-16.4572,-16.443,-16.428,-16.4124,-16.397,-16.3803,-16.3641,-16.3468,-16.3294,-16.3116,-16.293,-16.2746,-16.2554,-16.2358,-16.2161,-16.1957,-16.1749,-16.1534,-16.1313,-16.1092,-16.0867,-16.0634,-16.0401,-16.0162,-15.9917,-15.9668,-15.9411,-15.9156,-15.8892,-15.8624,-15.8356,-15.8077,-15.7797,-15.7517,-15.7226,-15.6934,-15.6636,-15.6339,-15.6036,-15.5726,-15.5411,-15.5096,-15.4775,-15.4453,-15.4121,-15.3795,-15.3456,-15.3117,-15.2778,-15.2429,-15.2078,-15.1727,-15.1371,-15.1015,-15.0653,-15.0285,-14.9918,-14.9544,-14.9171,-14.8791,-14.8411,-14.8026,-14.7641,-14.7251,-14.686,-14.6462,-14.6065,-14.5663,-14.526,-14.4852,-14.4438,-14.4024,-14.3609,-14.3184,-14.2759,-14.2333,-14.1901,-14.1465,-14.1027,-14.0577,-14.0129,-13.968,-13.9219,0,0,0,0,0,0,0,0,0,0,0,0,0,0,0,0,
0,0,0,0,0,0,0,0,0,0,0,0,0,0,0,0,-13.4974,-13.5415,-13.5851,-13.6288,-13.6718,-13.7143,-13.7562,-13.798,-13.8394,-13.8806,-13.9214,-13.9621,-14.0017,-14.0418,-14.0814,-14.1203,-14.1593,-14.1978,-14.2362,-14.274,-14.3119,-14.3491,-14.3865,-14.4231,-14.4597,-14.4958,-14.532,-14.568,-14.6031,-14.6379,-14.6728,-14.7072,-14.7416,-14.7753,-14.8086,-14.8418,-14.8743,-14.907,-14.939,-14.971,-15.0024,-15.0333,-15.0635,-15.0938,-15.1241,-15.1532,-15.1823,-15.2107,-15.2392,-15.2672,-15.2945,-15.3217,-15.3479,-15.3746,-15.4003,-15.4259,-15.4501,-15.4751,-15.4989,-15.5227,-15.5459,-15.5684,-15.5905,-15.6124,-15.634,-15.6553,-15.6756,-15.6958,-15.7154,-15.735,-15.7536,-15.772,-15.7905,-15.8077,-15.825,-15.8417,-15.8584,-15.8745,-15.8899,-15.9053,-15.9203,-15.9345,-15.9489,-15.9627,-15.9757,-15.9889,-16.0013,-16.0139,-16.0257,-16.0377,-16.0491,-16.0597,-16.0705,-16.0813,-16.0907,-16.1009,-16.1099,-16.1194,-16.1278,-16.1366,-16.1444,-16.1522,-16.16,-16.1671,-16.1737,-16.1803,-16.1868,-16.1928,-16.1982,-16.203,-16.2078,-16.2125,-16.2167,-16.2203,-16.2233,-16.2262,-16.2286,-16.231,-16.2322,-16.2334,-16.2346,-16.2346,-16.2346,-16.2346,-16.2334,-16.2322,-16.231,-16.2286,-16.2262,-16.2233,-16.2203,-16.2167,-16.2125,-16.2078,-16.203,-16.1982,-16.1928,-16.1868,-16.1803,-16.1737,-16.1671,-16.16,-16.1522,-16.1444,-16.1366,-16.1278,-16.1194,-16.1099,-16.1009,-16.0907,-16.0813,-16.0705,-16.0597,-16.0491,-16.0377,-16.0257,-16.0139,-16.0013,-15.9889,-15.9757,-15.9627,-15.9489,-15.9345,-15.9203,-15.9053,-15.8899,-15.8745,-15.8584,-15.8417,-15.825,-15.8077,-15.7905,-15.772,-15.7536,-15.735,-15.7154,-15.6958,-15.6756,-15.6553,-15.634,-15.6124,-15.5905,-15.5684,-15.5459,-15.5227,-15.4989,-15.4751,-15.4501,-15.4259,-15.4003,-15.3746,-15.3479,-15.3217,-15.2945,-15.2672,-15.2392,-15.2107,-15.1823,-15.1532,-15.1241,-15.0938,-15.0635,-15.0333,-15.0024,-14.971,-14.939,-14.907,-14.8743,-14.8418,-14.8086,-14.7753,-14.7416,-14.7072,-14.6728,-14.6379,-14.6031,-14.568,-14.532,-14.4958,-14.4597,-14.4231,-14.3865,-14.3491,-14.3119,-14.274,-14.2362,-14.1978,-14.1593,-14.1203,-14.0814,-14.0418,-14.0017,-13.9621,-13.9214,-13.8806,-13.8394,-13.798,-13.7562,-13.7143,-13.6718,-13.6288,-13.5851,-13.5415,-13.4974,0,0,0,0,0,0,0,0,0,0,0,0,0,0,0,0,
0,0,0,0,0,0,0,0,0,0,0,0,0,0,0,-13.0287,-13.0717,-13.1146,-13.157,-13.1988,-13.2406,-13.2818,-13.3224,-13.363,-13.4031,-13.4425,-13.482,-13.5209,-13.5598,-13.5981,-13.6365,-13.6741,-13.7119,-13.749,-13.7861,-13.8227,-13.8594,-13.8954,-13.9314,-13.9675,-14.0023,-14.0376,-14.0725,-14.1067,-14.1411,-14.1747,-14.2085,-14.2415,-14.2746,-14.3072,-14.3397,-14.3716,-14.4036,-14.4349,-14.4658,-14.4965,-14.5267,-14.5568,-14.5864,-14.6154,-14.6445,-14.6728,-14.7007,-14.7286,-14.7558,-14.7825,-14.8091,-14.8352,-14.8608,-14.8862,-14.9111,-14.9354,-14.9598,-14.9834,-15.0065,-15.0292,-15.0517,-15.0736,-15.095,-15.1164,-15.1366,-15.1567,-15.1769,-15.1965,-15.2155,-15.234,-15.2523,-15.2702,-15.2873,-15.304,-15.3206,-15.3373,-15.3527,-15.3681,-15.3835,-15.3979,-15.4126,-15.4264,-15.4401,-15.4531,-15.4663,-15.4786,-15.4912,-15.503,-15.5149,-15.5263,-15.5369,-15.5477,-15.5578,-15.5679,-15.578,-15.587,-15.5965,-15.6054,-15.6136,-15.622,-15.6298,-15.6375,-15.6447,-15.6518,-15.6589,-15.6649,-15.6709,-15.6768,-15.6822,-15.6875,-15.6923,-15.6964,-15.7006,-15.7042,-15.7072,-15.7101,-15.7125,-15.7143,-15.7161,-15.7173,-15.7185,-15.7185,-15.7185,-15.7185,-15.7173,-15.7161,-15.7143,-15.7125,-15.7101,-15.7072,-15.7042,-15.7006,-15.6964,-15.6923,-15.6875,-15.6822,-15.6768,-15.6709,-15.6649,-15.6589,-15.6518,-15.6447,-15.6375,-15.6298,-15.622,-15.6136,-15.6054,-15.5965,-15.587,-15.578,-15.5679,-15.5578,-15.5477,-15.5369,-15.5263,-15.5149,-15.503,-15.4912,-15.4786,-15.4663,-15.4531,-15.4401,-15.4264,-15.4126,-15.3979,-15.3835,-15.3681,-15.3527,-15.3373,-15.3206,-15.304,-15.2873,-15.2702,-15.2523,-15.234,-15.2155,-15.1965,-15.1769,-15.1567,-15.1366,-15.1164,-15.095,-15.0736,-15.0517,-15.0292,-15.0065,-14.9834,-14.9598,-14.9354,-14.9111,-14.8862,-14.8608,-14.8352,-14.8091,-14.7825,-14.7558,-14.7286,-14.7007,-14.6728,-14.6445,-14.6154,-14.5864,-14.5568,-14.5267,-14.4965,-14.4658,-14.4349,-14.4036,-14.3716,-14.3397,-14.3072,-14.2746,-14.2415,-14.2085,-14.1747,-14.1411,-14.1067,-14.0725,-14.0376,-14.0023,-13.9675,-13.9314,-13.8954,-13.8594,-13.8227,-13.7861,-13.749,-13.7119,-13.6741,-13.6365,-13.5981,-13.5598,-13.5209,-13.482,-13.4425,-13.4031,-13.363,-13.3224,-13.2818,-13.2406,-13.1988,-13.157,-13.1146,-13.0717,-13.0287,0,0,0,0,0,0,0,0,0,0,0,0,0,0,0,
0,0,0,0,0,0,0,0,0,0,0,0,0,0,0,-12.6045,-12.6462,-12.6879,-12.7284,-12.7689,-12.8089,-12.8488,-12.8882,-12.927,-12.9658,-13.004,-13.0422,-13.0799,-13.1175,-13.1546,-13.1911,-13.2281,-13.2641,-13.3,-13.3359,-13.3712,-13.4065,-13.4419,-13.4768,-13.5109,-13.5451,-13.5786,-13.6123,-13.6459,-13.6788,-13.7113,-13.7438,-13.7762,-13.8081,-13.8393,-13.8706,-13.9019,-13.932,-13.9627,-13.9922,-14.0218,-14.0513,-14.0802,-14.1085,-14.1369,-14.1646,-14.1919,-14.2191,-14.2456,-14.2723,-14.2983,-14.3237,-14.3491,-14.3734,-14.3983,-14.4219,-14.4456,-14.4686,-14.4917,-14.5136,-14.536,-14.5574,-14.5787,-14.5994,-14.6196,-14.6397,-14.6592,-14.6782,-14.6965,-14.7149,-14.7333,-14.7504,-14.7677,-14.7843,-14.8009,-14.8168,-14.8323,-14.8478,-14.8624,-14.8773,-14.8916,-14.9051,-14.9188,-14.9318,-14.9443,-14.9567,-14.9692,-14.9811,-14.9923,-15.0036,-15.0148,-15.0256,-15.0357,-15.0457,-15.0552,-15.0647,-15.0742,-15.0832,-15.0914,-15.0997,-15.108,-15.1157,-15.1229,-15.13,-15.1371,-15.1437,-15.1502,-15.1561,-15.1615,-15.1668,-15.1716,-15.1764,-15.1805,-15.1847,-15.1882,-15.1912,-15.1942,-15.1966,-15.1989,-15.2001,-15.2013,-15.2025,-15.2025,-15.2025,-15.2025,-15.2013,-15.2001,-15.1989,-15.1966,-15.1942,-15.1912,-15.1882,-15.1847,-15.1805,-15.1764,-15.1716,-15.1668,-15.1615,-15.1561,-15.1502,-15.1437,-15.1371,-15.13,-15.1229,-15.1157,-15.108,-15.0997,-15.0914,-15.0832,-15.0742,-15.0647,-15.0552,-15.0457,-15.0357,-15.0256,-15.0148,-15.0036,-14.9923,-14.9811,-14.9692,-14.9567,-14.9443,-14.9318,-14.9188,-14.9051,-14.8916,-14.8773,-14.8624,-14.8478,-14.8323,-14.8168,-14.8009,-14.7843,-14.7677,-14.7504,-14.7333,-14.7149,-14.6965,-14.6782,-14.6592,-14.6397,-14.6196,-14.5994,-14.5787,-14.5574,-14.536,-14.5136,-14.4917,-14.4686,-14.4456,-14.4219,-14.3983,-14.3734,-14.3491,-14.3237,-14.2983,-14.2723,-14.2456,-14.2191,-14.1919,-14.1646,-14.1369,-14.1085,-14.0802,-14.0513,-14.0218,-13.9922,-13.9627,-13.932,-13.9019,-13.8706,-13.8393,-13.8081,-13.7762,-13.7438,-13.7113,-13.6788,-13.6459,-13.6123,-13.5786,-13.5451,-13.5109,-13.4768,-13.4419,-13.4065,-13.3712,-13.3359,-13.3,-13.2641,-13.2281,-13.1911,-13.1546,-13.1175,-13.0799,-13.0422,-13.004,-12.9658,-12.927,-12.8882,-12.8488,-12.8089,-12.7689,-12.7284,-12.6879,-12.6462,-12.6045,0,0,0,0,0,0,0,0,0,0,0,0,0,0,0,
0,0,0,0,0,0,0,0,0,0,0,0,0,0,0,-12.1803,-12.2203,-12.2601,-12.3,-12.3387,-12.3774,-12.4155,-12.4537,-12.4912,-12.5282,-12.5652,-12.6022,-12.6385,-12.6744,-12.7102,-12.746,-12.7813,-12.8165,-12.8511,-12.8859,-12.92,-12.9541,-12.9876,-13.0211,-13.0546,-13.0876,-13.1199,-13.1523,-13.1846,-13.2165,-13.2482,-13.2794,-13.31,-13.3412,-13.3713,-13.4013,-13.4313,-13.4608,-13.4903,-13.5191,-13.5474,-13.5757,-13.6034,-13.6311,-13.6582,-13.6848,-13.7114,-13.7373,-13.7632,-13.7885,-13.8134,-13.8381,-13.8623,-13.8865,-13.9096,-13.9331,-13.9556,-13.978,-13.9999,-14.0211,-14.0424,-14.0632,-14.0837,-14.1038,-14.1233,-14.1422,-14.1612,-14.1795,-14.1973,-14.215,-14.2321,-14.2493,-14.2658,-14.2818,-14.2977,-14.3131,-14.3279,-14.3426,-14.3568,-14.3711,-14.3846,-14.3982,-14.4106,-14.4237,-14.436,-14.4479,-14.4598,-14.471,-14.4823,-14.4929,-14.5036,-14.5137,-14.5236,-14.5337,-14.5432,-14.5521,-14.5609,-14.5698,-14.5781,-14.5864,-14.5941,-14.6018,-14.6089,-14.616,-14.6226,-14.6291,-14.635,-14.6409,-14.6463,-14.6516,-14.6569,-14.6611,-14.6652,-14.6694,-14.6729,-14.6759,-14.6789,-14.6812,-14.683,-14.6848,-14.686,-14.6866,-14.6872,-14.6872,-14.6866,-14.686,-14.6848,-14.683,-14.6812,-14.6789,-14.6759,-14.6729,-14.6694,-14.6652,-14.6611,-14.6569,-14.6516,-14.6463,-14.6409,-14.635,-14.6291,-14.6226,-14.616,-14.6089,-14.6018,-14.5941,-14.5864,-14.5781,-14.5698,-14.5609,-14.5521,-14.5432,-14.5337,-14.5236,-14.5137,-14.5036,-14.4929,-14.4823,-14.471,-14.4598,-14.4479,-14.436,-14.4237,-14.4106,-14.3982,-14.3846,-14.3711,-14.3568,-14.3426,-14.3279,-14.3131,-14.2977,-14.2818,-14.2658,-14.2493,-14.2321,-14.215,-14.1973,-14.1795,-14.1612,-14.1422,-14.1233,-14.1038,-14.0837,-14.0632,-14.0424,-14.0211,-13.9999,-13.978,-13.9556,-13.9331,-13.9096,-13.8865,-13.8623,-13.8381,-13.8134,-13.7885,-13.7632,-13.7373,-13.7114,-13.6848,-13.6582,-13.6311,-13.6034,-13.5757,-13.5474,-13.5191,-13.4903,-13.4608,-13.4313,-13.4013,-13.3713,-13.3412,-13.31,-13.2794,-13.2482,-13.2165,-13.1846,-13.1523,-13.1199,-13.0876,-13.0546,-13.0211,-12.9876,-12.9541,-12.92,-12.8859,-12.8511,-12.8165,-12.7813,-12.746,-12.7102,-12.6744,-12.6385,-12.6022,-12.5652,-12.5282,-12.4912,-12.4537,-12.4155,-12.3774,-12.3387,-12.3,-12.2601,-12.2203,-12.1803,0,0,0,0,0,0,0,0,0,0,0,0,0,0,0,
0,0,0,0,0,0,0,0,0,0,0,0,0,0,0,-11.7557,-11.7944,-11.8324,-11.8704,-11.908,-11.9455,-11.9824,-12.0186,-12.055,-12.0908,-12.1265,-12.1622,-12.1969,-12.2319,-12.2665,-12.3006,-12.3346,-12.3687,-12.402,-12.4349,-12.4683,-12.5012,-12.5335,-12.5657,-12.5975,-12.6291,-12.6608,-12.692,-12.7231,-12.7538,-12.7842,-12.8142,-12.8441,-12.8741,-12.9029,-12.9323,-12.9612,-12.9894,-13.0175,-13.0452,-13.0729,-13.0999,-13.127,-13.1534,-13.1794,-13.2053,-13.2306,-13.2559,-13.2806,-13.3047,-13.3289,-13.353,-13.3759,-13.399,-13.4213,-13.4437,-13.4655,-13.4873,-13.5079,-13.5291,-13.5492,-13.5693,-13.5887,-13.6082,-13.6269,-13.6453,-13.663,-13.6806,-13.6983,-13.7154,-13.7319,-13.7479,-13.7638,-13.7792,-13.7945,-13.8093,-13.8235,-13.8376,-13.8517,-13.8652,-13.8783,-13.8908,-13.9036,-13.9155,-13.9273,-13.9391,-13.9503,-13.9615,-13.9721,-13.9827,-13.9929,-14.0028,-14.0123,-14.0218,-14.0312,-14.04,-14.0483,-14.0566,-14.0649,-14.0725,-14.0802,-14.0879,-14.095,-14.1015,-14.1086,-14.1145,-14.1204,-14.1263,-14.1317,-14.137,-14.1417,-14.1464,-14.1506,-14.1541,-14.1577,-14.1612,-14.1636,-14.1659,-14.1683,-14.1695,-14.1707,-14.1718,-14.1719,-14.1719,-14.1718,-14.1707,-14.1695,-14.1683,-14.1659,-14.1636,-14.1612,-14.1577,-14.1541,-14.1506,-14.1464,-14.1417,-14.137,-14.1317,-14.1263,-14.1204,-14.1145,-14.1086,-14.1015,-14.095,-14.0879,-14.0802,-14.0725,-14.0649,-14.0566,-14.0483,-14.04,-14.0312,-14.0218,-14.0123,-14.0028,-13.9929,-13.9827,-13.9721,-13.9615,-13.9503,-13.9391,-13.9273,-13.9155,-13.9036,-13.8908,-13.8783,-13.8652,-13.8517,-13.8376,-13.8235,-13.8093,-13.7945,-13.7792,-13.7638,-13.7479,-13.7319,-13.7154,-13.6983,-13.6806,-13.663,-13.6453,-13.6269,-13.6082,-13.5887,-13.5693,-13.5492,-13.5291,-13.5079,-13.4873,-13.4655,-13.4437,-13.4213,-13.399,-13.3759,-13.353,-13.3289,-13.3047,-13.2806,-13.2559,-13.2306,-13.2053,-13.1794,-13.1534,-13.127,-13.0999,-13.0729,-13.0452,-13.0175,-12.9894,-12.9612,-12.9323,-12.9029,-12.8741,-12.8441,-12.8142,-12.7842,-12.7538,-12.7231,-12.692,-12.6608,-12.6291,-12.5975,-12.5657,-12.5335,-12.5012,-12.4683,-12.4349,-12.402,-12.3687,-12.3346,-12.3006,-12.2665,-12.2319,-12.1969,-12.1622,-12.1265,-12.0908,-12.055,-12.0186,-11.9824,-11.9455,-11.908,-11.8704,-11.8324,-11.7944,-11.7557,0,0,0,0,0,0,0,0,0,0,0,0,0,0,0,
0,0,0,0,0,0,0,0,0,0,0,0,0,0,-11.2932,-11.3306,-11.368,-11.4048,-11.4411,-11.4773,-11.513,-11.5486,-11.5838,-11.6189,-11.6534,-11.6873,-11.7213,-11.7552,-11.7885,-11.8219,-11.8547,-11.8875,-11.9202,-11.9524,-11.9846,-12.0163,-12.0479,-12.079,-12.11,-12.1411,-12.1716,-12.2015,-12.232,-12.2619,-12.2911,-12.3206,-12.3492,-12.378,-12.4068,-12.4349,-12.463,-12.4906,-12.5177,-12.5447,-12.5716,-12.5981,-12.6238,-12.6497,-12.6756,-12.7008,-12.7255,-12.7501,-12.7742,-12.7977,-12.8212,-12.8448,-12.867,-12.8895,-12.9118,-12.9335,-12.9546,-12.9758,-12.9964,-13.0164,-13.0364,-13.0558,-13.0752,-13.094,-13.1122,-13.1305,-13.1482,-13.1653,-13.1823,-13.1994,-13.2152,-13.2312,-13.2471,-13.2623,-13.2771,-13.2912,-13.3059,-13.3194,-13.333,-13.3466,-13.3595,-13.3719,-13.3842,-13.396,-13.4077,-13.4196,-13.4307,-13.4414,-13.452,-13.4625,-13.4726,-13.482,-13.492,-13.5009,-13.5103,-13.5191,-13.5279,-13.5362,-13.5439,-13.5521,-13.5598,-13.5669,-13.5746,-13.5811,-13.5881,-13.5946,-13.6005,-13.6064,-13.6123,-13.6176,-13.6223,-13.6271,-13.6318,-13.6359,-13.6394,-13.643,-13.6459,-13.6487,-13.6511,-13.6529,-13.6546,-13.6558,-13.6564,-13.657,-13.657,-13.6564,-13.6558,-13.6546,-13.6529,-13.6511,-13.6487,-13.6459,-13.643,-13.6394,-13.6359,-13.6318,-13.6271,-13.6223,-13.6176,-13.6123,-13.6064,-13.6005,-13.5946,-13.5881,-13.5811,-13.5746,-13.5669,-13.5598,-13.5521,-13.5439,-13.5362,-13.5279,-13.5191,-13.5103,-13.5009,-13.492,-13.482,-13.4726,-13.4625,-13.452,-13.4414,-13.4307,-13.4196,-13.4077,-13.396,-13.3842,-13.3719,-13.3595,-13.3466,-13.333,-13.3194,-13.3059,-13.2912,-13.2771,-13.2623,-13.2471,-13.2312,-13.2152,-13.1994,-13.1823,-13.1653,-13.1482,-13.1305,-13.1122,-13.094,-13.0752,-13.0558,-13.0364,-13.0164,-12.9964,-12.9758,-12.9546,-12.9335,-12.9118,-12.8895,-12.867,-12.8448,-12.8212,-12.7977,-12.7742,-12.7501,-12.7255,-12.7008,-12.6756,-12.6497,-12.6238,-12.5981,-12.5716,-12.5447,-12.5177,-12.4906,-12.463,-12.4349,-12.4068,-12.378,-12.3492,-12.3206,-12.2911,-12.2619,-12.232,-12.2015,-12.1716,-12.1411,-12.11,-12.079,-12.0479,-12.0163,-11.9846,-11.9524,-11.9202,-11.8875,-11.8547,-11.8219,-11.7885,-11.7552,-11.7213,-11.6873,-11.6534,-11.6189,-11.5838,-11.5486,-11.513,-11.4773,-11.4411,-11.4048,-11.368,-11.3306,-11.2932,0,0,0,0,0,0,0,0,0,0,0,0,0,0,
0,0,0,0,0,0,0,0,0,0,0,0,0,0,-10.8693,-10.9055,-10.9411,-10.9767,-11.0117,-11.0462,-11.0806,-11.1145,-11.1484,-11.1823,-11.2149,-11.2483,-11.2809,-11.3131,-11.3452,-11.3773,-11.4089,-11.4405,-11.4721,-11.503,-11.5334,-11.5639,-11.5943,-11.6247,-11.6545,-11.6838,-11.7137,-11.7422,-11.7716,-11.8002,-11.8283,-11.8564,-11.8846,-11.9121,-11.9396,-11.9665,-11.9935,-12.0198,-12.0461,-12.072,-12.0977,-12.1229,-12.1482,-12.1734,-12.1973,-12.2214,-12.2455,-12.2689,-12.2923,-12.3152,-12.3375,-12.3598,-12.3815,-12.4032,-12.4244,-12.4454,-12.466,-12.486,-12.5059,-12.5252,-12.5441,-12.5629,-12.581,-12.5992,-12.6168,-12.6345,-12.6514,-12.6679,-12.6843,-12.7002,-12.7154,-12.7308,-12.746,-12.7601,-12.7748,-12.7884,-12.8024,-12.8154,-12.8283,-12.8412,-12.8536,-12.8659,-12.8777,-12.8888,-12.9006,-12.9112,-12.9223,-12.9324,-12.9429,-12.9529,-12.9624,-12.9717,-12.9811,-12.99,-12.9988,-13.0075,-13.0158,-13.0241,-13.0317,-13.0394,-13.047,-13.0541,-13.0611,-13.0676,-13.0747,-13.0806,-13.087,-13.0923,-13.0982,-13.1035,-13.1082,-13.1129,-13.1176,-13.1212,-13.1252,-13.1287,-13.1316,-13.134,-13.1364,-13.1387,-13.1399,-13.1411,-13.1422,-13.1428,-13.1428,-13.1422,-13.1411,-13.1399,-13.1387,-13.1364,-13.134,-13.1316,-13.1287,-13.1252,-13.1212,-13.1176,-13.1129,-13.1082,-13.1035,-13.0982,-13.0923,-13.087,-13.0806,-13.0747,-13.0676,-13.0611,-13.0541,-13.047,-13.0394,-13.0317,-13.0241,-13.0158,-13.0075,-12.9988,-12.99,-12.9811,-12.9717,-12.9624,-12.9529,-12.9429,-12.9324,-12.9223,-12.9112,-12.9006,-12.8888,-12.8777,-12.8659,-12.8536,-12.8412,-12.8283,-12.8154,-12.8024,-12.7884,-12.7748,-12.7601,-12.746,-12.7308,-12.7154,-12.7002,-12.6843,-12.6679,-12.6514,-12.6345,-12.6168,-12.5992,-12.581,-12.5629,-12.5441,-12.5252,-12.5059,-12.486,-12.466,-12.4454,-12.4244,-12.4032,-12.3815,-12.3598,-12.3375,-12.3152,-12.2923,-12.2689,-12.2455,-12.2214,-12.1973,-12.1734,-12.1482,-12.1229,-12.0977,-12.072,-12.0461,-12.0198,-11.9935,-11.9665,-11.9396,-11.9121,-11.8846,-11.8564,-11.8283,-11.8002,-11.7716,-11.7422,-11.7137,-11.6838,-11.6545,-11.6247,-11.5943,-11.5639,-11.5334,-11.503,-11.4721,-11.4405,-11.4089,-11.3773,-11.3452,-11.3131,-11.2809,-11.2483,-11.2149,-11.1823,-11.1484,-11.1145,-11.0806,-11.0462,-11.0117,-10.9767,-10.9411,-10.9055,-10.8693,0,0,0,0,0,0,0,0,0,0,0,0,0,0,
0,0,0,0,0,0,0,0,0,0,0,0,0,0,-10.4449,-10.4799,-10.5142,-10.5481,-10.5818,-10.6151,-10.6477,-10.6804,-10.713,-10.7451,-10.7771,-10.8087,-10.8401,-10.8711,-10.902,-10.933,-10.9633,-10.9931,-11.0234,-11.0532,-11.0824,-11.1116,-11.1407,-11.1699,-11.1986,-11.2266,-11.2552,-11.2833,-11.3107,-11.3382,-11.3657,-11.3926,-11.4195,-11.4458,-11.4721,-11.4978,-11.5235,-11.5492,-11.5744,-11.5995,-11.6241,-11.6481,-11.6726,-11.6961,-11.7195,-11.7429,-11.7657,-11.7879,-11.8102,-11.8324,-11.8541,-11.8752,-11.8962,-11.9167,-11.9373,-11.9572,-11.9765,-11.9958,-12.0151,-12.0333,-12.052,-12.0697,-12.0872,-12.1048,-12.1217,-12.1381,-12.1546,-12.1704,-12.1857,-12.2009,-12.2162,-12.2308,-12.2448,-12.2589,-12.2725,-12.2859,-12.2988,-12.3117,-12.3241,-12.3363,-12.3481,-12.3598,-12.371,-12.3821,-12.3933,-12.4037,-12.4138,-12.4237,-12.4337,-12.4432,-12.4525,-12.4619,-12.4707,-12.4795,-12.4877,-12.4959,-12.5041,-12.5118,-12.5194,-12.527,-12.5341,-12.5411,-12.5482,-12.5547,-12.5611,-12.567,-12.5734,-12.5787,-12.584,-12.5893,-12.5946,-12.5987,-12.6033,-12.6074,-12.6109,-12.6144,-12.6174,-12.6198,-12.6221,-12.6244,-12.6256,-12.6268,-12.628,-12.628,-12.628,-12.628,-12.6268,-12.6256,-12.6244,-12.6221,-12.6198,-12.6174,-12.6144,-12.6109,-12.6074,-12.6033,-12.5987,-12.5946,-12.5893,-12.584,-12.5787,-12.5734,-12.567,-12.5611,-12.5547,-12.5482,-12.5411,-12.5341,-12.527,-12.5194,-12.5118,-12.5041,-12.4959,-12.4877,-12.4795,-12.4707,-12.4619,-12.4525,-12.4432,-12.4337,-12.4237,-12.4138,-12.4037,-12.3933,-12.3821,-12.371,-12.3598,-12.3481,-12.3363,-12.3241,-12.3117,-12.2988,-12.2859,-12.2725,-12.2589,-12.2448,-12.2308,-12.2162,-12.2009,-12.1857,-12.1704,-12.1546,-12.1381,-12.1217,-12.1048,-12.0872,-12.0697,-12.052,-12.0333,-12.0151,-11.9958,-11.9765,-11.9572,-11.9373,-11.9167,-11.8962,-11.8752,-11.8541,-11.8324,-11.8102,-11.7879,-11.7657,-11.7429,-11.7195,-11.6961,-11.6726,-11.6481,-11.6241,-11.5995,-11.5744,-11.5492,-11.5235,-11.4978,-11.4721,-11.4458,-11.4195,-11.3926,-11.3657,-11.3382,-11.3107,-11.2833,-11.2552,-11.2266,-11.1986,-11.1699,-11.1407,-11.1116,-11.0824,-11.0532,-11.0234,-10.9931,-10.9633,-10.933,-10.902,-10.8711,-10.8401,-10.8087,-10.7771,-10.7451,-10.713,-10.6804,-10.6477,-10.6151,-10.5818,-10.5481,-10.5142,-10.4799,-10.4449,0,0,0,0,0,0,0,0,0,0,0,0,0,0,
0,0,0,0,0,0,0,0,0,0,0,0,0,0,-10.0211,-10.0542,-10.0868,-10.1194,-10.1514,-10.1834,-10.2149,-10.2463,-10.2771,-10.308,-10.3389,-10.3692,-10.3989,-10.4286,-10.4583,-10.4881,-10.5171,-10.5457,-10.5743,-10.6028,-10.6314,-10.6594,-10.6874,-10.7148,-10.7422,-10.7696,-10.7965,-10.8233,-10.8501,-10.8764,-10.9025,-10.9283,-10.9539,-10.9796,-11.0047,-11.0292,-11.0543,-11.0783,-11.1028,-11.1267,-11.1501,-11.1734,-11.1962,-11.219,-11.2418,-11.2641,-11.2856,-11.3073,-11.3288,-11.3493,-11.3704,-11.3908,-11.4106,-11.4305,-11.4499,-11.4691,-11.4878,-11.506,-11.5241,-11.5422,-11.5598,-11.5768,-11.5937,-11.6101,-11.6264,-11.6422,-11.6574,-11.6727,-11.6879,-11.7025,-11.7166,-11.7306,-11.7441,-11.7575,-11.7704,-11.7832,-11.7961,-11.8079,-11.8201,-11.8318,-11.8429,-11.8541,-11.8646,-11.8758,-11.8857,-11.8962,-11.9057,-11.9155,-11.925,-11.9343,-11.9431,-11.9519,-11.9607,-11.9688,-11.977,-11.9847,-11.9929,-12.0005,-12.0075,-12.0152,-12.0222,-12.0287,-12.0351,-12.0416,-12.048,-12.0539,-12.0597,-12.0656,-12.0708,-12.0755,-12.0807,-12.0848,-12.0895,-12.093,-12.0971,-12.1001,-12.1036,-12.1059,-12.1083,-12.1101,-12.1118,-12.113,-12.1136,-12.1142,-12.1142,-12.1136,-12.113,-12.1118,-12.1101,-12.1083,-12.1059,-12.1036,-12.1001,-12.0971,-12.093,-12.0895,-12.0848,-12.0807,-12.0755,-12.0708,-12.0656,-12.0597,-12.0539,-12.048,-12.0416,-12.0351,-12.0287,-12.0222,-12.0152,-12.0075,-12.0005,-11.9929,-11.9847,-11.977,-11.9688,-11.9607,-11.9519,-11.9431,-11.9343,-11.925,-11.9155,-11.9057,-11.8962,-11.8857,-11.8758,-11.8646,-11.8541,-11.8429,-11.8318,-11.8201,-11.8079,-11.7961,-11.7832,-11.7704,-11.7575,-11.7441,-11.7306,-11.7166,-11.7025,-11.6879,-11.6727,-11.6574,-11.6422,-11.6264,-11.6101,-11.5937,-11.5768,-11.5598,-11.5422,-11.5241,-11.506,-11.4878,-11.4691,-11.4499,-11.4305,-11.4106,-11.3908,-11.3704,-11.3493,-11.3288,-11.3073,-11.2856,-11.2641,-11.2418,-11.219,-11.1962,-11.1734,-11.1501,-11.1267,-11.1028,-11.0783,-11.0543,-11.0292,-11.0047,-10.9796,-10.9539,-10.9283,-10.9025,-10.8764,-10.8501,-10.8233,-10.7965,-10.7696,-10.7422,-10.7148,-10.6874,-10.6594,-10.6314,-10.6028,-10.5743,-10.5457,-10.5171,-10.4881,-10.4583,-10.4286,-10.3989,-10.3692,-10.3389,-10.308,-10.2771,-10.2463,-10.2149,-10.1834,-10.1514,-10.1194,-10.0868,-10.0542,-10.0211,0,0,0,0,0,0,0,0,0,0,0,0,0,0,
0,0,0,0,0,0,0,0,0,0,0,0,0,0,-9.59604,-9.62794,-9.65935,-9.69013,-9.72092,-9.7518,-9.78197,-9.81168,-9.84132,-9.87094,-9.90005,-9.92912,-9.95768,-9.9861,-10.0146,-10.0425,-10.0705,-10.0985,-10.1258,-10.1531,-10.1799,-10.2067,-10.2335,-10.2603,-10.2864,-10.3121,-10.3382,-10.3639,-10.389,-10.4147,-10.4391,-10.4642,-10.4886,-10.513,-10.537,-10.5609,-10.5842,-10.6075,-10.6308,-10.6535,-10.6763,-10.6984,-10.7206,-10.7422,-10.7638,-10.7848,-10.8058,-10.8262,-10.8466,-10.867,-10.8862,-10.9061,-10.9253,-10.944,-10.9628,-10.9808,-10.9989,-11.0164,-11.0334,-11.0508,-11.0672,-11.0835,-11.0999,-11.1157,-11.1308,-11.146,-11.1607,-11.1752,-11.1898,-11.2038,-11.2173,-11.2307,-11.2435,-11.2564,-11.2687,-11.2809,-11.2926,-11.3044,-11.316,-11.3271,-11.3376,-11.3487,-11.3587,-11.3692,-11.3791,-11.3885,-11.3978,-11.4072,-11.4166,-11.4253,-11.4335,-11.4423,-11.4504,-11.4586,-11.4662,-11.4738,-11.4814,-11.489,-11.4961,-11.5031,-11.5095,-11.5165,-11.523,-11.5288,-11.5353,-11.5411,-11.5464,-11.5522,-11.5574,-11.5621,-11.5667,-11.5714,-11.5755,-11.5796,-11.5831,-11.5867,-11.5896,-11.592,-11.5943,-11.5966,-11.5978,-11.599,-11.6002,-11.6002,-11.6002,-11.6002,-11.599,-11.5978,-11.5966,-11.5943,-11.592,-11.5896,-11.5867,-11.5831,-11.5796,-11.5755,-11.5714,-11.5667,-11.5621,-11.5574,-11.5522,-11.5464,-11.5411,-11.5353,-11.5288,-11.523,-11.5165,-11.5095,-11.5031,-11.4961,-11.489,-11.4814,-11.4738,-11.4662,-11.4586,-11.4504,-11.4423,-11.4335,-11.4253,-11.4166,-11.4072,-11.3978,-11.3885,-11.3791,-11.3692,-11.3587,-11.3487,-11.3376,-11.3271,-11.316,-11.3044,-11.2926,-11.2809,-11.2687,-11.2564,-11.2435,-11.2307,-11.2173,-11.2038,-11.1898,-11.1752,-11.1607,-11.146,-11.1308,-11.1157,-11.0999,-11.0835,-11.0672,-11.0508,-11.0334,-11.0164,-10.9989,-10.9808,-10.9628,-10.944,-10.9253,-10.9061,-10.8862,-10.867,-10.8466,-10.8262,-10.8058,-10.7848,-10.7638,-10.7422,-10.7206,-10.6984,-10.6763,-10.6535,-10.6308,-10.6075,-10.5842,-10.5609,-10.537,-10.513,-10.4886,-10.4642,-10.4391,-10.4147,-10.389,-10.3639,-10.3382,-10.3121,-10.2864,-10.2603,-10.2335,-10.2067,-10.1799,-10.1531,-10.1258,-10.0985,-10.0705,-10.0425,-10.0146,-9.9861,-9.95768,-9.92912,-9.90005,-9.87094,-9.84132,-9.81168,-9.78197,-9.7518,-9.72092,-9.69013,-9.65935,-9.62794,-9.59604,0,0,0,0,0,0,0,0,0,0,0,0,0,0,
0,0,0,0,0,0,0,0,0,0,0,0,0,-9.14073,-9.1715,-9.20167,-9.23125,-9.26142,-9.29048,-9.31955,-9.34856,-9.37704,-9.40544,-9.43335,-9.46119,-9.48912,-9.51646,-9.54375,-9.57045,-9.59715,-9.62393,-9.65061,-9.6768,-9.70296,-9.72853,-9.75406,-9.77972,-9.80475,-9.82965,-9.85465,-9.87968,-9.90407,-9.92795,-9.95239,-9.97622,-9.9995,-10.0234,-10.0461,-10.0694,-10.092,-10.1148,-10.1369,-10.159,-10.1805,-10.2021,-10.223,-10.2446,-10.2649,-10.2853,-10.3057,-10.3255,-10.3453,-10.3645,-10.3838,-10.403,-10.421,-10.4396,-10.4577,-10.4752,-10.4927,-10.5095,-10.5265,-10.5428,-10.5591,-10.5749,-10.5906,-10.6057,-10.6209,-10.6355,-10.6501,-10.6641,-10.6781,-10.6914,-10.7049,-10.7177,-10.7305,-10.7428,-10.7551,-10.7672,-10.7789,-10.79,-10.801,-10.8122,-10.8226,-10.8332,-10.8431,-10.853,-10.8623,-10.8723,-10.881,-10.8903,-10.8991,-10.9078,-10.916,-10.9242,-10.9323,-10.9405,-10.9481,-10.9557,-10.9633,-10.9703,-10.9773,-10.9843,-10.9913,-10.9978,-11.0042,-11.0106,-11.0164,-11.0223,-11.0281,-11.0334,-11.0385,-11.0438,-11.049,-11.0537,-11.0578,-11.0619,-11.066,-11.0695,-11.073,-11.076,-11.0783,-11.0806,-11.0823,-11.0841,-11.0853,-11.0859,-11.0864,-11.0864,-11.0859,-11.0853,-11.0841,-11.0823,-11.0806,-11.0783,-11.076,-11.073,-11.0695,-11.066,-11.0619,-11.0578,-11.0537,-11.049,-11.0438,-11.0385,-11.0334,-11.0281,-11.0223,-11.0164,-11.0106,-11.0042,-10.9978,-10.9913,-10.9843,-10.9773,-10.9703,-10.9633,-10.9557,-10.9481,-10.9405,-10.9323,-10.9242,-10.916,-10.9078,-10.8991,-10.8903,-10.881,-10.8723,-10.8623,-10.853,-10.8431,-10.8332,-10.8226,-10.8122,-10.801,-10.79,-10.7789,-10.7672,-10.7551,-10.7428,-10.7305,-10.7177,-10.7049,-10.6914,-10.6781,-10.6641,-10.6501,-10.6355,-10.6209,-10.6057,-10.5906,-10.5749,-10.5591,-10.5428,-10.5265,-10.5095,-10.4927,-10.4752,-10.4577,-10.4396,-10.421,-10.403,-10.3838,-10.3645,-10.3453,-10.3255,-10.3057,-10.2853,-10.2649,-10.2446,-10.223,-10.2021,-10.1805,-10.159,-10.1369,-10.1148,-10.092,-10.0694,-10.0461,-10.0234,-9.9995,-9.97622,-9.95239,-9.92795,-9.90407,-9.87968,-9.85465,-9.82965,-9.80475,-9.77972,-9.75406,-9.72853,-9.70296,-9.6768,-9.65061,-9.62393,-9.59715,-9.57045,-9.54375,-9.51646,-9.48912,-9.46119,-9.43335,-9.40544,-9.37704,-9.34856,-9.31955,-9.29048,-9.26142,-9.23125,-9.20167,-9.1715,-9.14073,0,0,0,0,0,0,0,0,0,0,0,0,0,
0,0,0,0,0,0,0,0,0,0,0,0,0,-8.71734,-8.74634,-8.77534,-8.80367,-8.83159,-8.85998,-8.88724,-8.91502,-8.94231,-8.96901,-8.9957,-9.02232,-9.04847,-9.07463,-9.10067,-9.12625,-9.15182,-9.17728,-9.20228,-9.22783,-9.25214,-9.27709,-9.30152,-9.32532,-9.34967,-9.37348,-9.39732,-9.42056,-9.44385,-9.46706,-9.49022,-9.51289,-9.53501,-9.55766,-9.57978,-9.60124,-9.62331,-9.64424,-9.6658,-9.68665,-9.70758,-9.72795,-9.74826,-9.76803,-9.78782,-9.80756,-9.82683,-9.84544,-9.86457,-9.88256,-9.90121,-9.91922,-9.93671,-9.95417,-9.97099,-9.98795,-10.0042,-10.0205,-10.0367,-10.0525,-10.0676,-10.0828,-10.0978,-10.1124,-10.1264,-10.1404,-10.1543,-10.1677,-10.1811,-10.1939,-10.2061,-10.2189,-10.2306,-10.2428,-10.2539,-10.2655,-10.2766,-10.2871,-10.2975,-10.3081,-10.3185,-10.3279,-10.3377,-10.3471,-10.3563,-10.3652,-10.3744,-10.3826,-10.3913,-10.3995,-10.4076,-10.4152,-10.4233,-10.4309,-10.4379,-10.4455,-10.4525,-10.4595,-10.4665,-10.4729,-10.4793,-10.4857,-10.4921,-10.498,-10.5038,-10.5096,-10.5155,-10.5206,-10.5259,-10.5305,-10.5358,-10.5405,-10.5445,-10.5486,-10.5527,-10.5562,-10.5591,-10.562,-10.5649,-10.5667,-10.569,-10.5702,-10.5714,-10.5725,-10.5726,-10.5726,-10.5725,-10.5714,-10.5702,-10.569,-10.5667,-10.5649,-10.562,-10.5591,-10.5562,-10.5527,-10.5486,-10.5445,-10.5405,-10.5358,-10.5305,-10.5259,-10.5206,-10.5155,-10.5096,-10.5038,-10.498,-10.4921,-10.4857,-10.4793,-10.4729,-10.4665,-10.4595,-10.4525,-10.4455,-10.4379,-10.4309,-10.4233,-10.4152,-10.4076,-10.3995,-10.3913,-10.3826,-10.3744,-10.3652,-10.3563,-10.3471,-10.3377,-10.3279,-10.3185,-10.3081,-10.2975,-10.2871,-10.2766,-10.2655,-10.2539,-10.2428,-10.2306,-10.2189,-10.2061,-10.1939,-10.1811,-10.1677,-10.1543,-10.1404,-10.1264,-10.1124,-10.0978,-10.0828,-10.0676,-10.0525,-10.0367,-10.0205,-10.0042,-9.98795,-9.97099,-9.95417,-9.93671,-9.91922,-9.90121,-9.88256,-9.86457,-9.84544,-9.82683,-9.80756,-9.78782,-9.76803,-9.74826,-9.72795,-9.70758,-9.68665,-9.6658,-9.64424,-9.62331,-9.60124,-9.57978,-9.55766,-9.53501,-9.51289,-9.49022,-9.46706,-9.44385,-9.42056,-9.39732,-9.37348,-9.34967,-9.32532,-9.30152,-9.27709,-9.25214,-9.22783,-9.20228,-9.17728,-9.15182,-9.12625,-9.10067,-9.07463,-9.04847,-9.02232,-8.9957,-8.96901,-8.94231,-8.91502,-8.88724,-8.85998,-8.83159,-8.80367,-8.77534,-8.74634,-8.71734,0,0,0,0,0,0,0,0,0,0,0,0,0,
0,0,0,0,0,0,0,0,0,0,0,0,0,-8.2933,-8.32105,-8.34824,-8.37553,-8.40218,-8.42877,-8.45489,-8.48089,-8.50696,-8.53248,-8.55795,-8.58345,-8.60835,-8.63331,-8.65766,-8.682,-8.70637,-8.73067,-8.75443,-8.77824,-8.802,-8.82516,-8.84835,-8.87154,-8.89418,-8.91676,-8.93943,-8.96208,-8.98409,-9.00609,-9.02759,-9.04904,-9.07051,-9.09195,-9.11292,-9.1338,-9.1541,-9.17438,-9.19466,-9.21444,-9.23416,-9.25395,-9.27306,-9.29225,-9.31076,-9.32936,-9.34743,-9.3654,-9.38334,-9.40081,-9.41826,-9.43506,-9.4519,-9.46817,-9.48443,-9.50074,-9.51642,-9.53153,-9.54665,-9.56175,-9.57625,-9.59074,-9.60476,-9.61867,-9.63201,-9.64541,-9.65824,-9.67101,-9.68377,-9.69598,-9.70764,-9.7198,-9.73087,-9.7425,-9.753,-9.76398,-9.77445,-9.78487,-9.79478,-9.80466,-9.81399,-9.82324,-9.8326,-9.84129,-9.85005,-9.85874,-9.86747,-9.87566,-9.88318,-9.89132,-9.89893,-9.90641,-9.91398,-9.92099,-9.928,-9.93498,-9.94195,-9.94894,-9.95533,-9.96173,-9.96814,-9.97397,-9.97979,-9.98618,-9.99143,-9.99724,-10.0024,-10.0076,-10.0129,-10.0175,-10.0222,-10.0269,-10.031,-10.0351,-10.039,-10.0425,-10.0455,-10.0484,-10.0513,-10.0531,-10.0553,-10.0565,-10.0577,-10.0588,-10.0589,-10.0589,-10.0588,-10.0577,-10.0565,-10.0553,-10.0531,-10.0513,-10.0484,-10.0455,-10.0425,-10.039,-10.0351,-10.031,-10.0269,-10.0222,-10.0175,-10.0129,-10.0076,-10.0024,-9.99724,-9.99143,-9.98618,-9.97979,-9.97397,-9.96814,-9.96173,-9.95533,-9.94894,-9.94195,-9.93498,-9.928,-9.92099,-9.91398,-9.90641,-9.89893,-9.89132,-9.88318,-9.87566,-9.86747,-9.85874,-9.85005,-9.84129,-9.8326,-9.82324,-9.81399,-9.80466,-9.79478,-9.78487,-9.77445,-9.76398,-9.753,-9.7425,-9.73087,-9.7198,-9.70764,-9.69598,-9.68377,-9.67101,-9.65824,-9.64541,-9.63201,-9.61867,-9.60476,-9.59074,-9.57625,-9.56175,-9.54665,-9.53153,-9.51642,-9.50074,-9.48443,-9.46817,-9.4519,-9.43506,-9.41826,-9.40081,-9.38334,-9.3654,-9.34743,-9.32936,-9.31076,-9.29225,-9.27306,-9.25395,-9.23416,-9.21444,-9.19466,-9.17438,-9.1541,-9.1338,-9.11292,-9.09195,-9.07051,-9.04904,-9.02759,-9.00609,-8.98409,-8.96208,-8.93943,-8.91676,-8.89418,-8.87154,-8.84835,-8.82516,-8.802,-8.77824,-8.75443,-8.73067,-8.70637,-8.682,-8.65766,-8.63331,-8.60835,-8.58345,-8.55795,-8.53248,-8.50696,-8.48089,-8.45489,-8.42877,-8.40218,-8.37553,-8.34824,-8.32105,-8.2933,0,0,0,0,0,0,0,0,0,0,0,0,0,
0,0,0,0,0,0,0,0,0,0,0,0,0,-7.86907,-7.8957,-7.92119,-7.94715,-7.97265,-7.99746,-8.02243,-8.04726,-8.07159,-8.09587,-8.12022,-8.14395,-8.16761,-8.19138,-8.2145,-8.23771,-8.26086,-8.28341,-8.30658,-8.32859,-8.35118,-8.37319,-8.39523,-8.4172,-8.43867,-8.4606,-8.48148,-8.50292,-8.52378,-8.54463,-8.56555,-8.58579,-8.60605,-8.62635,-8.64605,-8.66578,-8.68494,-8.70458,-8.72373,-8.7423,-8.76082,-8.77934,-8.79794,-8.81586,-8.83331,-8.85128,-8.86808,-8.88548,-8.90228,-8.91906,-8.93537,-8.95161,-8.96725,-8.9829,-8.99795,-9.01306,-9.02818,-9.04266,-9.0572,-9.07112,-9.08505,-9.09892,-9.11168,-9.12507,-9.13787,-9.15058,-9.16279,-9.17498,-9.18656,-9.19821,-9.20925,-9.22084,-9.2313,-9.24175,-9.25213,-9.26262,-9.27252,-9.28234,-9.29168,-9.30091,-9.31024,-9.31893,-9.32768,-9.33577,-9.34452,-9.35258,-9.36018,-9.36824,-9.37583,-9.3834,-9.39041,-9.39789,-9.40487,-9.41185,-9.41826,-9.42522,-9.43162,-9.43801,-9.4444,-9.45023,-9.45661,-9.46242,-9.46822,-9.47403,-9.47927,-9.48499,-9.49021,-9.49488,-9.50011,-9.50479,-9.50944,-9.51354,-9.51819,-9.52161,-9.52569,-9.52919,-9.53212,-9.53495,-9.5373,-9.53964,-9.5414,-9.54315,-9.54432,-9.54492,-9.54549,-9.54549,-9.54492,-9.54432,-9.54315,-9.5414,-9.53964,-9.5373,-9.53495,-9.53212,-9.52919,-9.52569,-9.52161,-9.51819,-9.51354,-9.50944,-9.50479,-9.50011,-9.49488,-9.49021,-9.48499,-9.47927,-9.47403,-9.46822,-9.46242,-9.45661,-9.45023,-9.4444,-9.43801,-9.43162,-9.42522,-9.41826,-9.41185,-9.40487,-9.39789,-9.39041,-9.3834,-9.37583,-9.36824,-9.36018,-9.35258,-9.34452,-9.33577,-9.32768,-9.31893,-9.31024,-9.30091,-9.29168,-9.28234,-9.27252,-9.26262,-9.25213,-9.24175,-9.2313,-9.22084,-9.20925,-9.19821,-9.18656,-9.17498,-9.16279,-9.15058,-9.13787,-9.12507,-9.11168,-9.09892,-9.08505,-9.07112,-9.0572,-9.04266,-9.02818,-9.01306,-8.99795,-8.9829,-8.96725,-8.95161,-8.93537,-8.91906,-8.90228,-8.88548,-8.86808,-8.85128,-8.83331,-8.81586,-8.79794,-8.77934,-8.76082,-8.7423,-8.72373,-8.70458,-8.68494,-8.66578,-8.64605,-8.62635,-8.60605,-8.58579,-8.56555,-8.54463,-8.52378,-8.50292,-8.48148,-8.4606,-8.43867,-8.4172,-8.39523,-8.37319,-8.35118,-8.32859,-8.30658,-8.28341,-8.26086,-8.23771,-8.2145,-8.19138,-8.16761,-8.14395,-8.12022,-8.09587,-8.07159,-8.04726,-8.02243,-7.99746,-7.97265,-7.94715,-7.92119,-7.8957,-7.86907,0,0,0,0,0,0,0,0,0,0,0,0,0,
0,0,0,0,0,0,0,0,0,0,0,0,0,-7.44476,-7.4696,-7.49442,-7.5187,-7.54241,-7.56609,-7.58982,-7.61288,-7.63605,-7.65916,-7.68228,-7.70485,-7.72686,-7.74936,-7.77134,-7.79333,-7.81476,-7.83666,-7.85808,-7.87945,-7.90032,-7.92116,-7.94198,-7.96279,-7.983,-8.00384,-8.02358,-8.04381,-8.06345,-8.0831,-8.10282,-8.12192,-8.14098,-8.16012,-8.17925,-8.19773,-8.21625,-8.23419,-8.25219,-8.27008,-8.28802,-8.30541,-8.32225,-8.33961,-8.35636,-8.37263,-8.38937,-8.40506,-8.42124,-8.43689,-8.45251,-8.46756,-8.4827,-8.49709,-8.51165,-8.52614,-8.54,-8.55391,-8.5672,-8.58062,-8.59386,-8.60667,-8.61938,-8.63159,-8.64371,-8.65532,-8.66692,-8.6785,-8.68947,-8.70055,-8.71098,-8.7214,-8.73185,-8.74174,-8.75151,-8.7614,-8.77065,-8.77995,-8.7886,-8.79735,-8.80599,-8.81416,-8.8228,-8.8304,-8.83848,-8.84605,-8.85362,-8.86109,-8.8681,-8.87565,-8.88254,-8.88896,-8.89591,-8.90232,-8.90869,-8.91508,-8.92146,-8.92784,-8.93365,-8.93944,-8.94524,-8.95105,-8.95629,-8.96208,-8.96721,-8.97245,-8.97767,-8.98233,-8.98698,-8.99164,-8.9963,-9.00028,-9.00493,-9.00845,-9.01196,-9.01537,-9.0183,-9.02122,-9.02413,-9.02581,-9.02757,-9.02932,-9.03049,-9.03108,-9.03166,-9.03166,-9.03108,-9.03049,-9.02932,-9.02757,-9.02581,-9.02413,-9.02122,-9.0183,-9.01537,-9.01196,-9.00845,-9.00493,-9.00028,-8.9963,-8.99164,-8.98698,-8.98233,-8.97767,-8.97245,-8.96721,-8.96208,-8.95629,-8.95105,-8.94524,-8.93944,-8.93365,-8.92784,-8.92146,-8.91508,-8.90869,-8.90232,-8.89591,-8.88896,-8.88254,-8.87565,-8.8681,-8.86109,-8.85362,-8.84605,-8.83848,-8.8304,-8.8228,-8.81416,-8.80599,-8.79735,-8.7886,-8.77995,-8.77065,-8.7614,-8.75151,-8.74174,-8.73185,-8.7214,-8.71098,-8.70055,-8.68947,-8.6785,-8.66692,-8.65532,-8.64371,-8.63159,-8.61938,-8.60667,-8.59386,-8.58062,-8.5672,-8.55391,-8.54,-8.52614,-8.51165,-8.49709,-8.4827,-8.46756,-8.45251,-8.43689,-8.42124,-8.40506,-8.38937,-8.37263,-8.35636,-8.33961,-8.32225,-8.30541,-8.28802,-8.27008,-8.25219,-8.23419,-8.21625,-8.19773,-8.17925,-8.16012,-8.14098,-8.12192,-8.10282,-8.0831,-8.06345,-8.04381,-8.02358,-8.00384,-7.983,-7.96279,-7.94198,-7.92116,-7.90032,-7.87945,-7.85808,-7.83666,-7.81476,-7.79333,-7.77134,-7.74936,-7.72686,-7.70485,-7.68228,-7.65916,-7.63605,-7.61288,-7.58982,-7.56609,-7.54241,-7.5187,-7.49442,-7.4696,-7.44476,0,0,0,0,0,0,0,0,0,0,0,0,0,
0,0,0,0,0,0,0,0,0,0,0,0,0,-7.02083,-7.04395,-7.06699,-7.08954,-7.11262,-7.13459,-7.15706,-7.179,-7.20094,-7.22236,-7.24369,-7.26507,-7.28644,-7.30725,-7.32802,-7.34883,-7.36904,-7.38927,-7.40949,-7.42975,-7.44935,-7.46904,-7.48866,-7.50833,-7.52738,-7.54702,-7.56555,-7.58458,-7.60309,-7.62165,-7.64005,-7.65863,-7.6765,-7.69445,-7.71176,-7.72972,-7.74705,-7.76386,-7.78118,-7.79798,-7.81474,-7.83088,-7.84709,-7.86331,-7.87888,-7.89453,-7.91014,-7.92521,-7.9402,-7.95472,-7.96916,-7.98364,-7.9981,-8.01199,-8.0253,-8.0386,-8.0519,-8.0652,-8.07793,-8.09005,-8.10223,-8.11436,-8.1265,-8.1381,-8.14908,-8.16073,-8.17165,-8.1821,-8.19258,-8.20297,-8.21279,-8.22265,-8.2325,-8.24178,-8.25099,-8.26028,-8.26893,-8.27766,-8.28572,-8.29443,-8.30251,-8.31008,-8.31759,-8.32572,-8.33263,-8.34018,-8.3471,-8.35406,-8.36105,-8.368,-8.37431,-8.38069,-8.38708,-8.39347,-8.39927,-8.40562,-8.41144,-8.41724,-8.42302,-8.42825,-8.43403,-8.43924,-8.44503,-8.45018,-8.45482,-8.46004,-8.46525,-8.46991,-8.47455,-8.4792,-8.4832,-8.48728,-8.49136,-8.49543,-8.49885,-8.50178,-8.50471,-8.50754,-8.50989,-8.51222,-8.5139,-8.51508,-8.51625,-8.51741,-8.51742,-8.51742,-8.51741,-8.51625,-8.51508,-8.5139,-8.51222,-8.50989,-8.50754,-8.50471,-8.50178,-8.49885,-8.49543,-8.49136,-8.48728,-8.4832,-8.4792,-8.47455,-8.46991,-8.46525,-8.46004,-8.45482,-8.45018,-8.44503,-8.43924,-8.43403,-8.42825,-8.42302,-8.41724,-8.41144,-8.40562,-8.39927,-8.39347,-8.38708,-8.38069,-8.37431,-8.368,-8.36105,-8.35406,-8.3471,-8.34018,-8.33263,-8.32572,-8.31759,-8.31008,-8.30251,-8.29443,-8.28572,-8.27766,-8.26893,-8.26028,-8.25099,-8.24178,-8.2325,-8.22265,-8.21279,-8.20297,-8.19258,-8.1821,-8.17165,-8.16073,-8.14908,-8.1381,-8.1265,-8.11436,-8.10223,-8.09005,-8.07793,-8.0652,-8.0519,-8.0386,-8.0253,-8.01199,-7.9981,-7.98364,-7.96916,-7.95472,-7.9402,-7.92521,-7.91014,-7.89453,-7.87888,-7.86331,-7.84709,-7.83088,-7.81474,-7.79798,-7.78118,-7.76386,-7.74705,-7.72972,-7.71176,-7.69445,-7.6765,-7.65863,-7.64005,-7.62165,-7.60309,-7.58458,-7.56555,-7.54702,-7.52738,-7.50833,-7.48866,-7.46904,-7.44935,-7.42975,-7.40949,-7.38927,-7.36904,-7.34883,-7.32802,-7.30725,-7.28644,-7.26507,-7.24369,-7.22236,-7.20094,-7.179,-7.15706,-7.13459,-7.11262,-7.08954,-7.06699,-7.04395,-7.02083,0,0,0,0,0,0,0,0,0,0,0,0,0,
0,0,0,0,0,0,0,0,0,0,0,0,0,-6.59615,-6.61807,-6.63941,-6.66075,-6.68205,-6.70283,-6.72417,-6.74441,-6.76517,-6.78537,-6.80552,-6.82516,-6.84538,-6.86502,-6.88464,-6.90368,-6.92329,-6.94231,-6.96133,-6.97982,-6.99832,-7.01738,-7.03523,-7.0537,-7.07161,-7.0901,-7.10796,-7.12533,-7.14321,-7.16058,-7.1779,-7.19461,-7.21134,-7.22811,-7.24489,-7.26162,-7.27776,-7.29395,-7.30956,-7.32575,-7.34132,-7.35633,-7.37192,-7.38696,-7.4014,-7.41643,-7.43086,-7.44475,-7.45918,-7.47302,-7.48639,-7.49963,-7.51291,-7.52624,-7.53893,-7.55168,-7.5638,-7.57597,-7.58808,-7.59964,-7.61121,-7.62274,-7.63375,-7.64468,-7.65512,-7.66553,-7.67595,-7.68577,-7.6956,-7.70544,-7.71469,-7.72395,-7.7332,-7.74181,-7.75053,-7.75921,-7.76727,-7.77543,-7.78346,-7.79104,-7.79853,-7.80607,-7.81298,-7.82052,-7.82744,-7.83439,-7.84072,-7.84712,-7.85405,-7.8598,-7.86616,-7.87255,-7.87835,-7.88413,-7.88993,-7.8957,-7.9015,-7.90671,-7.91248,-7.91769,-7.92291,-7.92811,-7.93324,-7.93789,-7.9431,-7.94774,-7.95238,-7.95703,-7.96166,-7.96567,-7.97031,-7.97437,-7.9778,-7.98188,-7.98481,-7.98822,-7.99115,-7.99406,-7.99633,-7.99809,-7.99985,-8.00152,-8.00212,-8.00328,-8.00329,-8.00329,-8.00328,-8.00212,-8.00152,-7.99985,-7.99809,-7.99633,-7.99406,-7.99115,-7.98822,-7.98481,-7.98188,-7.9778,-7.97437,-7.97031,-7.96567,-7.96166,-7.95703,-7.95238,-7.94774,-7.9431,-7.93789,-7.93324,-7.92811,-7.92291,-7.91769,-7.91248,-7.90671,-7.9015,-7.8957,-7.88993,-7.88413,-7.87835,-7.87255,-7.86616,-7.8598,-7.85405,-7.84712,-7.84072,-7.83439,-7.82744,-7.82052,-7.81298,-7.80607,-7.79853,-7.79104,-7.78346,-7.77543,-7.76727,-7.75921,-7.75053,-7.74181,-7.7332,-7.72395,-7.71469,-7.70544,-7.6956,-7.68577,-7.67595,-7.66553,-7.65512,-7.64468,-7.63375,-7.62274,-7.61121,-7.59964,-7.58808,-7.57597,-7.5638,-7.55168,-7.53893,-7.52624,-7.51291,-7.49963,-7.48639,-7.47302,-7.45918,-7.44475,-7.43086,-7.41643,-7.4014,-7.38696,-7.37192,-7.35633,-7.34132,-7.32575,-7.30956,-7.29395,-7.27776,-7.26162,-7.24489,-7.22811,-7.21134,-7.19461,-7.1779,-7.16058,-7.14321,-7.12533,-7.10796,-7.0901,-7.07161,-7.0537,-7.03523,-7.01738,-6.99832,-6.97982,-6.96133,-6.94231,-6.92329,-6.90368,-6.88464,-6.86502,-6.84538,-6.82516,-6.80552,-6.78537,-6.76517,-6.74441,-6.72417,-6.70283,-6.68205,-6.66075,-6.63941,-6.61807,-6.59615,0,0,0,0,0,0,0,0,0,0,0,0,0,
0,0,0,0,0,0,0,0,0,0,0,0,-6.15051,-6.17123,-6.19139,-6.21159,-6.23173,-6.25192,-6.27149,-6.29054,-6.31012,-6.32918,-6.34818,-6.36722,-6.38565,-6.40413,-6.42257,-6.44099,-6.45886,-6.47676,-6.49463,-6.51254,-6.5298,-6.54767,-6.56501,-6.58228,-6.59904,-6.61633,-6.63302,-6.64979,-6.66591,-6.68266,-6.69884,-6.71497,-6.73112,-6.74667,-6.76229,-6.77785,-6.79339,-6.8084,-6.8234,-6.83846,-6.85284,-6.86785,-6.88225,-6.89615,-6.91057,-6.9244,-6.93773,-6.95155,-6.96482,-6.97808,-6.9908,-7.0035,-7.01618,-7.02829,-7.04044,-7.05257,-7.06414,-7.0757,-7.08722,-7.09821,-7.10916,-7.12011,-7.13051,-7.14088,-7.15131,-7.16113,-7.17093,-7.18018,-7.18997,-7.19924,-7.20791,-7.21657,-7.22522,-7.23391,-7.24196,-7.25005,-7.2581,-7.26566,-7.27313,-7.28067,-7.28758,-7.29511,-7.30202,-7.30841,-7.31529,-7.32169,-7.32808,-7.33439,-7.34076,-7.34657,-7.35227,-7.35807,-7.36385,-7.36965,-7.37541,-7.38063,-7.38584,-7.39162,-7.39682,-7.40144,-7.40664,-7.41184,-7.41648,-7.4216,-7.42622,-7.43086,-7.4355,-7.44013,-7.4442,-7.44876,-7.45283,-7.4569,-7.4609,-7.4644,-7.4679,-7.47132,-7.47424,-7.47709,-7.48001,-7.48227,-7.48404,-7.48579,-7.4869,-7.48806,-7.48865,-7.48867,-7.48867,-7.48865,-7.48806,-7.4869,-7.48579,-7.48404,-7.48227,-7.48001,-7.47709,-7.47424,-7.47132,-7.4679,-7.4644,-7.4609,-7.4569,-7.45283,-7.44876,-7.4442,-7.44013,-7.4355,-7.43086,-7.42622,-7.4216,-7.41648,-7.41184,-7.40664,-7.40144,-7.39682,-7.39162,-7.38584,-7.38063,-7.37541,-7.36965,-7.36385,-7.35807,-7.35227,-7.34657,-7.34076,-7.33439,-7.32808,-7.32169,-7.31529,-7.30841,-7.30202,-7.29511,-7.28758,-7.28067,-7.27313,-7.26566,-7.2581,-7.25005,-7.24196,-7.23391,-7.22522,-7.21657,-7.20791,-7.19924,-7.18997,-7.18018,-7.17093,-7.16113,-7.15131,-7.14088,-7.13051,-7.12011,-7.10916,-7.09821,-7.08722,-7.0757,-7.06414,-7.05257,-7.04044,-7.02829,-7.01618,-7.0035,-6.9908,-6.97808,-6.96482,-6.95155,-6.93773,-6.9244,-6.91057,-6.89615,-6.88225,-6.86785,-6.85284,-6.83846,-6.8234,-6.8084,-6.79339,-6.77785,-6.76229,-6.74667,-6.73112,-6.71497,-6.69884,-6.68266,-6.66591,-6.64979,-6.63302,-6.61633,-6.59904,-6.58228,-6.56501,-6.54767,-6.5298,-6.51254,-6.49463,-6.47676,-6.45886,-6.44099,-6.42257,-6.40413,-6.38565,-6.36722,-6.34818,-6.32918,-6.31012,-6.29054,-6.27149,-6.25192,-6.23173,-6.21159,-6.19139,-6.17123,-6.15051,0,0,0,0,0,0,0,0,0,0,0,0,
0,0,0,0,0,0,0,0,0,0,0,0,-5.7271,-5.74606,-5.76509,-5.78409,-5.80255,-5.82097,-5.83936,-5.85721,-5.87567,-5.89296,-5.91079,-5.92806,-5.94596,-5.96324,-5.97991,-5.99717,-6.01391,-6.03065,-6.04733,-6.06348,-6.08015,-6.09632,-6.11247,-6.12861,-6.14413,-6.16024,-6.17583,-6.19141,-6.20698,-6.22193,-6.23692,-6.25192,-6.26689,-6.28188,-6.29632,-6.3107,-6.32511,-6.33894,-6.35334,-6.36721,-6.38047,-6.3943,-6.40753,-6.42081,-6.43411,-6.44676,-6.45943,-6.47213,-6.48428,-6.49693,-6.50847,-6.52057,-6.53213,-6.54368,-6.55517,-6.56613,-6.5771,-6.58806,-6.59843,-6.60878,-6.61918,-6.62901,-6.63881,-6.64862,-6.65782,-6.66705,-6.67629,-6.68495,-6.69357,-6.70227,-6.71035,-6.71898,-6.7265,-6.7346,-6.74206,-6.74958,-6.75705,-6.76401,-6.77148,-6.77786,-6.78476,-6.7917,-6.79802,-6.80441,-6.81014,-6.81651,-6.82224,-6.82804,-6.83385,-6.83956,-6.84535,-6.85054,-6.85575,-6.86095,-6.86615,-6.87135,-6.87654,-6.88117,-6.88636,-6.89098,-6.89617,-6.90078,-6.90534,-6.90997,-6.91458,-6.91864,-6.92327,-6.92734,-6.9319,-6.93596,-6.94002,-6.94345,-6.94751,-6.95094,-6.95444,-6.95729,-6.96021,-6.96306,-6.96541,-6.96775,-6.96944,-6.97119,-6.9723,-6.97347,-6.97406,-6.97407,-6.97407,-6.97406,-6.97347,-6.9723,-6.97119,-6.96944,-6.96775,-6.96541,-6.96306,-6.96021,-6.95729,-6.95444,-6.95094,-6.94751,-6.94345,-6.94002,-6.93596,-6.9319,-6.92734,-6.92327,-6.91864,-6.91458,-6.90997,-6.90534,-6.90078,-6.89617,-6.89098,-6.88636,-6.88117,-6.87654,-6.87135,-6.86615,-6.86095,-6.85575,-6.85054,-6.84535,-6.83956,-6.83385,-6.82804,-6.82224,-6.81651,-6.81014,-6.80441,-6.79802,-6.7917,-6.78476,-6.77786,-6.77148,-6.76401,-6.75705,-6.74958,-6.74206,-6.7346,-6.7265,-6.71898,-6.71035,-6.70227,-6.69357,-6.68495,-6.67629,-6.66705,-6.65782,-6.64862,-6.63881,-6.62901,-6.61918,-6.60878,-6.59843,-6.58806,-6.5771,-6.56613,-6.55517,-6.54368,-6.53213,-6.52057,-6.50847,-6.49693,-6.48428,-6.47213,-6.45943,-6.44676,-6.43411,-6.42081,-6.40753,-6.3943,-6.38047,-6.36721,-6.35334,-6.33894,-6.32511,-6.3107,-6.29632,-6.28188,-6.26689,-6.25192,-6.23692,-6.22193,-6.20698,-6.19141,-6.17583,-6.16024,-6.14413,-6.12861,-6.11247,-6.09632,-6.08015,-6.06348,-6.04733,-6.03065,-6.01391,-5.99717,-5.97991,-5.96324,-5.94596,-5.92806,-5.91079,-5.89296,-5.87567,-5.85721,-5.83936,-5.82097,-5.80255,-5.78409,-5.76509,-5.74606,-5.7271,0,0,0,0,0,0,0,0,0,0,0,0,
0,0,0,0,0,0,0,0,0,0,0,0,-5.30341,-5.32118,-5.33878,-5.35614,-5.37335,-5.39042,-5.4073,-5.42404,-5.44067,-5.45712,-5.47344,-5.48966,-5.50573,-5.52165,-5.53751,-5.55319,-5.56879,-5.58429,-5.59966,-5.61494,-5.63004,-5.64512,-5.66004,-5.67487,-5.68955,-5.70417,-5.7186,-5.73295,-5.74722,-5.76107,-5.77542,-5.78925,-5.80308,-5.81632,-5.83016,-5.84341,-5.85664,-5.86987,-5.88257,-5.89584,-5.90849,-5.92063,-5.93326,-5.94537,-5.95745,-5.96954,-5.98109,-5.99261,-6.00411,-6.01564,-6.02658,-6.03751,-6.04851,-6.05889,-6.06922,-6.07962,-6.08994,-6.09976,-6.10956,-6.11935,-6.12858,-6.1378,-6.147,-6.15565,-6.16429,-6.17297,-6.18157,-6.18966,-6.19775,-6.20581,-6.21329,-6.22079,-6.22829,-6.23517,-6.24266,-6.24962,-6.25593,-6.26287,-6.26919,-6.27557,-6.28188,-6.28826,-6.29399,-6.29977,-6.30551,-6.31129,-6.31644,-6.32224,-6.32744,-6.33258,-6.33778,-6.34298,-6.3476,-6.35281,-6.35742,-6.36203,-6.36722,-6.37182,-6.37645,-6.38049,-6.3851,-6.38972,-6.3937,-6.39831,-6.40236,-6.40698,-6.41103,-6.41508,-6.41907,-6.42256,-6.42656,-6.43005,-6.43348,-6.43697,-6.44039,-6.44332,-6.44617,-6.44852,-6.4508,-6.45313,-6.45483,-6.45601,-6.45713,-6.45829,-6.45888,-6.45889,-6.45889,-6.45888,-6.45829,-6.45713,-6.45601,-6.45483,-6.45313,-6.4508,-6.44852,-6.44617,-6.44332,-6.44039,-6.43697,-6.43348,-6.43005,-6.42656,-6.42256,-6.41907,-6.41508,-6.41103,-6.40698,-6.40236,-6.39831,-6.3937,-6.38972,-6.3851,-6.38049,-6.37645,-6.37182,-6.36722,-6.36203,-6.35742,-6.35281,-6.3476,-6.34298,-6.33778,-6.33258,-6.32744,-6.32224,-6.31644,-6.31129,-6.30551,-6.29977,-6.29399,-6.28826,-6.28188,-6.27557,-6.26919,-6.26287,-6.25593,-6.24962,-6.24266,-6.23517,-6.22829,-6.22079,-6.21329,-6.20581,-6.19775,-6.18966,-6.18157,-6.17297,-6.16429,-6.15565,-6.147,-6.1378,-6.12858,-6.11935,-6.10956,-6.09976,-6.08994,-6.07962,-6.06922,-6.05889,-6.04851,-6.03751,-6.02658,-6.01564,-6.00411,-5.99261,-5.98109,-5.96954,-5.95745,-5.94537,-5.93326,-5.92063,-5.90849,-5.89584,-5.88257,-5.86987,-5.85664,-5.84341,-5.83016,-5.81632,-5.80308,-5.78925,-5.77542,-5.76107,-5.74722,-5.73295,-5.7186,-5.70417,-5.68955,-5.67487,-5.66004,-5.64512,-5.63004,-5.61494,-5.59966,-5.58429,-5.56879,-5.55319,-5.53751,-5.52165,-5.50573,-5.48966,-5.47344,-5.45712,-5.44067,-5.42404,-5.4073,-5.39042,-5.37335,-5.35614,-5.33878,-5.32118,-5.30341,0,0,0,0,0,0,0,0,0,0,0,0,
0,0,0,0,0,0,0,0,0,0,0,0,-4.87966,-4.89598,-4.91212,-4.92814,-4.94395,-4.9596,-4.97517,-4.99052,-5.00584,-5.02095,-5.03597,-5.05084,-5.06565,-5.08034,-5.09486,-5.10929,-5.12363,-5.13789,-5.15197,-5.16602,-5.17995,-5.19382,-5.20749,-5.22111,-5.23464,-5.24807,-5.26134,-5.2746,-5.28768,-5.30067,-5.31354,-5.32625,-5.33895,-5.35148,-5.36383,-5.37617,-5.3883,-5.4004,-5.41232,-5.42404,-5.4357,-5.44723,-5.45866,-5.46985,-5.48097,-5.4919,-5.50273,-5.51343,-5.52388,-5.5343,-5.54451,-5.55456,-5.5645,-5.57429,-5.58389,-5.59335,-5.6026,-5.61175,-5.62065,-5.62949,-5.63817,-5.64665,-5.65501,-5.66316,-5.67117,-5.67901,-5.68673,-5.69424,-5.70165,-5.70889,-5.71598,-5.72295,-5.72969,-5.73632,-5.74263,-5.74897,-5.75529,-5.76164,-5.76738,-5.77312,-5.77892,-5.78465,-5.79043,-5.79559,-5.8008,-5.806,-5.81114,-5.81578,-5.82097,-5.82554,-5.83073,-5.83534,-5.83996,-5.84399,-5.84862,-5.85321,-5.85726,-5.86186,-5.86589,-5.8705,-5.87453,-5.87851,-5.88255,-5.88659,-5.89063,-5.89467,-5.89872,-5.90214,-5.90619,-5.90967,-5.9131,-5.91659,-5.92001,-5.92344,-5.92636,-5.92922,-5.93151,-5.93385,-5.93613,-5.9379,-5.9396,-5.94078,-5.94189,-5.94249,-5.94308,-5.94309,-5.94309,-5.94308,-5.94249,-5.94189,-5.94078,-5.9396,-5.9379,-5.93613,-5.93385,-5.93151,-5.92922,-5.92636,-5.92344,-5.92001,-5.91659,-5.9131,-5.90967,-5.90619,-5.90214,-5.89872,-5.89467,-5.89063,-5.88659,-5.88255,-5.87851,-5.87453,-5.8705,-5.86589,-5.86186,-5.85726,-5.85321,-5.84862,-5.84399,-5.83996,-5.83534,-5.83073,-5.82554,-5.82097,-5.81578,-5.81114,-5.806,-5.8008,-5.79559,-5.79043,-5.78465,-5.77892,-5.77312,-5.76738,-5.76164,-5.75529,-5.74897,-5.74263,-5.73632,-5.72969,-5.72295,-5.71598,-5.70889,-5.70165,-5.69424,-5.68673,-5.67901,-5.67117,-5.66316,-5.65501,-5.64665,-5.63817,-5.62949,-5.62065,-5.61175,-5.6026,-5.59335,-5.58389,-5.57429,-5.5645,-5.55456,-5.54451,-5.5343,-5.52388,-5.51343,-5.50273,-5.4919,-5.48097,-5.46985,-5.45866,-5.44723,-5.4357,-5.42404,-5.41232,-5.4004,-5.3883,-5.37617,-5.36383,-5.35148,-5.33895,-5.32625,-5.31354,-5.30067,-5.28768,-5.2746,-5.26134,-5.24807,-5.23464,-5.22111,-5.20749,-5.19382,-5.17995,-5.16602,-5.15197,-5.13789,-5.12363,-5.10929,-5.09486,-5.08034,-5.06565,-5.05084,-5.03597,-5.02095,-5.00584,-4.99052,-4.97517,-4.9596,-4.94395,-4.92814,-4.91212,-4.89598,-4.87966,0,0,0,0,0,0,0,0,0,0,0,0,
0,0,0,0,0,0,0,0,0,0,0,0,-4.45573,-4.47063,-4.48536,-4.49992,-4.51442,-4.52868,-4.54287,-4.5569,-4.57085,-4.58466,-4.59835,-4.61193,-4.62543,-4.63879,-4.65209,-4.66525,-4.67834,-4.69137,-4.70428,-4.71704,-4.72975,-4.74242,-4.75492,-4.76735,-4.77971,-4.79192,-4.8041,-4.8161,-4.82807,-4.83992,-4.85167,-4.86333,-4.87488,-4.88628,-4.89761,-4.90881,-4.91992,-4.93091,-4.94175,-4.95251,-4.96315,-4.97369,-4.98403,-4.99432,-5.00445,-5.01445,-5.02428,-5.03405,-5.04364,-5.05308,-5.06245,-5.07162,-5.08069,-5.08955,-5.09832,-5.10692,-5.1154,-5.1237,-5.1319,-5.13991,-5.14779,-5.15554,-5.16314,-5.17058,-5.17787,-5.18507,-5.19211,-5.19892,-5.20574,-5.21228,-5.21873,-5.22505,-5.23129,-5.23728,-5.24323,-5.24902,-5.25475,-5.26029,-5.26574,-5.27107,-5.27632,-5.28142,-5.28646,-5.29132,-5.29618,-5.30086,-5.30549,-5.31011,-5.3145,-5.31895,-5.32327,-5.32753,-5.33179,-5.33594,-5.34003,-5.34406,-5.3481,-5.35201,-5.35598,-5.35983,-5.3637,-5.36744,-5.37119,-5.37494,-5.37869,-5.38232,-5.38591,-5.3895,-5.39298,-5.3964,-5.39977,-5.40297,-5.40606,-5.40903,-5.41183,-5.41446,-5.41686,-5.41904,-5.42092,-5.42257,-5.42393,-5.42494,-5.42577,-5.42636,-5.42667,-5.42685,-5.42685,-5.42667,-5.42636,-5.42577,-5.42494,-5.42393,-5.42257,-5.42092,-5.41904,-5.41686,-5.41446,-5.41183,-5.40903,-5.40606,-5.40297,-5.39977,-5.3964,-5.39298,-5.3895,-5.38591,-5.38232,-5.37869,-5.37494,-5.37119,-5.36744,-5.3637,-5.35983,-5.35598,-5.35201,-5.3481,-5.34406,-5.34003,-5.33594,-5.33179,-5.32753,-5.32327,-5.31895,-5.3145,-5.31011,-5.30549,-5.30086,-5.29618,-5.29132,-5.28646,-5.28142,-5.27632,-5.27107,-5.26574,-5.26029,-5.25475,-5.24902,-5.24323,-5.23728,-5.23129,-5.22505,-5.21873,-5.21228,-5.20574,-5.19892,-5.19211,-5.18507,-5.17787,-5.17058,-5.16314,-5.15554,-5.14779,-5.13991,-5.1319,-5.1237,-5.1154,-5.10692,-5.09832,-5.08955,-5.08069,-5.07162,-5.06245,-5.05308,-5.04364,-5.03405,-5.02428,-5.01445,-5.00445,-4.99432,-4.98403,-4.97369,-4.96315,-4.95251,-4.94175,-4.93091,-4.91992,-4.90881,-4.89761,-4.88628,-4.87488,-4.86333,-4.85167,-4.83992,-4.82807,-4.8161,-4.8041,-4.79192,-4.77971,-4.76735,-4.75492,-4.74242,-4.72975,-4.71704,-4.70428,-4.69137,-4.67834,-4.66525,-4.65209,-4.63879,-4.62543,-4.61193,-4.59835,-4.58466,-4.57085,-4.5569,-4.54287,-4.52868,-4.51442,-4.49992,-4.48536,-4.47063,-4.45573,0,0,0,0,0,0,0,0,0,0,0,0,
0,0,0,0,0,0,0,0,0,0,0,0,-4.03172,-4.04516,-4.05849,-4.0717,-4.08476,-4.09767,-4.11049,-4.1232,-4.13581,-4.14829,-4.1607,-4.17292,-4.18514,-4.19723,-4.20929,-4.22118,-4.23304,-4.24479,-4.25644,-4.26801,-4.27949,-4.29093,-4.30225,-4.3135,-4.32468,-4.33577,-4.34673,-4.35757,-4.36838,-4.37912,-4.38976,-4.40029,-4.41077,-4.42109,-4.43131,-4.44143,-4.4515,-4.46144,-4.47126,-4.48098,-4.49054,-4.50007,-4.50947,-4.51872,-4.52786,-4.53695,-4.54586,-4.55463,-4.56335,-4.57189,-4.5803,-4.58863,-4.59678,-4.60481,-4.61276,-4.62053,-4.62815,-4.63571,-4.6431,-4.65035,-4.6575,-4.6645,-4.67134,-4.67807,-4.68467,-4.69111,-4.6975,-4.7037,-4.70982,-4.71572,-4.72158,-4.72729,-4.73294,-4.73835,-4.74372,-4.74893,-4.75413,-4.75911,-4.76409,-4.7689,-4.77364,-4.77821,-4.78278,-4.78718,-4.79157,-4.7958,-4.8,-4.80416,-4.80821,-4.81218,-4.81616,-4.82002,-4.82382,-4.82762,-4.83135,-4.83504,-4.83867,-4.84229,-4.84586,-4.84943,-4.85288,-4.85634,-4.85985,-4.86325,-4.86666,-4.87006,-4.87331,-4.8766,-4.87986,-4.88299,-4.88607,-4.8891,-4.89196,-4.89465,-4.89722,-4.89968,-4.90185,-4.90374,-4.9054,-4.90681,-4.90789,-4.90868,-4.90922,-4.90953,-4.90972,-4.90984,-4.90984,-4.90972,-4.90953,-4.90922,-4.90868,-4.90789,-4.90681,-4.9054,-4.90374,-4.90185,-4.89968,-4.89722,-4.89465,-4.89196,-4.8891,-4.88607,-4.88299,-4.87986,-4.8766,-4.87331,-4.87006,-4.86666,-4.86325,-4.85985,-4.85634,-4.85288,-4.84943,-4.84586,-4.84229,-4.83867,-4.83504,-4.83135,-4.82762,-4.82382,-4.82002,-4.81616,-4.81218,-4.80821,-4.80416,-4.8,-4.7958,-4.79157,-4.78718,-4.78278,-4.77821,-4.77364,-4.7689,-4.76409,-4.75911,-4.75413,-4.74893,-4.74372,-4.73835,-4.73294,-4.72729,-4.72158,-4.71572,-4.70982,-4.7037,-4.6975,-4.69111,-4.68467,-4.67807,-4.67134,-4.6645,-4.6575,-4.65035,-4.6431,-4.63571,-4.62815,-4.62053,-4.61276,-4.60481,-4.59678,-4.58863,-4.5803,-4.57189,-4.56335,-4.55463,-4.54586,-4.53695,-4.52786,-4.51872,-4.50947,-4.50007,-4.49054,-4.48098,-4.47126,-4.46144,-4.4515,-4.44143,-4.43131,-4.42109,-4.41077,-4.40029,-4.38976,-4.37912,-4.36838,-4.35757,-4.34673,-4.33577,-4.32468,-4.3135,-4.30225,-4.29093,-4.27949,-4.26801,-4.25644,-4.24479,-4.23304,-4.22118,-4.20929,-4.19723,-4.18514,-4.17292,-4.1607,-4.14829,-4.13581,-4.1232,-4.11049,-4.09767,-4.08476,-4.0717,-4.05849,-4.04516,-4.03172,0,0,0,0,0,0,0,0,0,0,0,0,
0,0,0,0,0,0,0,0,0,0,0,0,-3.6076,-3.61965,-3.63153,-3.64338,-3.65503,-3.66657,-3.67806,-3.68943,-3.70068,-3.7118,-3.7229,-3.73392,-3.74481,-3.75561,-3.76634,-3.77704,-3.78758,-3.79811,-3.80854,-3.81891,-3.82924,-3.8394,-3.84955,-3.85962,-3.8696,-3.87947,-3.88931,-3.89904,-3.90869,-3.9183,-3.92778,-3.9372,-3.94658,-3.95579,-3.96494,-3.97399,-3.98295,-3.99185,-4.00066,-4.00942,-4.01797,-4.02644,-4.03481,-4.04315,-4.05134,-4.05941,-4.06742,-4.07527,-4.08305,-4.09067,-4.09817,-4.1056,-4.11289,-4.12008,-4.12721,-4.13416,-4.141,-4.14772,-4.15432,-4.16082,-4.16717,-4.17346,-4.17953,-4.18557,-4.19147,-4.19723,-4.20293,-4.20847,-4.2139,-4.21925,-4.22447,-4.22957,-4.23458,-4.23944,-4.24424,-4.24893,-4.25354,-4.25801,-4.26246,-4.26674,-4.27096,-4.27507,-4.27917,-4.28313,-4.28704,-4.29082,-4.29463,-4.2983,-4.30195,-4.30553,-4.30904,-4.31255,-4.31594,-4.31933,-4.32272,-4.326,-4.32933,-4.33255,-4.33578,-4.33899,-4.34211,-4.34528,-4.34839,-4.35155,-4.35461,-4.35763,-4.36069,-4.3637,-4.36661,-4.36951,-4.3723,-4.37499,-4.37762,-4.38013,-4.38242,-4.3846,-4.38649,-4.38815,-4.38953,-4.39061,-4.39139,-4.39183,-4.39209,-4.39212,-4.39208,-4.39203,-4.39203,-4.39208,-4.39212,-4.39209,-4.39183,-4.39139,-4.39061,-4.38953,-4.38815,-4.38649,-4.3846,-4.38242,-4.38013,-4.37762,-4.37499,-4.3723,-4.36951,-4.36661,-4.3637,-4.36069,-4.35763,-4.35461,-4.35155,-4.34839,-4.34528,-4.34211,-4.33899,-4.33578,-4.33255,-4.32933,-4.326,-4.32272,-4.31933,-4.31594,-4.31255,-4.30904,-4.30553,-4.30195,-4.2983,-4.29463,-4.29082,-4.28704,-4.28313,-4.27917,-4.27507,-4.27096,-4.26674,-4.26246,-4.25801,-4.25354,-4.24893,-4.24424,-4.23944,-4.23458,-4.22957,-4.22447,-4.21925,-4.2139,-4.20847,-4.20293,-4.19723,-4.19147,-4.18557,-4.17953,-4.17346,-4.16717,-4.16082,-4.15432,-4.14772,-4.141,-4.13416,-4.12721,-4.12008,-4.11289,-4.1056,-4.09817,-4.09067,-4.08305,-4.07527,-4.06742,-4.05941,-4.05134,-4.04315,-4.03481,-4.02644,-4.01797,-4.00942,-4.00066,-3.99185,-3.98295,-3.97399,-3.96494,-3.95579,-3.94658,-3.9372,-3.92778,-3.9183,-3.90869,-3.89904,-3.88931,-3.87947,-3.8696,-3.85962,-3.84955,-3.8394,-3.82924,-3.81891,-3.80854,-3.79811,-3.78758,-3.77704,-3.76634,-3.75561,-3.74481,-3.73392,-3.7229,-3.7118,-3.70068,-3.68943,-3.67806,-3.66657,-3.65503,-3.64338,-3.63153,-3.61965,-3.6076,0,0,0,0,0,0,0,0,0,0,0,0,
0,0,0,0,0,0,0,0,0,0,0,0,-3.18337,-3.19401,-3.2045,-3.21488,-3.22524,-3.23538,-3.24554,-3.25551,-3.26544,-3.27532,-3.28509,-3.29477,-3.30443,-3.31396,-3.32341,-3.33282,-3.34218,-3.35143,-3.36065,-3.3698,-3.37885,-3.38788,-3.39678,-3.40566,-3.41445,-3.42317,-3.43184,-3.44045,-3.449,-3.45742,-3.4658,-3.47409,-3.48234,-3.49049,-3.49859,-3.50657,-3.51451,-3.52231,-3.53003,-3.53774,-3.54533,-3.55283,-3.5602,-3.56754,-3.57479,-3.58189,-3.58888,-3.59583,-3.60265,-3.60944,-3.61604,-3.6226,-3.62907,-3.63539,-3.64163,-3.64773,-3.65376,-3.65973,-3.66552,-3.67127,-3.67692,-3.68236,-3.68783,-3.69308,-3.69831,-3.70335,-3.70837,-3.71331,-3.71808,-3.72278,-3.72737,-3.73185,-3.73628,-3.74058,-3.74484,-3.74895,-3.753,-3.75694,-3.76085,-3.76463,-3.76835,-3.77199,-3.77559,-3.7791,-3.78257,-3.78592,-3.78927,-3.79249,-3.79568,-3.79891,-3.80202,-3.80506,-3.80811,-3.81115,-3.81409,-3.81702,-3.81995,-3.82282,-3.82569,-3.82857,-3.83134,-3.83416,-3.83698,-3.83974,-3.84251,-3.84524,-3.84796,-3.85058,-3.85324,-3.85581,-3.85836,-3.86077,-3.86312,-3.86535,-3.86736,-3.86925,-3.87092,-3.87229,-3.87332,-3.87406,-3.8745,-3.87454,-3.8743,-3.87397,-3.87358,-3.87332,-3.87332,-3.87358,-3.87397,-3.8743,-3.87454,-3.8745,-3.87406,-3.87332,-3.87229,-3.87092,-3.86925,-3.86736,-3.86535,-3.86312,-3.86077,-3.85836,-3.85581,-3.85324,-3.85058,-3.84796,-3.84524,-3.84251,-3.83974,-3.83698,-3.83416,-3.83134,-3.82857,-3.82569,-3.82282,-3.81995,-3.81702,-3.81409,-3.81115,-3.80811,-3.80506,-3.80202,-3.79891,-3.79568,-3.79249,-3.78927,-3.78592,-3.78257,-3.7791,-3.77559,-3.77199,-3.76835,-3.76463,-3.76085,-3.75694,-3.753,-3.74895,-3.74484,-3.74058,-3.73628,-3.73185,-3.72737,-3.72278,-3.71808,-3.71331,-3.70837,-3.70335,-3.69831,-3.69308,-3.68783,-3.68236,-3.67692,-3.67127,-3.66552,-3.65973,-3.65376,-3.64773,-3.64163,-3.63539,-3.62907,-3.6226,-3.61604,-3.60944,-3.60265,-3.59583,-3.58888,-3.58189,-3.57479,-3.56754,-3.5602,-3.55283,-3.54533,-3.53774,-3.53003,-3.52231,-3.51451,-3.50657,-3.49859,-3.49049,-3.48234,-3.47409,-3.4658,-3.45742,-3.449,-3.44045,-3.43184,-3.42317,-3.41445,-3.40566,-3.39678,-3.38788,-3.37885,-3.3698,-3.36065,-3.35143,-3.34218,-3.33282,-3.32341,-3.31396,-3.30443,-3.29477,-3.28509,-3.27532,-3.26544,-3.25551,-3.24554,-3.23538,-3.22524,-3.21488,-3.2045,-3.19401,-3.18337,0,0,0,0,0,0,0,0,0,0,0,0,
0,0,0,0,0,0,0,0,0,0,0,0,-2.75912,-2.76828,-2.77741,-2.78642,-2.79531,-2.80415,-2.81293,-2.82158,-2.83018,-2.83873,-2.84716,-2.85559,-2.86392,-2.87218,-2.8804,-2.88852,-2.89662,-2.90466,-2.91261,-2.92054,-2.92841,-2.9362,-2.94394,-2.95163,-2.95927,-2.96683,-2.97435,-2.98182,-2.98916,-2.99651,-3.00379,-3.01098,-3.01808,-3.0252,-3.03213,-3.03907,-3.04597,-3.05273,-3.05944,-3.06611,-3.07264,-3.07912,-3.08554,-3.09192,-3.09817,-3.10431,-3.1104,-3.11643,-3.12233,-3.12819,-3.13392,-3.13959,-3.14516,-3.15067,-3.15607,-3.16142,-3.16664,-3.17173,-3.1768,-3.18171,-3.18661,-3.19136,-3.19607,-3.20065,-3.20513,-3.20954,-3.21385,-3.21812,-3.22229,-3.22631,-3.23033,-3.23424,-3.238,-3.24175,-3.24543,-3.24898,-3.25249,-3.25592,-3.25932,-3.26258,-3.26578,-3.26901,-3.2721,-3.27515,-3.27815,-3.28106,-3.28393,-3.28676,-3.28954,-3.29231,-3.29501,-3.29765,-3.3003,-3.30294,-3.30552,-3.3081,-3.31063,-3.31315,-3.31562,-3.31806,-3.32059,-3.32301,-3.32548,-3.3279,-3.33032,-3.3327,-3.33513,-3.33747,-3.33978,-3.34201,-3.34424,-3.34636,-3.34845,-3.3504,-3.35213,-3.35373,-3.35511,-3.35617,-3.35692,-3.35729,-3.35723,-3.35682,-3.356,-3.3551,-3.35422,-3.35365,-3.35365,-3.35422,-3.3551,-3.356,-3.35682,-3.35723,-3.35729,-3.35692,-3.35617,-3.35511,-3.35373,-3.35213,-3.3504,-3.34845,-3.34636,-3.34424,-3.34201,-3.33978,-3.33747,-3.33513,-3.3327,-3.33032,-3.3279,-3.32548,-3.32301,-3.32059,-3.31806,-3.31562,-3.31315,-3.31063,-3.3081,-3.30552,-3.30294,-3.3003,-3.29765,-3.29501,-3.29231,-3.28954,-3.28676,-3.28393,-3.28106,-3.27815,-3.27515,-3.2721,-3.26901,-3.26578,-3.26258,-3.25932,-3.25592,-3.25249,-3.24898,-3.24543,-3.24175,-3.238,-3.23424,-3.23033,-3.22631,-3.22229,-3.21812,-3.21385,-3.20954,-3.20513,-3.20065,-3.19607,-3.19136,-3.18661,-3.18171,-3.1768,-3.17173,-3.16664,-3.16142,-3.15607,-3.15067,-3.14516,-3.13959,-3.13392,-3.12819,-3.12233,-3.11643,-3.1104,-3.10431,-3.09817,-3.09192,-3.08554,-3.07912,-3.07264,-3.06611,-3.05944,-3.05273,-3.04597,-3.03907,-3.03213,-3.0252,-3.01808,-3.01098,-3.00379,-2.99651,-2.98916,-2.98182,-2.97435,-2.96683,-2.95927,-2.95163,-2.94394,-2.9362,-2.92841,-2.92054,-2.91261,-2.90466,-2.89662,-2.88852,-2.8804,-2.87218,-2.86392,-2.85559,-2.84716,-2.83873,-2.83018,-2.82158,-2.81293,-2.80415,-2.79531,-2.78642,-2.77741,-2.76828,-2.75912,0,0,0,0,0,0,0,0,0,0,0,0,
0,0,0,0,0,0,0,0,0,0,0,0,-2.33476,-2.34251,-2.35023,-2.35781,-2.36539,-2.37285,-2.38024,-2.38758,-2.39485,-2.40209,-2.40924,-2.41637,-2.42343,-2.43041,-2.43734,-2.44423,-2.45107,-2.45789,-2.46465,-2.47129,-2.47796,-2.48454,-2.4911,-2.49764,-2.50406,-2.51047,-2.51684,-2.52316,-2.52934,-2.53554,-2.54172,-2.5478,-2.55384,-2.5598,-2.56571,-2.57156,-2.5774,-2.58312,-2.58881,-2.59444,-2.60001,-2.60545,-2.6109,-2.61624,-2.62151,-2.62673,-2.6319,-2.637,-2.642,-2.64691,-2.65178,-2.65661,-2.66132,-2.66596,-2.67049,-2.67503,-2.67944,-2.68376,-2.68805,-2.69224,-2.6963,-2.70038,-2.70434,-2.70816,-2.71202,-2.71574,-2.71942,-2.72299,-2.72648,-2.72992,-2.73331,-2.73658,-2.73983,-2.743,-2.74604,-2.74907,-2.75206,-2.75499,-2.75778,-2.76061,-2.76329,-2.766,-2.76863,-2.77117,-2.77373,-2.7762,-2.77862,-2.78102,-2.78337,-2.78573,-2.78802,-2.79032,-2.79256,-2.79474,-2.79693,-2.7991,-2.80129,-2.80341,-2.80553,-2.80763,-2.80976,-2.81183,-2.81395,-2.81603,-2.81807,-2.82015,-2.82217,-2.82416,-2.82616,-2.82813,-2.83002,-2.83185,-2.83357,-2.83523,-2.83673,-2.83799,-2.83908,-2.83989,-2.84029,-2.84029,-2.83977,-2.83874,-2.83729,-2.83553,-2.8339,-2.83293,-2.83293,-2.8339,-2.83553,-2.83729,-2.83874,-2.83977,-2.84029,-2.84029,-2.83989,-2.83908,-2.83799,-2.83673,-2.83523,-2.83357,-2.83185,-2.83002,-2.82813,-2.82616,-2.82416,-2.82217,-2.82015,-2.81807,-2.81603,-2.81395,-2.81183,-2.80976,-2.80763,-2.80553,-2.80341,-2.80129,-2.7991,-2.79693,-2.79474,-2.79256,-2.79032,-2.78802,-2.78573,-2.78337,-2.78102,-2.77862,-2.7762,-2.77373,-2.77117,-2.76863,-2.766,-2.76329,-2.76061,-2.75778,-2.75499,-2.75206,-2.74907,-2.74604,-2.743,-2.73983,-2.73658,-2.73331,-2.72992,-2.72648,-2.72299,-2.71942,-2.71574,-2.71202,-2.70816,-2.70434,-2.70038,-2.6963,-2.69224,-2.68805,-2.68376,-2.67944,-2.67503,-2.67049,-2.66596,-2.66132,-2.65661,-2.65178,-2.64691,-2.642,-2.637,-2.6319,-2.62673,-2.62151,-2.61624,-2.6109,-2.60545,-2.60001,-2.59444,-2.58881,-2.58312,-2.5774,-2.57156,-2.56571,-2.5598,-2.55384,-2.5478,-2.54172,-2.53554,-2.52934,-2.52316,-2.51684,-2.51047,-2.50406,-2.49764,-2.4911,-2.48454,-2.47796,-2.47129,-2.46465,-2.45789,-2.45107,-2.44423,-2.43734,-2.43041,-2.42343,-2.41637,-2.40924,-2.40209,-2.39485,-2.38758,-2.38024,-2.37285,-2.36539,-2.35781,-2.35023,-2.34251,-2.33476,0,0,0,0,0,0,0,0,0,0,0,0,
0,0,0,0,0,0,0,0,0,0,0,0,-1.91031,-1.91666,-1.92297,-1.92922,-1.93536,-1.9415,-1.94757,-1.95352,-1.9595,-1.9654,-1.97125,-1.9771,-1.98282,-1.98857,-1.99423,-1.99991,-2.00547,-2.01104,-2.01654,-2.02205,-2.02748,-2.03288,-2.03821,-2.04355,-2.04881,-2.05404,-2.05926,-2.06441,-2.06952,-2.07456,-2.07962,-2.0846,-2.08953,-2.0944,-2.09928,-2.10402,-2.10879,-2.11348,-2.11813,-2.12272,-2.12725,-2.13178,-2.1362,-2.14056,-2.14492,-2.14915,-2.15339,-2.15752,-2.16165,-2.16567,-2.16969,-2.17358,-2.17742,-2.1812,-2.185,-2.18866,-2.19227,-2.19583,-2.19926,-2.20271,-2.20608,-2.20935,-2.21262,-2.21578,-2.21888,-2.22192,-2.22495,-2.22788,-2.23075,-2.23356,-2.2363,-2.23901,-2.24163,-2.24422,-2.24675,-2.24921,-2.25163,-2.25402,-2.25631,-2.25861,-2.26084,-2.26304,-2.2652,-2.26728,-2.26932,-2.27139,-2.27341,-2.27535,-2.2773,-2.2792,-2.28109,-2.28293,-2.28477,-2.2866,-2.28838,-2.29016,-2.29193,-2.29372,-2.29549,-2.29719,-2.29891,-2.30064,-2.30236,-2.30409,-2.3058,-2.30747,-2.30917,-2.31085,-2.31245,-2.31405,-2.31568,-2.31716,-2.3186,-2.31992,-2.32112,-2.32214,-2.32294,-2.32346,-2.32358,-2.32324,-2.32232,-2.32065,-2.31835,-2.31555,-2.31281,-2.31107,-2.31107,-2.31281,-2.31555,-2.31835,-2.32065,-2.32232,-2.32324,-2.32358,-2.32346,-2.32294,-2.32214,-2.32112,-2.31992,-2.3186,-2.31716,-2.31568,-2.31405,-2.31245,-2.31085,-2.30917,-2.30747,-2.3058,-2.30409,-2.30236,-2.30064,-2.29891,-2.29719,-2.29549,-2.29372,-2.29193,-2.29016,-2.28838,-2.2866,-2.28477,-2.28293,-2.28109,-2.2792,-2.2773,-2.27535,-2.27341,-2.27139,-2.26932,-2.26728,-2.2652,-2.26304,-2.26084,-2.25861,-2.25631,-2.25402,-2.25163,-2.24921,-2.24675,-2.24422,-2.24163,-2.23901,-2.2363,-2.23356,-2.23075,-2.22788,-2.22495,-2.22192,-2.21888,-2.21578,-2.21262,-2.20935,-2.20608,-2.20271,-2.19926,-2.19583,-2.19227,-2.18866,-2.185,-2.1812,-2.17742,-2.17358,-2.16969,-2.16567,-2.16165,-2.15752,-2.15339,-2.14915,-2.14492,-2.14056,-2.1362,-2.13178,-2.12725,-2.12272,-2.11813,-2.11348,-2.10879,-2.10402,-2.09928,-2.0944,-2.08953,-2.0846,-2.07962,-2.07456,-2.06952,-2.06441,-2.05926,-2.05404,-2.04881,-2.04355,-2.03821,-2.03288,-2.02748,-2.02205,-2.01654,-2.01104,-2.00547,-1.99991,-1.99423,-1.98857,-1.98282,-1.9771,-1.97125,-1.9654,-1.9595,-1.95352,-1.94757,-1.9415,-1.93536,-1.92922,-1.92297,-1.91666,-1.91031,0,0,0,0,0,0,0,0,0,0,0,0,
0,0,0,0,0,0,0,0,0,0,0,0,-1.48585,-1.49078,-1.49571,-1.50053,-1.50533,-1.51009,-1.5148,-1.51949,-1.52408,-1.52872,-1.53324,-1.53778,-1.54225,-1.54671,-1.55113,-1.55548,-1.55983,-1.56419,-1.56843,-1.57273,-1.57698,-1.58116,-1.58534,-1.58947,-1.59354,-1.59762,-1.60168,-1.6057,-1.60964,-1.6136,-1.6175,-1.62135,-1.62518,-1.62903,-1.63275,-1.63648,-1.6402,-1.64387,-1.64747,-1.65103,-1.65459,-1.65802,-1.66152,-1.66491,-1.66829,-1.67162,-1.67488,-1.6781,-1.6813,-1.68439,-1.68748,-1.69059,-1.69357,-1.69649,-1.69941,-1.70227,-1.70508,-1.70783,-1.71053,-1.71322,-1.7158,-1.71838,-1.7209,-1.72338,-1.72579,-1.7282,-1.73047,-1.73278,-1.73501,-1.73719,-1.73931,-1.74143,-1.74343,-1.74544,-1.74746,-1.74934,-1.75122,-1.75307,-1.7549,-1.75668,-1.75839,-1.76012,-1.76178,-1.76344,-1.76504,-1.76659,-1.76815,-1.76968,-1.77118,-1.77267,-1.77416,-1.7756,-1.77703,-1.77847,-1.77984,-1.78128,-1.78265,-1.78403,-1.78535,-1.78671,-1.78809,-1.78941,-1.79079,-1.79211,-1.79342,-1.7948,-1.79611,-1.79738,-1.79869,-1.79995,-1.80115,-1.80236,-1.80345,-1.80448,-1.8054,-1.80621,-1.80673,-1.80702,-1.80694,-1.80637,-1.80511,-1.80299,-1.79985,-1.79565,-1.79113,-1.78798,-1.78798,-1.79113,-1.79565,-1.79985,-1.80299,-1.80511,-1.80637,-1.80694,-1.80702,-1.80673,-1.80621,-1.8054,-1.80448,-1.80345,-1.80236,-1.80115,-1.79995,-1.79869,-1.79738,-1.79611,-1.7948,-1.79342,-1.79211,-1.79079,-1.78941,-1.78809,-1.78671,-1.78535,-1.78403,-1.78265,-1.78128,-1.77984,-1.77847,-1.77703,-1.7756,-1.77416,-1.77267,-1.77118,-1.76968,-1.76815,-1.76659,-1.76504,-1.76344,-1.76178,-1.76012,-1.75839,-1.75668,-1.7549,-1.75307,-1.75122,-1.74934,-1.74746,-1.74544,-1.74343,-1.74143,-1.73931,-1.73719,-1.73501,-1.73278,-1.73047,-1.7282,-1.72579,-1.72338,-1.7209,-1.71838,-1.7158,-1.71322,-1.71053,-1.70783,-1.70508,-1.70227,-1.69941,-1.69649,-1.69357,-1.69059,-1.68748,-1.68439,-1.6813,-1.6781,-1.67488,-1.67162,-1.66829,-1.66491,-1.66152,-1.65802,-1.65459,-1.65103,-1.64747,-1.64387,-1.6402,-1.63648,-1.63275,-1.62903,-1.62518,-1.62135,-1.6175,-1.6136,-1.60964,-1.6057,-1.60168,-1.59762,-1.59354,-1.58947,-1.58534,-1.58116,-1.57698,-1.57273,-1.56843,-1.56419,-1.55983,-1.55548,-1.55113,-1.54671,-1.54225,-1.53778,-1.53324,-1.52872,-1.52408,-1.51949,-1.5148,-1.51009,-1.50533,-1.50053,-1.49571,-1.49078,-1.48585,0,0,0,0,0,0,0,0,0,0,0,0,
0,0,0,0,0,0,0,0,0,0,0,0,-1.06135,-1.0649,-1.06839,-1.07183,-1.07527,-1.07865,-1.08204,-1.08536,-1.08869,-1.09195,-1.09522,-1.09843,-1.10164,-1.10479,-1.10794,-1.11109,-1.11419,-1.11728,-1.12038,-1.12341,-1.12639,-1.12943,-1.13241,-1.13533,-1.13826,-1.14118,-1.14404,-1.14691,-1.14977,-1.15258,-1.15539,-1.15814,-1.1609,-1.16359,-1.16628,-1.16891,-1.17155,-1.17419,-1.17677,-1.17928,-1.18181,-1.18433,-1.1868,-1.18919,-1.19161,-1.19402,-1.19636,-1.19866,-1.2009,-1.20318,-1.20536,-1.20754,-1.20966,-1.21178,-1.21385,-1.21591,-1.21792,-1.21986,-1.22181,-1.2237,-1.2256,-1.22743,-1.2292,-1.23098,-1.2327,-1.23442,-1.23602,-1.23769,-1.23929,-1.24084,-1.24239,-1.24388,-1.2453,-1.24674,-1.24817,-1.24955,-1.25086,-1.25219,-1.2535,-1.25477,-1.25597,-1.25723,-1.25837,-1.25958,-1.26072,-1.26187,-1.26296,-1.26404,-1.26514,-1.26617,-1.26726,-1.26829,-1.26932,-1.2703,-1.27133,-1.27231,-1.27328,-1.27431,-1.27529,-1.27625,-1.27723,-1.2782,-1.27912,-1.2801,-1.28107,-1.28205,-1.28296,-1.28388,-1.28485,-1.28571,-1.28663,-1.28748,-1.28823,-1.28898,-1.28967,-1.29019,-1.29052,-1.29064,-1.29047,-1.28978,-1.28846,-1.28617,-1.2825,-1.277,-1.26983,-1.2637,-1.2637,-1.26983,-1.277,-1.2825,-1.28617,-1.28846,-1.28978,-1.29047,-1.29064,-1.29052,-1.29019,-1.28967,-1.28898,-1.28823,-1.28748,-1.28663,-1.28571,-1.28485,-1.28388,-1.28296,-1.28205,-1.28107,-1.2801,-1.27912,-1.2782,-1.27723,-1.27625,-1.27529,-1.27431,-1.27328,-1.27231,-1.27133,-1.2703,-1.26932,-1.26829,-1.26726,-1.26617,-1.26514,-1.26404,-1.26296,-1.26187,-1.26072,-1.25958,-1.25837,-1.25723,-1.25597,-1.25477,-1.2535,-1.25219,-1.25086,-1.24955,-1.24817,-1.24674,-1.2453,-1.24388,-1.24239,-1.24084,-1.23929,-1.23769,-1.23602,-1.23442,-1.2327,-1.23098,-1.2292,-1.22743,-1.2256,-1.2237,-1.22181,-1.21986,-1.21792,-1.21591,-1.21385,-1.21178,-1.20966,-1.20754,-1.20536,-1.20318,-1.2009,-1.19866,-1.19636,-1.19402,-1.19161,-1.18919,-1.1868,-1.18433,-1.18181,-1.17928,-1.17677,-1.17419,-1.17155,-1.16891,-1.16628,-1.16359,-1.1609,-1.15814,-1.15539,-1.15258,-1.14977,-1.14691,-1.14404,-1.14118,-1.13826,-1.13533,-1.13241,-1.12943,-1.12639,-1.12341,-1.12038,-1.11728,-1.11419,-1.11109,-1.10794,-1.10479,-1.10164,-1.09843,-1.09522,-1.09195,-1.08869,-1.08536,-1.08204,-1.07865,-1.07527,-1.07183,-1.06839,-1.0649,-1.06135,0,0,0,0,0,0,0,0,0,0,0,0,
0,0,0,0,0,0,0,0,0,0,0,0,-0.636796,-0.638917,-0.641041,-0.643103,-0.645161,-0.647231,-0.649233,-0.651239,-0.653184,-0.655194,-0.657141,-0.659087,-0.660976,-0.662871,-0.664763,-0.666653,-0.668544,-0.670379,-0.672213,-0.674043,-0.675878,-0.677653,-0.679432,-0.681206,-0.682981,-0.684705,-0.686422,-0.688142,-0.689856,-0.691575,-0.693238,-0.694897,-0.696505,-0.698164,-0.699773,-0.701375,-0.702924,-0.704529,-0.706072,-0.707568,-0.709106,-0.710599,-0.712092,-0.713524,-0.714958,-0.716384,-0.717817,-0.719196,-0.720572,-0.72189,-0.72321,-0.724524,-0.725784,-0.7271,-0.728306,-0.729569,-0.73077,-0.731912,-0.73306,-0.734208,-0.735358,-0.736446,-0.737529,-0.738563,-0.739597,-0.740629,-0.7416,-0.742576,-0.743548,-0.744466,-0.745383,-0.7463,-0.747156,-0.748019,-0.748875,-0.749738,-0.750535,-0.751285,-0.752083,-0.752832,-0.753575,-0.754323,-0.755006,-0.755755,-0.756438,-0.757128,-0.757762,-0.758444,-0.759075,-0.759706,-0.760338,-0.760969,-0.761599,-0.762174,-0.762803,-0.763376,-0.764007,-0.764582,-0.765154,-0.765721,-0.766351,-0.766926,-0.767501,-0.768075,-0.768645,-0.76922,-0.76979,-0.770368,-0.770939,-0.771453,-0.771968,-0.772484,-0.773,-0.773403,-0.773806,-0.774087,-0.774318,-0.77432,-0.77415,-0.773628,-0.772597,-0.77077,-0.767558,-0.761881,-0.752027,-0.739134,-0.739134,-0.752027,-0.761881,-0.767558,-0.77077,-0.772597,-0.773628,-0.77415,-0.77432,-0.774318,-0.774087,-0.773806,-0.773403,-0.773,-0.772484,-0.771968,-0.771453,-0.770939,-0.770368,-0.76979,-0.76922,-0.768645,-0.768075,-0.767501,-0.766926,-0.766351,-0.765721,-0.765154,-0.764582,-0.764007,-0.763376,-0.762803,-0.762174,-0.761599,-0.760969,-0.760338,-0.759706,-0.759075,-0.758444,-0.757762,-0.757128,-0.756438,-0.755755,-0.755006,-0.754323,-0.753575,-0.752832,-0.752083,-0.751285,-0.750535,-0.749738,-0.748875,-0.748019,-0.747156,-0.7463,-0.745383,-0.744466,-0.743548,-0.742576,-0.7416,-0.740629,-0.739597,-0.738563,-0.737529,-0.736446,-0.735358,-0.734208,-0.73306,-0.731912,-0.73077,-0.729569,-0.728306,-0.7271,-0.725784,-0.724524,-0.72321,-0.72189,-0.720572,-0.719196,-0.717817,-0.716384,-0.714958,-0.713524,-0.712092,-0.710599,-0.709106,-0.707568,-0.706072,-0.704529,-0.702924,-0.701375,-0.699773,-0.698164,-0.696505,-0.694897,-0.693238,-0.691575,-0.689856,-0.688142,-0.686422,-0.684705,-0.682981,-0.681206,-0.679432,-0.677653,-0.675878,-0.674043,-0.672213,-0.670379,-0.668544,-0.666653,-0.664763,-0.662871,-0.660976,-0.659087,-0.657141,-0.655194,-0.653184,-0.651239,-0.649233,-0.647231,-0.645161,-0.643103,-0.641041,-0.638917,-0.636796,0,0,0,0,0,0,0,0,0,0,0,0,
0,0,0,0,0,0,0,0,0,0,0,0,-0.212276,-0.21298,-0.21368,-0.214372,-0.21506,-0.215736,-0.216407,-0.217076,-0.217736,-0.218394,-0.219041,-0.219689,-0.220331,-0.220963,-0.221597,-0.222221,-0.22284,-0.223461,-0.224074,-0.22468,-0.225286,-0.225883,-0.22648,-0.22707,-0.227659,-0.22824,-0.228817,-0.229391,-0.229956,-0.23052,-0.231074,-0.23163,-0.232174,-0.232719,-0.233258,-0.23379,-0.234317,-0.234839,-0.235353,-0.235865,-0.23637,-0.236867,-0.23736,-0.237847,-0.238328,-0.238799,-0.239268,-0.239731,-0.240184,-0.240633,-0.241073,-0.241508,-0.241938,-0.242356,-0.242773,-0.243181,-0.243583,-0.243977,-0.244363,-0.244739,-0.245118,-0.24548,-0.245839,-0.246195,-0.246539,-0.246878,-0.247208,-0.247536,-0.247851,-0.248166,-0.24847,-0.248768,-0.249059,-0.249347,-0.249626,-0.249903,-0.25017,-0.250435,-0.250693,-0.250946,-0.251196,-0.251438,-0.251678,-0.251913,-0.252141,-0.252366,-0.25259,-0.252806,-0.253024,-0.253237,-0.253444,-0.253655,-0.253856,-0.254063,-0.254264,-0.254464,-0.254659,-0.254859,-0.255054,-0.255247,-0.255442,-0.255637,-0.255833,-0.256028,-0.256221,-0.256412,-0.2566,-0.25679,-0.256979,-0.257162,-0.257333,-0.257505,-0.257666,-0.25781,-0.257936,-0.258038,-0.258096,-0.258102,-0.258026,-0.257831,-0.257436,-0.256714,-0.25538,-0.25272,-0.246366,-0.224687,-0.224687,-0.246366,-0.25272,-0.25538,-0.256714,-0.257436,-0.257831,-0.258026,-0.258102,-0.258096,-0.258038,-0.257936,-0.25781,-0.257666,-0.257505,-0.257333,-0.257162,-0.256979,-0.25679,-0.2566,-0.256412,-0.256221,-0.256028,-0.255833,-0.255637,-0.255442,-0.255247,-0.255054,-0.254859,-0.254659,-0.254464,-0.254264,-0.254063,-0.253856,-0.253655,-0.253444,-0.253237,-0.253024,-0.252806,-0.25259,-0.252366,-0.252141,-0.251913,-0.251678,-0.251438,-0.251196,-0.250946,-0.250693,-0.250435,-0.25017,-0.249903,-0.249626,-0.249347,-0.249059,-0.248768,-0.24847,-0.248166,-0.247851,-0.247536,-0.247208,-0.246878,-0.246539,-0.246195,-0.245839,-0.24548,-0.245118,-0.244739,-0.244363,-0.243977,-0.243583,-0.243181,-0.242773,-0.242356,-0.241938,-0.241508,-0.241073,-0.240633,-0.240184,-0.239731,-0.239268,-0.238799,-0.238328,-0.237847,-0.23736,-0.236867,-0.23637,-0.235865,-0.235353,-0.234839,-0.234317,-0.23379,-0.233258,-0.232719,-0.232174,-0.23163,-0.231074,-0.23052,-0.229956,-0.229391,-0.228817,-0.22824,-0.227659,-0.22707,-0.22648,-0.225883,-0.225286,-0.22468,-0.224074,-0.223461,-0.22284,-0.222221,-0.221597,-0.220963,-0.220331,-0.219689,-0.219041,-0.218394,-0.217736,-0.217076,-0.216407,-0.215736,-0.21506,-0.214372,-0.21368,-0.21298,-0.212276,0,0,0,0,0,0,0,0,0,0,0,0,
0,0,0,0,0,0,0,0,0,0,0,0,0.212276,0.21298,0.21368,0.214372,0.21506,0.215736,0.216407,0.217076,0.217736,0.218394,0.219041,0.219689,0.220331,0.220963,0.221597,0.222221,0.22284,0.223461,0.224074,0.22468,0.225286,0.225883,0.22648,0.22707,0.227659,0.22824,0.228817,0.229391,0.229956,0.23052,0.231074,0.23163,0.232174,0.232719,0.233258,0.23379,0.234317,0.234839,0.235353,0.235865,0.23637,0.236867,0.23736,0.237847,0.238328,0.238799,0.239268,0.239731,0.240184,0.240633,0.241073,0.241508,0.241938,0.242356,0.242773,0.243181,0.243583,0.243977,0.244363,0.244739,0.245118,0.24548,0.245839,0.246195,0.246539,0.246878,0.247208,0.247536,0.247851,0.248166,0.24847,0.248768,0.249059,0.249347,0.249626,0.249903,0.25017,0.250435,0.250693,0.250946,0.251196,0.251438,0.251678,0.251913,0.252141,0.252366,0.25259,0.252806,0.253024,0.253237,0.253444,0.253655,0.253856,0.254063,0.254264,0.254464,0.254659,0.254859,0.255054,0.255247,0.255442,0.255637,0.255833,0.256028,0.256221,0.256412,0.2566,0.25679,0.256979,0.257162,0.257333,0.257505,0.257666,0.25781,0.257936,0.258038,0.258096,0.258102,0.258026,0.257831,0.257436,0.256714,0.25538,0.25272,0.246366,0.224687,0.224687,0.246366,0.25272,0.25538,0.256714,0.257436,0.257831,0.258026,0.258102,0.258096,0.258038,0.257936,0.25781,0.257666,0.257505,0.257333,0.257162,0.256979,0.25679,0.2566,0.256412,0.256221,0.256028,0.255833,0.255637,0.255442,0.255247,0.255054,0.254859,0.254659,0.254464,0.254264,0.254063,0.253856,0.253655,0.253444,0.253237,0.253024,0.252806,0.25259,0.252366,0.252141,0.251913,0.251678,0.251438,0.251196,0.250946,0.250693,0.250435,0.25017,0.249903,0.249626,0.249347,0.249059,0.248768,0.24847,0.248166,0.247851,0.247536,0.247208,0.246878,0.246539,0.246195,0.245839,0.24548,0.245118,0.244739,0.244363,0.243977,0.243583,0.243181,0.242773,0.242356,0.241938,0.241508,0.241073,0.240633,0.240184,0.239731,0.239268,0.238799,0.238328,0.237847,0.23736,0.236867,0.23637,0.235865,0.235353,0.234839,0.234317,0.23379,0.233258,0.232719,0.232174,0.23163,0.231074,0.23052,0.229956,0.229391,0.228817,0.22824,0.227659,0.22707,0.22648,0.225883,0.225286,0.22468,0.224074,0.223461,0.22284,0.222221,0.221597,0.220963,0.220331,0.219689,0.219041,0.218394,0.217736,0.217076,0.216407,0.215736,0.21506,0.214372,0.21368,0.21298,0.212276,0,0,0,0,0,0,0,0,0,0,0,0,
0,0,0,0,0,0,0,0,0,0,0,0,0.636796,0.638917,0.641041,0.643103,0.645161,0.647231,0.649233,0.651239,0.653184,0.655194,0.657141,0.659087,0.660976,0.662871,0.664763,0.666653,0.668544,0.670379,0.672213,0.674043,0.675878,0.677653,0.679432,0.681206,0.682981,0.684705,0.686422,0.688142,0.689856,0.691575,0.693238,0.694897,0.696505,0.698164,0.699773,0.701375,0.702924,0.704529,0.706072,0.707568,0.709106,0.710599,0.712092,0.713524,0.714958,0.716384,0.717817,0.719196,0.720572,0.72189,0.72321,0.724524,0.725784,0.7271,0.728306,0.729569,0.73077,0.731912,0.73306,0.734208,0.735358,0.736446,0.737529,0.738563,0.739597,0.740629,0.7416,0.742576,0.743548,0.744466,0.745383,0.7463,0.747156,0.748019,0.748875,0.749738,0.750535,0.751285,0.752083,0.752832,0.753575,0.754323,0.755006,0.755755,0.756438,0.757128,0.757762,0.758444,0.759075,0.759706,0.760338,0.760969,0.761599,0.762174,0.762803,0.763376,0.764007,0.764582,0.765154,0.765721,0.766351,0.766926,0.767501,0.768075,0.768645,0.76922,0.76979,0.770368,0.770939,0.771453,0.771968,0.772484,0.773,0.773403,0.773806,0.774087,0.774318,0.77432,0.77415,0.773628,0.772597,0.77077,0.767558,0.761881,0.752027,0.739134,0.739134,0.752027,0.761881,0.767558,0.77077,0.772597,0.773628,0.77415,0.77432,0.774318,0.774087,0.773806,0.773403,0.773,0.772484,0.771968,0.771453,0.770939,0.770368,0.76979,0.76922,0.768645,0.768075,0.767501,0.766926,0.766351,0.765721,0.765154,0.764582,0.764007,0.763376,0.762803,0.762174,0.761599,0.760969,0.760338,0.759706,0.759075,0.758444,0.757762,0.757128,0.756438,0.755755,0.755006,0.754323,0.753575,0.752832,0.752083,0.751285,0.750535,0.749738,0.748875,0.748019,0.747156,0.7463,0.745383,0.744466,0.743548,0.742576,0.7416,0.740629,0.739597,0.738563,0.737529,0.736446,0.735358,0.734208,0.73306,0.731912,0.73077,0.729569,0.728306,0.7271,0.725784,0.724524,0.72321,0.72189,0.720572,0.719196,0.717817,0.716384,0.714958,0.713524,0.712092,0.710599,0.709106,0.707568,0.706072,0.704529,0.702924,0.701375,0.699773,0.698164,0.696505,0.694897,0.693238,0.691575,0.689856,0.688142,0.686422,0.684705,0.682981,0.681206,0.679432,0.677653,0.675878,0.674043,0.672213,0.670379,0.668544,0.666653,0.664763,0.662871,0.660976,0.659087,0.657141,0.655194,0.653184,0.651239,0.649233,0.647231,0.645161,0.643103,0.641041,0.638917,0.636796,0,0,0,0,0,0,0,0,0,0,0,0,
0,0,0,0,0,0,0,0,0,0,0,0,1.06135,1.0649,1.06839,1.07183,1.07527,1.07865,1.08204,1.08536,1.08869,1.09195,1.09522,1.09843,1.10164,1.10479,1.10794,1.11109,1.11419,1.11728,1.12038,1.12341,1.12639,1.12943,1.13241,1.13533,1.13826,1.14118,1.14404,1.14691,1.14977,1.15258,1.15539,1.15814,1.1609,1.16359,1.16628,1.16891,1.17155,1.17419,1.17677,1.17928,1.18181,1.18433,1.1868,1.18919,1.19161,1.19402,1.19636,1.19866,1.2009,1.20318,1.20536,1.20754,1.20966,1.21178,1.21385,1.21591,1.21792,1.21986,1.22181,1.2237,1.2256,1.22743,1.2292,1.23098,1.2327,1.23442,1.23602,1.23769,1.23929,1.24084,1.24239,1.24388,1.2453,1.24674,1.24817,1.24955,1.25086,1.25219,1.2535,1.25477,1.25597,1.25723,1.25837,1.25958,1.26072,1.26187,1.26296,1.26404,1.26514,1.26617,1.26726,1.26829,1.26932,1.2703,1.27133,1.27231,1.27328,1.27431,1.27529,1.27625,1.27723,1.2782,1.27912,1.2801,1.28107,1.28205,1.28296,1.28388,1.28485,1.28571,1.28663,1.28748,1.28823,1.28898,1.28967,1.29019,1.29052,1.29064,1.29047,1.28978,1.28846,1.28617,1.2825,1.277,1.26983,1.2637,1.2637,1.26983,1.277,1.2825,1.28617,1.28846,1.28978,1.29047,1.29064,1.29052,1.29019,1.28967,1.28898,1.28823,1.28748,1.28663,1.28571,1.28485,1.28388,1.28296,1.28205,1.28107,1.2801,1.27912,1.2782,1.27723,1.27625,1.27529,1.27431,1.27328,1.27231,1.27133,1.2703,1.26932,1.26829,1.26726,1.26617,1.26514,1.26404,1.26296,1.26187,1.26072,1.25958,1.25837,1.25723,1.25597,1.25477,1.2535,1.25219,1.25086,1.24955,1.24817,1.24674,1.2453,1.24388,1.24239,1.24084,1.23929,1.23769,1.23602,1.23442,1.2327,1.23098,1.2292,1.22743,1.2256,1.2237,1.22181,1.21986,1.21792,1.21591,1.21385,1.21178,1.20966,1.20754,1.20536,1.20318,1.2009,1.19866,1.19636,1.19402,1.19161,1.18919,1.1868,1.18433,1.18181,1.17928,1.17677,1.17419,1.17155,1.16891,1.16628,1.16359,1.1609,1.15814,1.15539,1.15258,1.14977,1.14691,1.14404,1.14118,1.13826,1.13533,1.13241,1.12943,1.12639,1.12341,1.12038,1.11728,1.11419,1.11109,1.10794,1.10479,1.10164,1.09843,1.09522,1.09195,1.08869,1.08536,1.08204,1.07865,1.07527,1.07183,1.06839,1.0649,1.06135,0,0,0,0,0,0,0,0,0,0,0,0,
0,0,0,0,0,0,0,0,0,0,0,0,1.48585,1.49078,1.49571,1.50053,1.50533,1.51009,1.5148,1.51949,1.52408,1.52872,1.53324,1.53778,1.54225,1.54671,1.55113,1.55548,1.55983,1.56419,1.56843,1.57273,1.57698,1.58116,1.58534,1.58947,1.59354,1.59762,1.60168,1.6057,1.60964,1.6136,1.6175,1.62135,1.62518,1.62903,1.63275,1.63648,1.6402,1.64387,1.64747,1.65103,1.65459,1.65802,1.66152,1.66491,1.66829,1.67162,1.67488,1.6781,1.6813,1.68439,1.68748,1.69059,1.69357,1.69649,1.69941,1.70227,1.70508,1.70783,1.71053,1.71322,1.7158,1.71838,1.7209,1.72338,1.72579,1.7282,1.73047,1.73278,1.73501,1.73719,1.73931,1.74143,1.74343,1.74544,1.74746,1.74934,1.75122,1.75307,1.7549,1.75668,1.75839,1.76012,1.76178,1.76344,1.76504,1.76659,1.76815,1.76968,1.77118,1.77267,1.77416,1.7756,1.77703,1.77847,1.77984,1.78128,1.78265,1.78403,1.78535,1.78671,1.78809,1.78941,1.79079,1.79211,1.79342,1.7948,1.79611,1.79738,1.79869,1.79995,1.80115,1.80236,1.80345,1.80448,1.8054,1.80621,1.80673,1.80702,1.80694,1.80637,1.80511,1.80299,1.79985,1.79565,1.79113,1.78798,1.78798,1.79113,1.79565,1.79985,1.80299,1.80511,1.80637,1.80694,1.80702,1.80673,1.80621,1.8054,1.80448,1.80345,1.80236,1.80115,1.79995,1.79869,1.79738,1.79611,1.7948,1.79342,1.79211,1.79079,1.78941,1.78809,1.78671,1.78535,1.78403,1.78265,1.78128,1.77984,1.77847,1.77703,1.7756,1.77416,1.77267,1.77118,1.76968,1.76815,1.76659,1.76504,1.76344,1.76178,1.76012,1.75839,1.75668,1.7549,1.75307,1.75122,1.74934,1.74746,1.74544,1.74343,1.74143,1.73931,1.73719,1.73501,1.73278,1.73047,1.7282,1.72579,1.72338,1.7209,1.71838,1.7158,1.71322,1.71053,1.70783,1.70508,1.70227,1.69941,1.69649,1.69357,1.69059,1.68748,1.68439,1.6813,1.6781,1.67488,1.67162,1.66829,1.66491,1.66152,1.65802,1.65459,1.65103,1.64747,1.64387,1.6402,1.63648,1.63275,1.62903,1.62518,1.62135,1.6175,1.6136,1.60964,1.6057,1.60168,1.59762,1.59354,1.58947,1.58534,1.58116,1.57698,1.57273,1.56843,1.56419,1.55983,1.55548,1.55113,1.54671,1.54225,1.53778,1.53324,1.52872,1.52408,1.51949,1.5148,1.51009,1.50533,1.50053,1.49571,1.49078,1.48585,0,0,0,0,0,0,0,0,0,0,0,0,
0,0,0,0,0,0,0,0,0,0,0,0,1.91031,1.91666,1.92297,1.92922,1.93536,1.9415,1.94757,1.95352,1.9595,1.9654,1.97125,1.9771,1.98282,1.98857,1.99423,1.99991,2.00547,2.01104,2.01654,2.02205,2.02748,2.03288,2.03821,2.04355,2.04881,2.05404,2.05926,2.06441,2.06952,2.07456,2.07962,2.0846,2.08953,2.0944,2.09928,2.10402,2.10879,2.11348,2.11813,2.12272,2.12725,2.13178,2.1362,2.14056,2.14492,2.14915,2.15339,2.15752,2.16165,2.16567,2.16969,2.17358,2.17742,2.1812,2.185,2.18866,2.19227,2.19583,2.19926,2.20271,2.20608,2.20935,2.21262,2.21578,2.21888,2.22192,2.22495,2.22788,2.23075,2.23356,2.2363,2.23901,2.24163,2.24422,2.24675,2.24921,2.25163,2.25402,2.25631,2.25861,2.26084,2.26304,2.2652,2.26728,2.26932,2.27139,2.27341,2.27535,2.2773,2.2792,2.28109,2.28293,2.28477,2.2866,2.28838,2.29016,2.29193,2.29372,2.29549,2.29719,2.29891,2.30064,2.30236,2.30409,2.3058,2.30747,2.30917,2.31085,2.31245,2.31405,2.31568,2.31716,2.3186,2.31992,2.32112,2.32214,2.32294,2.32346,2.32358,2.32324,2.32232,2.32065,2.31835,2.31555,2.31281,2.31107,2.31107,2.31281,2.31555,2.31835,2.32065,2.32232,2.32324,2.32358,2.32346,2.32294,2.32214,2.32112,2.31992,2.3186,2.31716,2.31568,2.31405,2.31245,2.31085,2.30917,2.30747,2.3058,2.30409,2.30236,2.30064,2.29891,2.29719,2.29549,2.29372,2.29193,2.29016,2.28838,2.2866,2.28477,2.28293,2.28109,2.2792,2.2773,2.27535,2.27341,2.27139,2.26932,2.26728,2.2652,2.26304,2.26084,2.25861,2.25631,2.25402,2.25163,2.24921,2.24675,2.24422,2.24163,2.23901,2.2363,2.23356,2.23075,2.22788,2.22495,2.22192,2.21888,2.21578,2.21262,2.20935,2.20608,2.20271,2.19926,2.19583,2.19227,2.18866,2.185,2.1812,2.17742,2.17358,2.16969,2.16567,2.16165,2.15752,2.15339,2.14915,2.14492,2.14056,2.1362,2.13178,2.12725,2.12272,2.11813,2.11348,2.10879,2.10402,2.09928,2.0944,2.08953,2.0846,2.07962,2.07456,2.06952,2.06441,2.05926,2.05404,2.04881,2.04355,2.03821,2.03288,2.02748,2.02205,2.01654,2.01104,2.00547,1.99991,1.99423,1.98857,1.98282,1.9771,1.97125,1.9654,1.9595,1.95352,1.94757,1.9415,1.93536,1.92922,1.92297,1.91666,1.91031,0,0,0,0,0,0,0,0,0,0,0,0,
0,0,0,0,0,0,0,0,0,0,0,0,2.33476,2.34251,2.35023,2.35781,2.36539,2.37285,2.38024,2.38758,2.39485,2.40209,2.40924,2.41637,2.42343,2.43041,2.43734,2.44423,2.45107,2.45789,2.46465,2.47129,2.47796,2.48454,2.4911,2.49764,2.50406,2.51047,2.51684,2.52316,2.52934,2.53554,2.54172,2.5478,2.55384,2.5598,2.56571,2.57156,2.5774,2.58312,2.58881,2.59444,2.60001,2.60545,2.6109,2.61624,2.62151,2.62673,2.6319,2.637,2.642,2.64691,2.65178,2.65661,2.66132,2.66596,2.67049,2.67503,2.67944,2.68376,2.68805,2.69224,2.6963,2.70038,2.70434,2.70816,2.71202,2.71574,2.71942,2.72299,2.72648,2.72992,2.73331,2.73658,2.73983,2.743,2.74604,2.74907,2.75206,2.75499,2.75778,2.76061,2.76329,2.766,2.76863,2.77117,2.77373,2.7762,2.77862,2.78102,2.78337,2.78573,2.78802,2.79032,2.79256,2.79474,2.79693,2.7991,2.80129,2.80341,2.80553,2.80763,2.80976,2.81183,2.81395,2.81603,2.81807,2.82015,2.82217,2.82416,2.82616,2.82813,2.83002,2.83185,2.83357,2.83523,2.83673,2.83799,2.83908,2.83989,2.84029,2.84029,2.83977,2.83874,2.83729,2.83553,2.8339,2.83293,2.83293,2.8339,2.83553,2.83729,2.83874,2.83977,2.84029,2.84029,2.83989,2.83908,2.83799,2.83673,2.83523,2.83357,2.83185,2.83002,2.82813,2.82616,2.82416,2.82217,2.82015,2.81807,2.81603,2.81395,2.81183,2.80976,2.80763,2.80553,2.80341,2.80129,2.7991,2.79693,2.79474,2.79256,2.79032,2.78802,2.78573,2.78337,2.78102,2.77862,2.7762,2.77373,2.77117,2.76863,2.766,2.76329,2.76061,2.75778,2.75499,2.75206,2.74907,2.74604,2.743,2.73983,2.73658,2.73331,2.72992,2.72648,2.72299,2.71942,2.71574,2.71202,2.70816,2.70434,2.70038,2.6963,2.69224,2.68805,2.68376,2.67944,2.67503,2.67049,2.66596,2.66132,2.65661,2.65178,2.64691,2.642,2.637,2.6319,2.62673,2.62151,2.61624,2.6109,2.60545,2.60001,2.59444,2.58881,2.58312,2.5774,2.57156,2.56571,2.5598,2.55384,2.5478,2.54172,2.53554,2.52934,2.52316,2.51684,2.51047,2.50406,2.49764,2.4911,2.48454,2.47796,2.47129,2.46465,2.45789,2.45107,2.44423,2.43734,2.43041,2.42343,2.41637,2.40924,2.40209,2.39485,2.38758,2.38024,2.37285,2.36539,2.35781,2.35023,2.34251,2.33476,0,0,0,0,0,0,0,0,0,0,0,0,
0,0,0,0,0,0,0,0,0,0,0,0,2.75912,2.76828,2.77741,2.78642,2.79531,2.80415,2.81293,2.82158,2.83018,2.83873,2.84716,2.85559,2.86392,2.87218,2.8804,2.88852,2.89662,2.90466,2.91261,2.92054,2.92841,2.9362,2.94394,2.95163,2.95927,2.96683,2.97435,2.98182,2.98916,2.99651,3.00379,3.01098,3.01808,3.0252,3.03213,3.03907,3.04597,3.05273,3.05944,3.06611,3.07264,3.07912,3.08554,3.09192,3.09817,3.10431,3.1104,3.11643,3.12233,3.12819,3.13392,3.13959,3.14516,3.15067,3.15607,3.16142,3.16664,3.17173,3.1768,3.18171,3.18661,3.19136,3.19607,3.20065,3.20513,3.20954,3.21385,3.21812,3.22229,3.22631,3.23033,3.23424,3.238,3.24175,3.24543,3.24898,3.25249,3.25592,3.25932,3.26258,3.26578,3.26901,3.2721,3.27515,3.27815,3.28106,3.28393,3.28676,3.28954,3.29231,3.29501,3.29765,3.3003,3.30294,3.30552,3.3081,3.31063,3.31315,3.31562,3.31806,3.32059,3.32301,3.32548,3.3279,3.33032,3.3327,3.33513,3.33747,3.33978,3.34201,3.34424,3.34636,3.34845,3.3504,3.35213,3.35373,3.35511,3.35617,3.35692,3.35729,3.35723,3.35682,3.356,3.3551,3.35422,3.35365,3.35365,3.35422,3.3551,3.356,3.35682,3.35723,3.35729,3.35692,3.35617,3.35511,3.35373,3.35213,3.3504,3.34845,3.34636,3.34424,3.34201,3.33978,3.33747,3.33513,3.3327,3.33032,3.3279,3.32548,3.32301,3.32059,3.31806,3.31562,3.31315,3.31063,3.3081,3.30552,3.30294,3.3003,3.29765,3.29501,3.29231,3.28954,3.28676,3.28393,3.28106,3.27815,3.27515,3.2721,3.26901,3.26578,3.26258,3.25932,3.25592,3.25249,3.24898,3.24543,3.24175,3.238,3.23424,3.23033,3.22631,3.22229,3.21812,3.21385,3.20954,3.20513,3.20065,3.19607,3.19136,3.18661,3.18171,3.1768,3.17173,3.16664,3.16142,3.15607,3.15067,3.14516,3.13959,3.13392,3.12819,3.12233,3.11643,3.1104,3.10431,3.09817,3.09192,3.08554,3.07912,3.07264,3.06611,3.05944,3.05273,3.04597,3.03907,3.03213,3.0252,3.01808,3.01098,3.00379,2.99651,2.98916,2.98182,2.97435,2.96683,2.95927,2.95163,2.94394,2.9362,2.92841,2.92054,2.91261,2.90466,2.89662,2.88852,2.8804,2.87218,2.86392,2.85559,2.84716,2.83873,2.83018,2.82158,2.81293,2.80415,2.79531,2.78642,2.77741,2.76828,2.75912,0,0,0,0,0,0,0,0,0,0,0,0,
0,0,0,0,0,0,0,0,0,0,0,0,3.18337,3.19401,3.2045,3.21488,3.22524,3.23538,3.24554,3.25551,3.26544,3.27532,3.28509,3.29477,3.30443,3.31396,3.32341,3.33282,3.34218,3.35143,3.36065,3.3698,3.37885,3.38788,3.39678,3.40566,3.41445,3.42317,3.43184,3.44045,3.449,3.45742,3.4658,3.47409,3.48234,3.49049,3.49859,3.50657,3.51451,3.52231,3.53003,3.53774,3.54533,3.55283,3.5602,3.56754,3.57479,3.58189,3.58888,3.59583,3.60265,3.60944,3.61604,3.6226,3.62907,3.63539,3.64163,3.64773,3.65376,3.65973,3.66552,3.67127,3.67692,3.68236,3.68783,3.69308,3.69831,3.70335,3.70837,3.71331,3.71808,3.72278,3.72737,3.73185,3.73628,3.74058,3.74484,3.74895,3.753,3.75694,3.76085,3.76463,3.76835,3.77199,3.77559,3.7791,3.78257,3.78592,3.78927,3.79249,3.79568,3.79891,3.80202,3.80506,3.80811,3.81115,3.81409,3.81702,3.81995,3.82282,3.82569,3.82857,3.83134,3.83416,3.83698,3.83974,3.84251,3.84524,3.84796,3.85058,3.85324,3.85581,3.85836,3.86077,3.86312,3.86535,3.86736,3.86925,3.87092,3.87229,3.87332,3.87406,3.8745,3.87454,3.8743,3.87397,3.87358,3.87332,3.87332,3.87358,3.87397,3.8743,3.87454,3.8745,3.87406,3.87332,3.87229,3.87092,3.86925,3.86736,3.86535,3.86312,3.86077,3.85836,3.85581,3.85324,3.85058,3.84796,3.84524,3.84251,3.83974,3.83698,3.83416,3.83134,3.82857,3.82569,3.82282,3.81995,3.81702,3.81409,3.81115,3.80811,3.80506,3.80202,3.79891,3.79568,3.79249,3.78927,3.78592,3.78257,3.7791,3.77559,3.77199,3.76835,3.76463,3.76085,3.75694,3.753,3.74895,3.74484,3.74058,3.73628,3.73185,3.72737,3.72278,3.71808,3.71331,3.70837,3.70335,3.69831,3.69308,3.68783,3.68236,3.67692,3.67127,3.66552,3.65973,3.65376,3.64773,3.64163,3.63539,3.62907,3.6226,3.61604,3.60944,3.60265,3.59583,3.58888,3.58189,3.57479,3.56754,3.5602,3.55283,3.54533,3.53774,3.53003,3.52231,3.51451,3.50657,3.49859,3.49049,3.48234,3.47409,3.4658,3.45742,3.449,3.44045,3.43184,3.42317,3.41445,3.40566,3.39678,3.38788,3.37885,3.3698,3.36065,3.35143,3.34218,3.33282,3.32341,3.31396,3.30443,3.29477,3.28509,3.27532,3.26544,3.25551,3.24554,3.23538,3.22524,3.21488,3.2045,3.19401,3.18337,0,0,0,0,0,0,0,0,0,0,0,0,
0,0,0,0,0,0,0,0,0,0,0,0,3.6076,3.61965,3.63153,3.64338,3.65503,3.66657,3.67806,3.68943,3.70068,3.7118,3.7229,3.73392,3.74481,3.75561,3.76634,3.77704,3.78758,3.79811,3.80854,3.81891,3.82924,3.8394,3.84955,3.85962,3.8696,3.87947,3.88931,3.89904,3.90869,3.9183,3.92778,3.9372,3.94658,3.95579,3.96494,3.97399,3.98295,3.99185,4.00066,4.00942,4.01797,4.02644,4.03481,4.04315,4.05134,4.05941,4.06742,4.07527,4.08305,4.09067,4.09817,4.1056,4.11289,4.12008,4.12721,4.13416,4.141,4.14772,4.15432,4.16082,4.16717,4.17346,4.17953,4.18557,4.19147,4.19723,4.20293,4.20847,4.2139,4.21925,4.22447,4.22957,4.23458,4.23944,4.24424,4.24893,4.25354,4.25801,4.26246,4.26674,4.27096,4.27507,4.27917,4.28313,4.28704,4.29082,4.29463,4.2983,4.30195,4.30553,4.30904,4.31255,4.31594,4.31933,4.32272,4.326,4.32933,4.33255,4.33578,4.33899,4.34211,4.34528,4.34839,4.35155,4.35461,4.35763,4.36069,4.3637,4.36661,4.36951,4.3723,4.37499,4.37762,4.38013,4.38242,4.3846,4.38649,4.38815,4.38953,4.39061,4.39139,4.39183,4.39209,4.39212,4.39208,4.39203,4.39203,4.39208,4.39212,4.39209,4.39183,4.39139,4.39061,4.38953,4.38815,4.38649,4.3846,4.38242,4.38013,4.37762,4.37499,4.3723,4.36951,4.36661,4.3637,4.36069,4.35763,4.35461,4.35155,4.34839,4.34528,4.34211,4.33899,4.33578,4.33255,4.32933,4.326,4.32272,4.31933,4.31594,4.31255,4.30904,4.30553,4.30195,4.2983,4.29463,4.29082,4.28704,4.28313,4.27917,4.27507,4.27096,4.26674,4.26246,4.25801,4.25354,4.24893,4.24424,4.23944,4.23458,4.22957,4.22447,4.21925,4.2139,4.20847,4.20293,4.19723,4.19147,4.18557,4.17953,4.17346,4.16717,4.16082,4.15432,4.14772,4.141,4.13416,4.12721,4.12008,4.11289,4.1056,4.09817,4.09067,4.08305,4.07527,4.06742,4.05941,4.05134,4.04315,4.03481,4.02644,4.01797,4.00942,4.00066,3.99185,3.98295,3.97399,3.96494,3.95579,3.94658,3.9372,3.92778,3.9183,3.90869,3.89904,3.88931,3.87947,3.8696,3.85962,3.84955,3.8394,3.82924,3.81891,3.80854,3.79811,3.78758,3.77704,3.76634,3.75561,3.74481,3.73392,3.7229,3.7118,3.70068,3.68943,3.67806,3.66657,3.65503,3.64338,3.63153,3.61965,3.6076,0,0,0,0,0,0,0,0,0,0,0,0,
0,0,0,0,0,0,0,0,0,0,0,0,4.03172,4.04516,4.05849,4.0717,4.08476,4.09767,4.11049,4.1232,4.13581,4.14829,4.1607,4.17292,4.18514,4.19723,4.20929,4.22118,4.23304,4.24479,4.25644,4.26801,4.27949,4.29093,4.30225,4.3135,4.32468,4.33577,4.34673,4.35757,4.36838,4.37912,4.38976,4.40029,4.41077,4.42109,4.43131,4.44143,4.4515,4.46144,4.47126,4.48098,4.49054,4.50007,4.50947,4.51872,4.52786,4.53695,4.54586,4.55463,4.56335,4.57189,4.5803,4.58863,4.59678,4.60481,4.61276,4.62053,4.62815,4.63571,4.6431,4.65035,4.6575,4.6645,4.67134,4.67807,4.68467,4.69111,4.6975,4.7037,4.70982,4.71572,4.72158,4.72729,4.73294,4.73835,4.74372,4.74893,4.75413,4.75911,4.76409,4.7689,4.77364,4.77821,4.78278,4.78718,4.79157,4.7958,4.8,4.80416,4.80821,4.81218,4.81616,4.82002,4.82382,4.82762,4.83135,4.83504,4.83867,4.84229,4.84586,4.84943,4.85288,4.85634,4.85985,4.86325,4.86666,4.87006,4.87331,4.8766,4.87986,4.88299,4.88607,4.8891,4.89196,4.89465,4.89722,4.89968,4.90185,4.90374,4.9054,4.90681,4.90789,4.90868,4.90922,4.90953,4.90972,4.90984,4.90984,4.90972,4.90953,4.90922,4.90868,4.90789,4.90681,4.9054,4.90374,4.90185,4.89968,4.89722,4.89465,4.89196,4.8891,4.88607,4.88299,4.87986,4.8766,4.87331,4.87006,4.86666,4.86325,4.85985,4.85634,4.85288,4.84943,4.84586,4.84229,4.83867,4.83504,4.83135,4.82762,4.82382,4.82002,4.81616,4.81218,4.80821,4.80416,4.8,4.7958,4.79157,4.78718,4.78278,4.77821,4.77364,4.7689,4.76409,4.75911,4.75413,4.74893,4.74372,4.73835,4.73294,4.72729,4.72158,4.71572,4.70982,4.7037,4.6975,4.69111,4.68467,4.67807,4.67134,4.6645,4.6575,4.65035,4.6431,4.63571,4.62815,4.62053,4.61276,4.60481,4.59678,4.58863,4.5803,4.57189,4.56335,4.55463,4.54586,4.53695,4.52786,4.51872,4.50947,4.50007,4.49054,4.48098,4.47126,4.46144,4.4515,4.44143,4.43131,4.42109,4.41077,4.40029,4.38976,4.37912,4.36838,4.35757,4.34673,4.33577,4.32468,4.3135,4.30225,4.29093,4.27949,4.26801,4.25644,4.24479,4.23304,4.22118,4.20929,4.19723,4.18514,4.17292,4.1607,4.14829,4.13581,4.1232,4.11049,4.09767,4.08476,4.0717,4.05849,4.04516,4.03172,0,0,0,0,0,0,0,0,0,0,0,0,
0,0,0,0,0,0,0,0,0,0,0,0,4.45573,4.47063,4.48536,4.49992,4.51442,4.52868,4.54287,4.5569,4.57085,4.58466,4.59835,4.61193,4.62543,4.63879,4.65209,4.66525,4.67834,4.69137,4.70428,4.71704,4.72975,4.74242,4.75492,4.76735,4.77971,4.79192,4.8041,4.8161,4.82807,4.83992,4.85167,4.86333,4.87488,4.88628,4.89761,4.90881,4.91992,4.93091,4.94175,4.95251,4.96315,4.97369,4.98403,4.99432,5.00445,5.01445,5.02428,5.03405,5.04364,5.05308,5.06245,5.07162,5.08069,5.08955,5.09832,5.10692,5.1154,5.1237,5.1319,5.13991,5.14779,5.15554,5.16314,5.17058,5.17787,5.18507,5.19211,5.19892,5.20574,5.21228,5.21873,5.22505,5.23129,5.23728,5.24323,5.24902,5.25475,5.26029,5.26574,5.27107,5.27632,5.28142,5.28646,5.29132,5.29618,5.30086,5.30549,5.31011,5.3145,5.31895,5.32327,5.32753,5.33179,5.33594,5.34003,5.34406,5.3481,5.35201,5.35598,5.35983,5.3637,5.36744,5.37119,5.37494,5.37869,5.38232,5.38591,5.3895,5.39298,5.3964,5.39977,5.40297,5.40606,5.40903,5.41183,5.41446,5.41686,5.41904,5.42092,5.42257,5.42393,5.42494,5.42577,5.42636,5.42667,5.42685,5.42685,5.42667,5.42636,5.42577,5.42494,5.42393,5.42257,5.42092,5.41904,5.41686,5.41446,5.41183,5.40903,5.40606,5.40297,5.39977,5.3964,5.39298,5.3895,5.38591,5.38232,5.37869,5.37494,5.37119,5.36744,5.3637,5.35983,5.35598,5.35201,5.3481,5.34406,5.34003,5.33594,5.33179,5.32753,5.32327,5.31895,5.3145,5.31011,5.30549,5.30086,5.29618,5.29132,5.28646,5.28142,5.27632,5.27107,5.26574,5.26029,5.25475,5.24902,5.24323,5.23728,5.23129,5.22505,5.21873,5.21228,5.20574,5.19892,5.19211,5.18507,5.17787,5.17058,5.16314,5.15554,5.14779,5.13991,5.1319,5.1237,5.1154,5.10692,5.09832,5.08955,5.08069,5.07162,5.06245,5.05308,5.04364,5.03405,5.02428,5.01445,5.00445,4.99432,4.98403,4.97369,4.96315,4.95251,4.94175,4.93091,4.91992,4.90881,4.89761,4.88628,4.87488,4.86333,4.85167,4.83992,4.82807,4.8161,4.8041,4.79192,4.77971,4.76735,4.75492,4.74242,4.72975,4.71704,4.70428,4.69137,4.67834,4.66525,4.65209,4.63879,4.62543,4.61193,4.59835,4.58466,4.57085,4.5569,4.54287,4.52868,4.51442,4.49992,4.48536,4.47063,4.45573,0,0,0,0,0,0,0,0,0,0,0,0,
0,0,0,0,0,0,0,0,0,0,0,0,4.87966,4.89598,4.91212,4.92814,4.94395,4.9596,4.97517,4.99052,5.00584,5.02095,5.03597,5.05084,5.06565,5.08034,5.09486,5.10929,5.12363,5.13789,5.15197,5.16602,5.17995,5.19382,5.20749,5.22111,5.23464,5.24807,5.26134,5.2746,5.28768,5.30067,5.31354,5.32625,5.33895,5.35148,5.36383,5.37617,5.3883,5.4004,5.41232,5.42404,5.4357,5.44723,5.45866,5.46985,5.48097,5.4919,5.50273,5.51343,5.52388,5.5343,5.54451,5.55456,5.5645,5.57429,5.58389,5.59335,5.6026,5.61175,5.62065,5.62949,5.63817,5.64665,5.65501,5.66316,5.67117,5.67901,5.68673,5.69424,5.70165,5.70889,5.71598,5.72295,5.72969,5.73632,5.74263,5.74897,5.75529,5.76164,5.76738,5.77312,5.77892,5.78465,5.79043,5.79559,5.8008,5.806,5.81114,5.81578,5.82097,5.82554,5.83073,5.83534,5.83996,5.84399,5.84862,5.85321,5.85726,5.86186,5.86589,5.8705,5.87453,5.87851,5.88255,5.88659,5.89063,5.89467,5.89872,5.90214,5.90619,5.90967,5.9131,5.91659,5.92001,5.92344,5.92636,5.92922,5.93151,5.93385,5.93613,5.9379,5.9396,5.94078,5.94189,5.94249,5.94308,5.94309,5.94309,5.94308,5.94249,5.94189,5.94078,5.9396,5.9379,5.93613,5.93385,5.93151,5.92922,5.92636,5.92344,5.92001,5.91659,5.9131,5.90967,5.90619,5.90214,5.89872,5.89467,5.89063,5.88659,5.88255,5.87851,5.87453,5.8705,5.86589,5.86186,5.85726,5.85321,5.84862,5.84399,5.83996,5.83534,5.83073,5.82554,5.82097,5.81578,5.81114,5.806,5.8008,5.79559,5.79043,5.78465,5.77892,5.77312,5.76738,5.76164,5.75529,5.74897,5.74263,5.73632,5.72969,5.72295,5.71598,5.70889,5.70165,5.69424,5.68673,5.67901,5.67117,5.66316,5.65501,5.64665,5.63817,5.62949,5.62065,5.61175,5.6026,5.59335,5.58389,5.57429,5.5645,5.55456,5.54451,5.5343,5.52388,5.51343,5.50273,5.4919,5.48097,5.46985,5.45866,5.44723,5.4357,5.42404,5.41232,5.4004,5.3883,5.37617,5.36383,5.35148,5.33895,5.32625,5.31354,5.30067,5.28768,5.2746,5.26134,5.24807,5.23464,5.22111,5.20749,5.19382,5.17995,5.16602,5.15197,5.13789,5.12363,5.10929,5.09486,5.08034,5.06565,5.05084,5.03597,5.02095,5.00584,4.99052,4.97517,4.9596,4.94395,4.92814,4.91212,4.89598,4.87966,0,0,0,0,0,0,0,0,0,0,0,0,
0,0,0,0,0,0,0,0,0,0,0,0,5.30341,5.32118,5.33878,5.35614,5.37335,5.39042,5.4073,5.42404,5.44067,5.45712,5.47344,5.48966,5.50573,5.52165,5.53751,5.55319,5.56879,5.58429,5.59966,5.61494,5.63004,5.64512,5.66004,5.67487,5.68955,5.70417,5.7186,5.73295,5.74722,5.76107,5.77542,5.78925,5.80308,5.81632,5.83016,5.84341,5.85664,5.86987,5.88257,5.89584,5.90849,5.92063,5.93326,5.94537,5.95745,5.96954,5.98109,5.99261,6.00411,6.01564,6.02658,6.03751,6.04851,6.05889,6.06922,6.07962,6.08994,6.09976,6.10956,6.11935,6.12858,6.1378,6.147,6.15565,6.16429,6.17297,6.18157,6.18966,6.19775,6.20581,6.21329,6.22079,6.22829,6.23517,6.24266,6.24962,6.25593,6.26287,6.26919,6.27557,6.28188,6.28826,6.29399,6.29977,6.30551,6.31129,6.31644,6.32224,6.32744,6.33258,6.33778,6.34298,6.3476,6.35281,6.35742,6.36203,6.36722,6.37182,6.37645,6.38049,6.3851,6.38972,6.3937,6.39831,6.40236,6.40698,6.41103,6.41508,6.41907,6.42256,6.42656,6.43005,6.43348,6.43697,6.44039,6.44332,6.44617,6.44852,6.4508,6.45313,6.45483,6.45601,6.45713,6.45829,6.45888,6.45889,6.45889,6.45888,6.45829,6.45713,6.45601,6.45483,6.45313,6.4508,6.44852,6.44617,6.44332,6.44039,6.43697,6.43348,6.43005,6.42656,6.42256,6.41907,6.41508,6.41103,6.40698,6.40236,6.39831,6.3937,6.38972,6.3851,6.38049,6.37645,6.37182,6.36722,6.36203,6.35742,6.35281,6.3476,6.34298,6.33778,6.33258,6.32744,6.32224,6.31644,6.31129,6.30551,6.29977,6.29399,6.28826,6.28188,6.27557,6.26919,6.26287,6.25593,6.24962,6.24266,6.23517,6.22829,6.22079,6.21329,6.20581,6.19775,6.18966,6.18157,6.17297,6.16429,6.15565,6.147,6.1378,6.12858,6.11935,6.10956,6.09976,6.08994,6.07962,6.06922,6.05889,6.04851,6.03751,6.02658,6.01564,6.00411,5.99261,5.98109,5.96954,5.95745,5.94537,5.93326,5.92063,5.90849,5.89584,5.88257,5.86987,5.85664,5.84341,5.83016,5.81632,5.80308,5.78925,5.77542,5.76107,5.74722,5.73295,5.7186,5.70417,5.68955,5.67487,5.66004,5.64512,5.63004,5.61494,5.59966,5.58429,5.56879,5.55319,5.53751,5.52165,5.50573,5.48966,5.47344,5.45712,5.44067,5.42404,5.4073,5.39042,5.37335,5.35614,5.33878,5.32118,5.30341,0,0,0,0,0,0,0,0,0,0,0,0,
0,0,0,0,0,0,0,0,0,0,0,0,5.7271,5.74606,5.76509,5.78409,5.80255,5.82097,5.83936,5.85721,5.87567,5.89296,5.91079,5.92806,5.94596,5.96324,5.97991,5.99717,6.01391,6.03065,6.04733,6.06348,6.08015,6.09632,6.11247,6.12861,6.14413,6.16024,6.17583,6.19141,6.20698,6.22193,6.23692,6.25192,6.26689,6.28188,6.29632,6.3107,6.32511,6.33894,6.35334,6.36721,6.38047,6.3943,6.40753,6.42081,6.43411,6.44676,6.45943,6.47213,6.48428,6.49693,6.50847,6.52057,6.53213,6.54368,6.55517,6.56613,6.5771,6.58806,6.59843,6.60878,6.61918,6.62901,6.63881,6.64862,6.65782,6.66705,6.67629,6.68495,6.69357,6.70227,6.71035,6.71898,6.7265,6.7346,6.74206,6.74958,6.75705,6.76401,6.77148,6.77786,6.78476,6.7917,6.79802,6.80441,6.81014,6.81651,6.82224,6.82804,6.83385,6.83956,6.84535,6.85054,6.85575,6.86095,6.86615,6.87135,6.87654,6.88117,6.88636,6.89098,6.89617,6.90078,6.90534,6.90997,6.91458,6.91864,6.92327,6.92734,6.9319,6.93596,6.94002,6.94345,6.94751,6.95094,6.95444,6.95729,6.96021,6.96306,6.96541,6.96775,6.96944,6.97119,6.9723,6.97347,6.97406,6.97407,6.97407,6.97406,6.97347,6.9723,6.97119,6.96944,6.96775,6.96541,6.96306,6.96021,6.95729,6.95444,6.95094,6.94751,6.94345,6.94002,6.93596,6.9319,6.92734,6.92327,6.91864,6.91458,6.90997,6.90534,6.90078,6.89617,6.89098,6.88636,6.88117,6.87654,6.87135,6.86615,6.86095,6.85575,6.85054,6.84535,6.83956,6.83385,6.82804,6.82224,6.81651,6.81014,6.80441,6.79802,6.7917,6.78476,6.77786,6.77148,6.76401,6.75705,6.74958,6.74206,6.7346,6.7265,6.71898,6.71035,6.70227,6.69357,6.68495,6.67629,6.66705,6.65782,6.64862,6.63881,6.62901,6.61918,6.60878,6.59843,6.58806,6.5771,6.56613,6.55517,6.54368,6.53213,6.52057,6.50847,6.49693,6.48428,6.47213,6.45943,6.44676,6.43411,6.42081,6.40753,6.3943,6.38047,6.36721,6.35334,6.33894,6.32511,6.3107,6.29632,6.28188,6.26689,6.25192,6.23692,6.22193,6.20698,6.19141,6.17583,6.16024,6.14413,6.12861,6.11247,6.09632,6.08015,6.06348,6.04733,6.03065,6.01391,5.99717,5.97991,5.96324,5.94596,5.92806,5.91079,5.89296,5.87567,5.85721,5.83936,5.82097,5.80255,5.78409,5.76509,5.74606,5.7271,0,0,0,0,0,0,0,0,0,0,0,0,
0,0,0,0,0,0,0,0,0,0,0,0,6.15051,6.17123,6.19139,6.21159,6.23173,6.25192,6.27149,6.29054,6.31012,6.32918,6.34818,6.36722,6.38565,6.40413,6.42257,6.44099,6.45886,6.47676,6.49463,6.51254,6.5298,6.54767,6.56501,6.58228,6.59904,6.61633,6.63302,6.64979,6.66591,6.68266,6.69884,6.71497,6.73112,6.74667,6.76229,6.77785,6.79339,6.8084,6.8234,6.83846,6.85284,6.86785,6.88225,6.89615,6.91057,6.9244,6.93773,6.95155,6.96482,6.97808,6.9908,7.0035,7.01618,7.02829,7.04044,7.05257,7.06414,7.0757,7.08722,7.09821,7.10916,7.12011,7.13051,7.14088,7.15131,7.16113,7.17093,7.18018,7.18997,7.19924,7.20791,7.21657,7.22522,7.23391,7.24196,7.25005,7.2581,7.26566,7.27313,7.28067,7.28758,7.29511,7.30202,7.30841,7.31529,7.32169,7.32808,7.33439,7.34076,7.34657,7.35227,7.35807,7.36385,7.36965,7.37541,7.38063,7.38584,7.39162,7.39682,7.40144,7.40664,7.41184,7.41648,7.4216,7.42622,7.43086,7.4355,7.44013,7.4442,7.44876,7.45283,7.4569,7.4609,7.4644,7.4679,7.47132,7.47424,7.47709,7.48001,7.48227,7.48404,7.48579,7.4869,7.48806,7.48865,7.48867,7.48867,7.48865,7.48806,7.4869,7.48579,7.48404,7.48227,7.48001,7.47709,7.47424,7.47132,7.4679,7.4644,7.4609,7.4569,7.45283,7.44876,7.4442,7.44013,7.4355,7.43086,7.42622,7.4216,7.41648,7.41184,7.40664,7.40144,7.39682,7.39162,7.38584,7.38063,7.37541,7.36965,7.36385,7.35807,7.35227,7.34657,7.34076,7.33439,7.32808,7.32169,7.31529,7.30841,7.30202,7.29511,7.28758,7.28067,7.27313,7.26566,7.2581,7.25005,7.24196,7.23391,7.22522,7.21657,7.20791,7.19924,7.18997,7.18018,7.17093,7.16113,7.15131,7.14088,7.13051,7.12011,7.10916,7.09821,7.08722,7.0757,7.06414,7.05257,7.04044,7.02829,7.01618,7.0035,6.9908,6.97808,6.96482,6.95155,6.93773,6.9244,6.91057,6.89615,6.88225,6.86785,6.85284,6.83846,6.8234,6.8084,6.79339,6.77785,6.76229,6.74667,6.73112,6.71497,6.69884,6.68266,6.66591,6.64979,6.63302,6.61633,6.59904,6.58228,6.56501,6.54767,6.5298,6.51254,6.49463,6.47676,6.45886,6.44099,6.42257,6.40413,6.38565,6.36722,6.34818,6.32918,6.31012,6.29054,6.27149,6.25192,6.23173,6.21159,6.19139,6.17123,6.15051,0,0,0,0,0,0,0,0,0,0,0,0,
0,0,0,0,0,0,0,0,0,0,0,0,0,6.59615,6.61807,6.63941,6.66075,6.68205,6.70283,6.72417,6.74441,6.76517,6.78537,6.80552,6.82516,6.84538,6.86502,6.88464,6.90368,6.92329,6.94231,6.96133,6.97982,6.99832,7.01738,7.03523,7.0537,7.07161,7.0901,7.10796,7.12533,7.14321,7.16058,7.1779,7.19461,7.21134,7.22811,7.24489,7.26162,7.27776,7.29395,7.30956,7.32575,7.34132,7.35633,7.37192,7.38696,7.4014,7.41643,7.43086,7.44475,7.45918,7.47302,7.48639,7.49963,7.51291,7.52624,7.53893,7.55168,7.5638,7.57597,7.58808,7.59964,7.61121,7.62274,7.63375,7.64468,7.65512,7.66553,7.67595,7.68577,7.6956,7.70544,7.71469,7.72395,7.7332,7.74181,7.75053,7.75921,7.76727,7.77543,7.78346,7.79104,7.79853,7.80607,7.81298,7.82052,7.82744,7.83439,7.84072,7.84712,7.85405,7.8598,7.86616,7.87255,7.87835,7.88413,7.88993,7.8957,7.9015,7.90671,7.91248,7.91769,7.92291,7.92811,7.93324,7.93789,7.9431,7.94774,7.95238,7.95703,7.96166,7.96567,7.97031,7.97437,7.9778,7.98188,7.98481,7.98822,7.99115,7.99406,7.99633,7.99809,7.99985,8.00152,8.00212,8.00328,8.00329,8.00329,8.00328,8.00212,8.00152,7.99985,7.99809,7.99633,7.99406,7.99115,7.98822,7.98481,7.98188,7.9778,7.97437,7.97031,7.96567,7.96166,7.95703,7.95238,7.94774,7.9431,7.93789,7.93324,7.92811,7.92291,7.91769,7.91248,7.90671,7.9015,7.8957,7.88993,7.88413,7.87835,7.87255,7.86616,7.8598,7.85405,7.84712,7.84072,7.83439,7.82744,7.82052,7.81298,7.80607,7.79853,7.79104,7.78346,7.77543,7.76727,7.75921,7.75053,7.74181,7.7332,7.72395,7.71469,7.70544,7.6956,7.68577,7.67595,7.66553,7.65512,7.64468,7.63375,7.62274,7.61121,7.59964,7.58808,7.57597,7.5638,7.55168,7.53893,7.52624,7.51291,7.49963,7.48639,7.47302,7.45918,7.44475,7.43086,7.41643,7.4014,7.38696,7.37192,7.35633,7.34132,7.32575,7.30956,7.29395,7.27776,7.26162,7.24489,7.22811,7.21134,7.19461,7.1779,7.16058,7.14321,7.12533,7.10796,7.0901,7.07161,7.0537,7.03523,7.01738,6.99832,6.97982,6.96133,6.94231,6.92329,6.90368,6.88464,6.86502,6.84538,6.82516,6.80552,6.78537,6.76517,6.74441,6.72417,6.70283,6.68205,6.66075,6.63941,6.61807,6.59615,0,0,0,0,0,0,0,0,0,0,0,0,0,
0,0,0,0,0,0,0,0,0,0,0,0,0,7.02083,7.04395,7.06699,7.08954,7.11262,7.13459,7.15706,7.179,7.20094,7.22236,7.24369,7.26507,7.28644,7.30725,7.32802,7.34883,7.36904,7.38927,7.40949,7.42975,7.44935,7.46904,7.48866,7.50833,7.52738,7.54702,7.56555,7.58458,7.60309,7.62165,7.64005,7.65863,7.6765,7.69445,7.71176,7.72972,7.74705,7.76386,7.78118,7.79798,7.81474,7.83088,7.84709,7.86331,7.87888,7.89453,7.91014,7.92521,7.9402,7.95472,7.96916,7.98364,7.9981,8.01199,8.0253,8.0386,8.0519,8.0652,8.07793,8.09005,8.10223,8.11436,8.1265,8.1381,8.14908,8.16073,8.17165,8.1821,8.19258,8.20297,8.21279,8.22265,8.2325,8.24178,8.25099,8.26028,8.26893,8.27766,8.28572,8.29443,8.30251,8.31008,8.31759,8.32572,8.33263,8.34018,8.3471,8.35406,8.36105,8.368,8.37431,8.38069,8.38708,8.39347,8.39927,8.40562,8.41144,8.41724,8.42302,8.42825,8.43403,8.43924,8.44503,8.45018,8.45482,8.46004,8.46525,8.46991,8.47455,8.4792,8.4832,8.48728,8.49136,8.49543,8.49885,8.50178,8.50471,8.50754,8.50989,8.51222,8.5139,8.51508,8.51625,8.51741,8.51742,8.51742,8.51741,8.51625,8.51508,8.5139,8.51222,8.50989,8.50754,8.50471,8.50178,8.49885,8.49543,8.49136,8.48728,8.4832,8.4792,8.47455,8.46991,8.46525,8.46004,8.45482,8.45018,8.44503,8.43924,8.43403,8.42825,8.42302,8.41724,8.41144,8.40562,8.39927,8.39347,8.38708,8.38069,8.37431,8.368,8.36105,8.35406,8.3471,8.34018,8.33263,8.32572,8.31759,8.31008,8.30251,8.29443,8.28572,8.27766,8.26893,8.26028,8.25099,8.24178,8.2325,8.22265,8.21279,8.20297,8.19258,8.1821,8.17165,8.16073,8.14908,8.1381,8.1265,8.11436,8.10223,8.09005,8.07793,8.0652,8.0519,8.0386,8.0253,8.01199,7.9981,7.98364,7.96916,7.95472,7.9402,7.92521,7.91014,7.89453,7.87888,7.86331,7.84709,7.83088,7.81474,7.79798,7.78118,7.76386,7.74705,7.72972,7.71176,7.69445,7.6765,7.65863,7.64005,7.62165,7.60309,7.58458,7.56555,7.54702,7.52738,7.50833,7.48866,7.46904,7.44935,7.42975,7.40949,7.38927,7.36904,7.34883,7.32802,7.30725,7.28644,7.26507,7.24369,7.22236,7.20094,7.179,7.15706,7.13459,7.11262,7.08954,7.06699,7.04395,7.02083,0,0,0,0,0,0,0,0,0,0,0,0,0,
0,0,0,0,0,0,0,0,0,0,0,0,0,7.44476,7.4696,7.49442,7.5187,7.54241,7.56609,7.58982,7.61288,7.63605,7.65916,7.68228,7.70485,7.72686,7.74936,7.77134,7.79333,7.81476,7.83666,7.85808,7.87945,7.90032,7.92116,7.94198,7.96279,7.983,8.00384,8.02358,8.04381,8.06345,8.0831,8.10282,8.12192,8.14098,8.16012,8.17925,8.19773,8.21625,8.23419,8.25219,8.27008,8.28802,8.30541,8.32225,8.33961,8.35636,8.37263,8.38937,8.40506,8.42124,8.43689,8.45251,8.46756,8.4827,8.49709,8.51165,8.52614,8.54,8.55391,8.5672,8.58062,8.59386,8.60667,8.61938,8.63159,8.64371,8.65532,8.66692,8.6785,8.68947,8.70055,8.71098,8.7214,8.73185,8.74174,8.75151,8.7614,8.77065,8.77995,8.7886,8.79735,8.80599,8.81416,8.8228,8.8304,8.83848,8.84605,8.85362,8.86109,8.8681,8.87565,8.88254,8.88896,8.89591,8.90232,8.90869,8.91508,8.92146,8.92784,8.93365,8.93944,8.94524,8.95105,8.95629,8.96208,8.96721,8.97245,8.97767,8.98233,8.98698,8.99164,8.9963,9.00028,9.00493,9.00845,9.01196,9.01537,9.0183,9.02122,9.02413,9.02581,9.02757,9.02932,9.03049,9.03108,9.03166,9.03166,9.03108,9.03049,9.02932,9.02757,9.02581,9.02413,9.02122,9.0183,9.01537,9.01196,9.00845,9.00493,9.00028,8.9963,8.99164,8.98698,8.98233,8.97767,8.97245,8.96721,8.96208,8.95629,8.95105,8.94524,8.93944,8.93365,8.92784,8.92146,8.91508,8.90869,8.90232,8.89591,8.88896,8.88254,8.87565,8.8681,8.86109,8.85362,8.84605,8.83848,8.8304,8.8228,8.81416,8.80599,8.79735,8.7886,8.77995,8.77065,8.7614,8.75151,8.74174,8.73185,8.7214,8.71098,8.70055,8.68947,8.6785,8.66692,8.65532,8.64371,8.63159,8.61938,8.60667,8.59386,8.58062,8.5672,8.55391,8.54,8.52614,8.51165,8.49709,8.4827,8.46756,8.45251,8.43689,8.42124,8.40506,8.38937,8.37263,8.35636,8.33961,8.32225,8.30541,8.28802,8.27008,8.25219,8.23419,8.21625,8.19773,8.17925,8.16012,8.14098,8.12192,8.10282,8.0831,8.06345,8.04381,8.02358,8.00384,7.983,7.96279,7.94198,7.92116,7.90032,7.87945,7.85808,7.83666,7.81476,7.79333,7.77134,7.74936,7.72686,7.70485,7.68228,7.65916,7.63605,7.61288,7.58982,7.56609,7.54241,7.5187,7.49442,7.4696,7.44476,0,0,0,0,0,0,0,0,0,0,0,0,0,
0,0,0,0,0,0,0,0,0,0,0,0,0,7.86907,7.8957,7.92119,7.94715,7.97265,7.99746,8.02243,8.04726,8.07159,8.09587,8.12022,8.14395,8.16761,8.19138,8.2145,8.23771,8.26086,8.28341,8.30658,8.32859,8.35118,8.37319,8.39523,8.4172,8.43867,8.4606,8.48148,8.50292,8.52378,8.54463,8.56555,8.58579,8.60605,8.62635,8.64605,8.66578,8.68494,8.70458,8.72373,8.7423,8.76082,8.77934,8.79794,8.81586,8.83331,8.85128,8.86808,8.88548,8.90228,8.91906,8.93537,8.95161,8.96725,8.9829,8.99795,9.01306,9.02818,9.04266,9.0572,9.07112,9.08505,9.09892,9.11168,9.12507,9.13787,9.15058,9.16279,9.17498,9.18656,9.19821,9.20925,9.22084,9.2313,9.24175,9.25213,9.26262,9.27252,9.28234,9.29168,9.30091,9.31024,9.31893,9.32768,9.33577,9.34452,9.35258,9.36018,9.36824,9.37583,9.3834,9.39041,9.39789,9.40487,9.41185,9.41826,9.42522,9.43162,9.43801,9.4444,9.45023,9.45661,9.46242,9.46822,9.47403,9.47927,9.48499,9.49021,9.49488,9.50011,9.50479,9.50944,9.51354,9.51819,9.52161,9.52569,9.52919,9.53212,9.53495,9.5373,9.53964,9.5414,9.54315,9.54432,9.54492,9.54549,9.54549,9.54492,9.54432,9.54315,9.5414,9.53964,9.5373,9.53495,9.53212,9.52919,9.52569,9.52161,9.51819,9.51354,9.50944,9.50479,9.50011,9.49488,9.49021,9.48499,9.47927,9.47403,9.46822,9.46242,9.45661,9.45023,9.4444,9.43801,9.43162,9.42522,9.41826,9.41185,9.40487,9.39789,9.39041,9.3834,9.37583,9.36824,9.36018,9.35258,9.34452,9.33577,9.32768,9.31893,9.31024,9.30091,9.29168,9.28234,9.27252,9.26262,9.25213,9.24175,9.2313,9.22084,9.20925,9.19821,9.18656,9.17498,9.16279,9.15058,9.13787,9.12507,9.11168,9.09892,9.08505,9.07112,9.0572,9.04266,9.02818,9.01306,8.99795,8.9829,8.96725,8.95161,8.93537,8.91906,8.90228,8.88548,8.86808,8.85128,8.83331,8.81586,8.79794,8.77934,8.76082,8.7423,8.72373,8.70458,8.68494,8.66578,8.64605,8.62635,8.60605,8.58579,8.56555,8.54463,8.52378,8.50292,8.48148,8.4606,8.43867,8.4172,8.39523,8.37319,8.35118,8.32859,8.30658,8.28341,8.26086,8.23771,8.2145,8.19138,8.16761,8.14395,8.12022,8.09587,8.07159,8.04726,8.02243,7.99746,7.97265,7.94715,7.92119,7.8957,7.86907,0,0,0,0,0,0,0,0,0,0,0,0,0,
0,0,0,0,0,0,0,0,0,0,0,0,0,8.2933,8.32105,8.34824,8.37553,8.40218,8.42877,8.45489,8.48089,8.50696,8.53248,8.55795,8.58345,8.60835,8.63331,8.65766,8.682,8.70637,8.73067,8.75443,8.77824,8.802,8.82516,8.84835,8.87154,8.89418,8.91676,8.93943,8.96208,8.98409,9.00609,9.02759,9.04904,9.07051,9.09195,9.11292,9.1338,9.1541,9.17438,9.19466,9.21444,9.23416,9.25395,9.27306,9.29225,9.31076,9.32936,9.34743,9.3654,9.38334,9.40081,9.41826,9.43506,9.4519,9.46817,9.48443,9.50074,9.51642,9.53153,9.54665,9.56175,9.57625,9.59074,9.60476,9.61867,9.63201,9.64541,9.65824,9.67101,9.68377,9.69598,9.70764,9.7198,9.73087,9.7425,9.753,9.76398,9.77445,9.78487,9.79478,9.80466,9.81399,9.82324,9.8326,9.84129,9.85005,9.85874,9.86747,9.87566,9.88318,9.89132,9.89893,9.90641,9.91398,9.92099,9.928,9.93498,9.94195,9.94894,9.95533,9.96173,9.96814,9.97397,9.97979,9.98618,9.99143,9.99724,10.0024,10.0076,10.0129,10.0175,10.0222,10.0269,10.031,10.0351,10.039,10.0425,10.0455,10.0484,10.0513,10.0531,10.0553,10.0565,10.0577,10.0588,10.0589,10.0589,10.0588,10.0577,10.0565,10.0553,10.0531,10.0513,10.0484,10.0455,10.0425,10.039,10.0351,10.031,10.0269,10.0222,10.0175,10.0129,10.0076,10.0024,9.99724,9.99143,9.98618,9.97979,9.97397,9.96814,9.96173,9.95533,9.94894,9.94195,9.93498,9.928,9.92099,9.91398,9.90641,9.89893,9.89132,9.88318,9.87566,9.86747,9.85874,9.85005,9.84129,9.8326,9.82324,9.81399,9.80466,9.79478,9.78487,9.77445,9.76398,9.753,9.7425,9.73087,9.7198,9.70764,9.69598,9.68377,9.67101,9.65824,9.64541,9.63201,9.61867,9.60476,9.59074,9.57625,9.56175,9.54665,9.53153,9.51642,9.50074,9.48443,9.46817,9.4519,9.43506,9.41826,9.40081,9.38334,9.3654,9.34743,9.32936,9.31076,9.29225,9.27306,9.25395,9.23416,9.21444,9.19466,9.17438,9.1541,9.1338,9.11292,9.09195,9.07051,9.04904,9.02759,9.00609,8.98409,8.96208,8.93943,8.91676,8.89418,8.87154,8.84835,8.82516,8.802,8.77824,8.75443,8.73067,8.70637,8.682,8.65766,8.63331,8.60835,8.58345,8.55795,8.53248,8.50696,8.48089,8.45489,8.42877,8.40218,8.37553,8.34824,8.32105,8.2933,0,0,0,0,0,0,0,0,0,0,0,0,0,
0,0,0,0,0,0,0,0,0,0,0,0,0,8.71734,8.74634,8.77534,8.80367,8.83159,8.85998,8.88724,8.91502,8.94231,8.96901,8.9957,9.02232,9.04847,9.07463,9.10067,9.12625,9.15182,9.17728,9.20228,9.22783,9.25214,9.27709,9.30152,9.32532,9.34967,9.37348,9.39732,9.42056,9.44385,9.46706,9.49022,9.51289,9.53501,9.55766,9.57978,9.60124,9.62331,9.64424,9.6658,9.68665,9.70758,9.72795,9.74826,9.76803,9.78782,9.80756,9.82683,9.84544,9.86457,9.88256,9.90121,9.91922,9.93671,9.95417,9.97099,9.98795,10.0042,10.0205,10.0367,10.0525,10.0676,10.0828,10.0978,10.1124,10.1264,10.1404,10.1543,10.1677,10.1811,10.1939,10.2061,10.2189,10.2306,10.2428,10.2539,10.2655,10.2766,10.2871,10.2975,10.3081,10.3185,10.3279,10.3377,10.3471,10.3563,10.3652,10.3744,10.3826,10.3913,10.3995,10.4076,10.4152,10.4233,10.4309,10.4379,10.4455,10.4525,10.4595,10.4665,10.4729,10.4793,10.4857,10.4921,10.498,10.5038,10.5096,10.5155,10.5206,10.5259,10.5305,10.5358,10.5405,10.5445,10.5486,10.5527,10.5562,10.5591,10.562,10.5649,10.5667,10.569,10.5702,10.5714,10.5725,10.5726,10.5726,10.5725,10.5714,10.5702,10.569,10.5667,10.5649,10.562,10.5591,10.5562,10.5527,10.5486,10.5445,10.5405,10.5358,10.5305,10.5259,10.5206,10.5155,10.5096,10.5038,10.498,10.4921,10.4857,10.4793,10.4729,10.4665,10.4595,10.4525,10.4455,10.4379,10.4309,10.4233,10.4152,10.4076,10.3995,10.3913,10.3826,10.3744,10.3652,10.3563,10.3471,10.3377,10.3279,10.3185,10.3081,10.2975,10.2871,10.2766,10.2655,10.2539,10.2428,10.2306,10.2189,10.2061,10.1939,10.1811,10.1677,10.1543,10.1404,10.1264,10.1124,10.0978,10.0828,10.0676,10.0525,10.0367,10.0205,10.0042,9.98795,9.97099,9.95417,9.93671,9.91922,9.90121,9.88256,9.86457,9.84544,9.82683,9.80756,9.78782,9.76803,9.74826,9.72795,9.70758,9.68665,9.6658,9.64424,9.62331,9.60124,9.57978,9.55766,9.53501,9.51289,9.49022,9.46706,9.44385,9.42056,9.39732,9.37348,9.34967,9.32532,9.30152,9.27709,9.25214,9.22783,9.20228,9.17728,9.15182,9.12625,9.10067,9.07463,9.04847,9.02232,8.9957,8.96901,8.94231,8.91502,8.88724,8.85998,8.83159,8.80367,8.77534,8.74634,8.71734,0,0,0,0,0,0,0,0,0,0,0,0,0,
0,0,0,0,0,0,0,0,0,0,0,0,0,9.14073,9.1715,9.20167,9.23125,9.26142,9.29048,9.31955,9.34856,9.37704,9.40544,9.43335,9.46119,9.48912,9.51646,9.54375,9.57045,9.59715,9.62393,9.65061,9.6768,9.70296,9.72853,9.75406,9.77972,9.80475,9.82965,9.85465,9.87968,9.90407,9.92795,9.95239,9.97622,9.9995,10.0234,10.0461,10.0694,10.092,10.1148,10.1369,10.159,10.1805,10.2021,10.223,10.2446,10.2649,10.2853,10.3057,10.3255,10.3453,10.3645,10.3838,10.403,10.421,10.4396,10.4577,10.4752,10.4927,10.5095,10.5265,10.5428,10.5591,10.5749,10.5906,10.6057,10.6209,10.6355,10.6501,10.6641,10.6781,10.6914,10.7049,10.7177,10.7305,10.7428,10.7551,10.7672,10.7789,10.79,10.801,10.8122,10.8226,10.8332,10.8431,10.853,10.8623,10.8723,10.881,10.8903,10.8991,10.9078,10.916,10.9242,10.9323,10.9405,10.9481,10.9557,10.9633,10.9703,10.9773,10.9843,10.9913,10.9978,11.0042,11.0106,11.0164,11.0223,11.0281,11.0334,11.0385,11.0438,11.049,11.0537,11.0578,11.0619,11.066,11.0695,11.073,11.076,11.0783,11.0806,11.0823,11.0841,11.0853,11.0859,11.0864,11.0864,11.0859,11.0853,11.0841,11.0823,11.0806,11.0783,11.076,11.073,11.0695,11.066,11.0619,11.0578,11.0537,11.049,11.0438,11.0385,11.0334,11.0281,11.0223,11.0164,11.0106,11.0042,10.9978,10.9913,10.9843,10.9773,10.9703,10.9633,10.9557,10.9481,10.9405,10.9323,10.9242,10.916,10.9078,10.8991,10.8903,10.881,10.8723,10.8623,10.853,10.8431,10.8332,10.8226,10.8122,10.801,10.79,10.7789,10.7672,10.7551,10.7428,10.7305,10.7177,10.7049,10.6914,10.6781,10.6641,10.6501,10.6355,10.6209,10.6057,10.5906,10.5749,10.5591,10.5428,10.5265,10.5095,10.4927,10.4752,10.4577,10.4396,10.421,10.403,10.3838,10.3645,10.3453,10.3255,10.3057,10.2853,10.2649,10.2446,10.223,10.2021,10.1805,10.159,10.1369,10.1148,10.092,10.0694,10.0461,10.0234,9.9995,9.97622,9.95239,9.92795,9.90407,9.87968,9.85465,9.82965,9.80475,9.77972,9.75406,9.72853,9.70296,9.6768,9.65061,9.62393,9.59715,9.57045,9.54375,9.51646,9.48912,9.46119,9.43335,9.40544,9.37704,9.34856,9.31955,9.29048,9.26142,9.23125,9.20167,9.1715,9.14073,0,0,0,0,0,0,0,0,0,0,0,0,0,
0,0,0,0,0,0,0,0,0,0,0,0,0,0,9.59604,9.62794,9.65935,9.69013,9.72092,9.7518,9.78197,9.81168,9.84132,9.87094,9.90005,9.92912,9.95768,9.9861,10.0146,10.0425,10.0705,10.0985,10.1258,10.1531,10.1799,10.2067,10.2335,10.2603,10.2864,10.3121,10.3382,10.3639,10.389,10.4147,10.4391,10.4642,10.4886,10.513,10.537,10.5609,10.5842,10.6075,10.6308,10.6535,10.6763,10.6984,10.7206,10.7422,10.7638,10.7848,10.8058,10.8262,10.8466,10.867,10.8862,10.9061,10.9253,10.944,10.9628,10.9808,10.9989,11.0164,11.0334,11.0508,11.0672,11.0835,11.0999,11.1157,11.1308,11.146,11.1607,11.1752,11.1898,11.2038,11.2173,11.2307,11.2435,11.2564,11.2687,11.2809,11.2926,11.3044,11.316,11.3271,11.3376,11.3487,11.3587,11.3692,11.3791,11.3885,11.3978,11.4072,11.4166,11.4253,11.4335,11.4423,11.4504,11.4586,11.4662,11.4738,11.4814,11.489,11.4961,11.5031,11.5095,11.5165,11.523,11.5288,11.5353,11.5411,11.5464,11.5522,11.5574,11.5621,11.5667,11.5714,11.5755,11.5796,11.5831,11.5867,11.5896,11.592,11.5943,11.5966,11.5978,11.599,11.6002,11.6002,11.6002,11.6002,11.599,11.5978,11.5966,11.5943,11.592,11.5896,11.5867,11.5831,11.5796,11.5755,11.5714,11.5667,11.5621,11.5574,11.5522,11.5464,11.5411,11.5353,11.5288,11.523,11.5165,11.5095,11.5031,11.4961,11.489,11.4814,11.4738,11.4662,11.4586,11.4504,11.4423,11.4335,11.4253,11.4166,11.4072,11.3978,11.3885,11.3791,11.3692,11.3587,11.3487,11.3376,11.3271,11.316,11.3044,11.2926,11.2809,11.2687,11.2564,11.2435,11.2307,11.2173,11.2038,11.1898,11.1752,11.1607,11.146,11.1308,11.1157,11.0999,11.0835,11.0672,11.0508,11.0334,11.0164,10.9989,10.9808,10.9628,10.944,10.9253,10.9061,10.8862,10.867,10.8466,10.8262,10.8058,10.7848,10.7638,10.7422,10.7206,10.6984,10.6763,10.6535,10.6308,10.6075,10.5842,10.5609,10.537,10.513,10.4886,10.4642,10.4391,10.4147,10.389,10.3639,10.3382,10.3121,10.2864,10.2603,10.2335,10.2067,10.1799,10.1531,10.1258,10.0985,10.0705,10.0425,10.0146,9.9861,9.95768,9.92912,9.90005,9.87094,9.84132,9.81168,9.78197,9.7518,9.72092,9.69013,9.65935,9.62794,9.59604,0,0,0,0,0,0,0,0,0,0,0,0,0,0,
0,0,0,0,0,0,0,0,0,0,0,0,0,0,10.0211,10.0542,10.0868,10.1194,10.1514,10.1834,10.2149,10.2463,10.2771,10.308,10.3389,10.3692,10.3989,10.4286,10.4583,10.4881,10.5171,10.5457,10.5743,10.6028,10.6314,10.6594,10.6874,10.7148,10.7422,10.7696,10.7965,10.8233,10.8501,10.8764,10.9025,10.9283,10.9539,10.9796,11.0047,11.0292,11.0543,11.0783,11.1028,11.1267,11.1501,11.1734,11.1962,11.219,11.2418,11.2641,11.2856,11.3073,11.3288,11.3493,11.3704,11.3908,11.4106,11.4305,11.4499,11.4691,11.4878,11.506,11.5241,11.5422,11.5598,11.5768,11.5937,11.6101,11.6264,11.6422,11.6574,11.6727,11.6879,11.7025,11.7166,11.7306,11.7441,11.7575,11.7704,11.7832,11.7961,11.8079,11.8201,11.8318,11.8429,11.8541,11.8646,11.8758,11.8857,11.8962,11.9057,11.9155,11.925,11.9343,11.9431,11.9519,11.9607,11.9688,11.977,11.9847,11.9929,12.0005,12.0075,12.0152,12.0222,12.0287,12.0351,12.0416,12.048,12.0539,12.0597,12.0656,12.0708,12.0755,12.0807,12.0848,12.0895,12.093,12.0971,12.1001,12.1036,12.1059,12.1083,12.1101,12.1118,12.113,12.1136,12.1142,12.1142,12.1136,12.113,12.1118,12.1101,12.1083,12.1059,12.1036,12.1001,12.0971,12.093,12.0895,12.0848,12.0807,12.0755,12.0708,12.0656,12.0597,12.0539,12.048,12.0416,12.0351,12.0287,12.0222,12.0152,12.0075,12.0005,11.9929,11.9847,11.977,11.9688,11.9607,11.9519,11.9431,11.9343,11.925,11.9155,11.9057,11.8962,11.8857,11.8758,11.8646,11.8541,11.8429,11.8318,11.8201,11.8079,11.7961,11.7832,11.7704,11.7575,11.7441,11.7306,11.7166,11.7025,11.6879,11.6727,11.6574,11.6422,11.6264,11.6101,11.5937,11.5768,11.5598,11.5422,11.5241,11.506,11.4878,11.4691,11.4499,11.4305,11.4106,11.3908,11.3704,11.3493,11.3288,11.3073,11.2856,11.2641,11.2418,11.219,11.1962,11.1734,11.1501,11.1267,11.1028,11.0783,11.0543,11.0292,11.0047,10.9796,10.9539,10.9283,10.9025,10.8764,10.8501,10.8233,10.7965,10.7696,10.7422,10.7148,10.6874,10.6594,10.6314,10.6028,10.5743,10.5457,10.5171,10.4881,10.4583,10.4286,10.3989,10.3692,10.3389,10.308,10.2771,10.2463,10.2149,10.1834,10.1514,10.1194,10.0868,10.0542,10.0211,0,0,0,0,0,0,0,0,0,0,0,0,0,0,
0,0,0,0,0,0,0,0,0,0,0,0,0,0,10.4449,10.4799,10.5142,10.5481,10.5818,10.6151,10.6477,10.6804,10.713,10.7451,10.7771,10.8087,10.8401,10.8711,10.902,10.933,10.9633,10.9931,11.0234,11.0532,11.0824,11.1116,11.1407,11.1699,11.1986,11.2266,11.2552,11.2833,11.3107,11.3382,11.3657,11.3926,11.4195,11.4458,11.4721,11.4978,11.5235,11.5492,11.5744,11.5995,11.6241,11.6481,11.6726,11.6961,11.7195,11.7429,11.7657,11.7879,11.8102,11.8324,11.8541,11.8752,11.8962,11.9167,11.9373,11.9572,11.9765,11.9958,12.0151,12.0333,12.052,12.0697,12.0872,12.1048,12.1217,12.1381,12.1546,12.1704,12.1857,12.2009,12.2162,12.2308,12.2448,12.2589,12.2725,12.2859,12.2988,12.3117,12.3241,12.3363,12.3481,12.3598,12.371,12.3821,12.3933,12.4037,12.4138,12.4237,12.4337,12.4432,12.4525,12.4619,12.4707,12.4795,12.4877,12.4959,12.5041,12.5118,12.5194,12.527,12.5341,12.5411,12.5482,12.5547,12.5611,12.567,12.5734,12.5787,12.584,12.5893,12.5946,12.5987,12.6033,12.6074,12.6109,12.6144,12.6174,12.6198,12.6221,12.6244,12.6256,12.6268,12.628,12.628,12.628,12.628,12.6268,12.6256,12.6244,12.6221,12.6198,12.6174,12.6144,12.6109,12.6074,12.6033,12.5987,12.5946,12.5893,12.584,12.5787,12.5734,12.567,12.5611,12.5547,12.5482,12.5411,12.5341,12.527,12.5194,12.5118,12.5041,12.4959,12.4877,12.4795,12.4707,12.4619,12.4525,12.4432,12.4337,12.4237,12.4138,12.4037,12.3933,12.3821,12.371,12.3598,12.3481,12.3363,12.3241,12.3117,12.2988,12.2859,12.2725,12.2589,12.2448,12.2308,12.2162,12.2009,12.1857,12.1704,12.1546,12.1381,12.1217,12.1048,12.0872,12.0697,12.052,12.0333,12.0151,11.9958,11.9765,11.9572,11.9373,11.9167,11.8962,11.8752,11.8541,11.8324,11.8102,11.7879,11.7657,11.7429,11.7195,11.6961,11.6726,11.6481,11.6241,11.5995,11.5744,11.5492,11.5235,11.4978,11.4721,11.4458,11.4195,11.3926,11.3657,11.3382,11.3107,11.2833,11.2552,11.2266,11.1986,11.1699,11.1407,11.1116,11.0824,11.0532,11.0234,10.9931,10.9633,10.933,10.902,10.8711,10.8401,10.8087,10.7771,10.7451,10.713,10.6804,10.6477,10.6151,10.5818,10.5481,10.5142,10.4799,10.4449,0,0,0,0,0,0,0,0,0,0,0,0,0,0,
0,0,0,0,0,0,0,0,0,0,0,0,0,0,10.8693,10.9055,10.9411,10.9767,11.0117,11.0462,11.0806,11.1145,11.1484,11.1823,11.2149,11.2483,11.2809,11.3131,11.3452,11.3773,11.4089,11.4405,11.4721,11.503,11.5334,11.5639,11.5943,11.6247,11.6545,11.6838,11.7137,11.7422,11.7716,11.8002,11.8283,11.8564,11.8846,11.9121,11.9396,11.9665,11.9935,12.0198,12.0461,12.072,12.0977,12.1229,12.1482,12.1734,12.1973,12.2214,12.2455,12.2689,12.2923,12.3152,12.3375,12.3598,12.3815,12.4032,12.4244,12.4454,12.466,12.486,12.5059,12.5252,12.5441,12.5629,12.581,12.5992,12.6168,12.6345,12.6514,12.6679,12.6843,12.7002,12.7154,12.7308,12.746,12.7601,12.7748,12.7884,12.8024,12.8154,12.8283,12.8412,12.8536,12.8659,12.8777,12.8888,12.9006,12.9112,12.9223,12.9324,12.9429,12.9529,12.9624,12.9717,12.9811,12.99,12.9988,13.0075,13.0158,13.0241,13.0317,13.0394,13.047,13.0541,13.0611,13.0676,13.0747,13.0806,13.087,13.0923,13.0982,13.1035,13.1082,13.1129,13.1176,13.1212,13.1252,13.1287,13.1316,13.134,13.1364,13.1387,13.1399,13.1411,13.1422,13.1428,13.1428,13.1422,13.1411,13.1399,13.1387,13.1364,13.134,13.1316,13.1287,13.1252,13.1212,13.1176,13.1129,13.1082,13.1035,13.0982,13.0923,13.087,13.0806,13.0747,13.0676,13.0611,13.0541,13.047,13.0394,13.0317,13.0241,13.0158,13.0075,12.9988,12.99,12.9811,12.9717,12.9624,12.9529,12.9429,12.9324,12.9223,12.9112,12.9006,12.8888,12.8777,12.8659,12.8536,12.8412,12.8283,12.8154,12.8024,12.7884,12.7748,12.7601,12.746,12.7308,12.7154,12.7002,12.6843,12.6679,12.6514,12.6345,12.6168,12.5992,12.581,12.5629,12.5441,12.5252,12.5059,12.486,12.466,12.4454,12.4244,12.4032,12.3815,12.3598,12.3375,12.3152,12.2923,12.2689,12.2455,12.2214,12.1973,12.1734,12.1482,12.1229,12.0977,12.072,12.0461,12.0198,11.9935,11.9665,11.9396,11.9121,11.8846,11.8564,11.8283,11.8002,11.7716,11.7422,11.7137,11.6838,11.6545,11.6247,11.5943,11.5639,11.5334,11.503,11.4721,11.4405,11.4089,11.3773,11.3452,11.3131,11.2809,11.2483,11.2149,11.1823,11.1484,11.1145,11.0806,11.0462,11.0117,10.9767,10.9411,10.9055,10.8693,0,0,0,0,0,0,0,0,0,0,0,0,0,0,
0,0,0,0,0,0,0,0,0,0,0,0,0,0,11.2932,11.3306,11.368,11.4048,11.4411,11.4773,11.513,11.5486,11.5838,11.6189,11.6534,11.6873,11.7213,11.7552,11.7885,11.8219,11.8547,11.8875,11.9202,11.9524,11.9846,12.0163,12.0479,12.079,12.11,12.1411,12.1716,12.2015,12.232,12.2619,12.2911,12.3206,12.3492,12.378,12.4068,12.4349,12.463,12.4906,12.5177,12.5447,12.5716,12.5981,12.6238,12.6497,12.6756,12.7008,12.7255,12.7501,12.7742,12.7977,12.8212,12.8448,12.867,12.8895,12.9118,12.9335,12.9546,12.9758,12.9964,13.0164,13.0364,13.0558,13.0752,13.094,13.1122,13.1305,13.1482,13.1653,13.1823,13.1994,13.2152,13.2312,13.2471,13.2623,13.2771,13.2912,13.3059,13.3194,13.333,13.3466,13.3595,13.3719,13.3842,13.396,13.4077,13.4196,13.4307,13.4414,13.452,13.4625,13.4726,13.482,13.492,13.5009,13.5103,13.5191,13.5279,13.5362,13.5439,13.5521,13.5598,13.5669,13.5746,13.5811,13.5881,13.5946,13.6005,13.6064,13.6123,13.6176,13.6223,13.6271,13.6318,13.6359,13.6394,13.643,13.6459,13.6487,13.6511,13.6529,13.6546,13.6558,13.6564,13.657,13.657,13.6564,13.6558,13.6546,13.6529,13.6511,13.6487,13.6459,13.643,13.6394,13.6359,13.6318,13.6271,13.6223,13.6176,13.6123,13.6064,13.6005,13.5946,13.5881,13.5811,13.5746,13.5669,13.5598,13.5521,13.5439,13.5362,13.5279,13.5191,13.5103,13.5009,13.492,13.482,13.4726,13.4625,13.452,13.4414,13.4307,13.4196,13.4077,13.396,13.3842,13.3719,13.3595,13.3466,13.333,13.3194,13.3059,13.2912,13.2771,13.2623,13.2471,13.2312,13.2152,13.1994,13.1823,13.1653,13.1482,13.1305,13.1122,13.094,13.0752,13.0558,13.0364,13.0164,12.9964,12.9758,12.9546,12.9335,12.9118,12.8895,12.867,12.8448,12.8212,12.7977,12.7742,12.7501,12.7255,12.7008,12.6756,12.6497,12.6238,12.5981,12.5716,12.5447,12.5177,12.4906,12.463,12.4349,12.4068,12.378,12.3492,12.3206,12.2911,12.2619,12.232,12.2015,12.1716,12.1411,12.11,12.079,12.0479,12.0163,11.9846,11.9524,11.9202,11.8875,11.8547,11.8219,11.7885,11.7552,11.7213,11.6873,11.6534,11.6189,11.5838,11.5486,11.513,11.4773,11.4411,11.4048,11.368,11.3306,11.2932,0,0,0,0,0,0,0,0,0,0,0,0,0,0,
0,0,0,0,0,0,0,0,0,0,0,0,0,0,0,11.7557,11.7944,11.8324,11.8704,11.908,11.9455,11.9824,12.0186,12.055,12.0908,12.1265,12.1622,12.1969,12.2319,12.2665,12.3006,12.3346,12.3687,12.402,12.4349,12.4683,12.5012,12.5335,12.5657,12.5975,12.6291,12.6608,12.692,12.7231,12.7538,12.7842,12.8142,12.8441,12.8741,12.9029,12.9323,12.9612,12.9894,13.0175,13.0452,13.0729,13.0999,13.127,13.1534,13.1794,13.2053,13.2306,13.2559,13.2806,13.3047,13.3289,13.353,13.3759,13.399,13.4213,13.4437,13.4655,13.4873,13.5079,13.5291,13.5492,13.5693,13.5887,13.6082,13.6269,13.6453,13.663,13.6806,13.6983,13.7154,13.7319,13.7479,13.7638,13.7792,13.7945,13.8093,13.8235,13.8376,13.8517,13.8652,13.8783,13.8908,13.9036,13.9155,13.9273,13.9391,13.9503,13.9615,13.9721,13.9827,13.9929,14.0028,14.0123,14.0218,14.0312,14.04,14.0483,14.0566,14.0649,14.0725,14.0802,14.0879,14.095,14.1015,14.1086,14.1145,14.1204,14.1263,14.1317,14.137,14.1417,14.1464,14.1506,14.1541,14.1577,14.1612,14.1636,14.1659,14.1683,14.1695,14.1707,14.1718,14.1719,14.1719,14.1718,14.1707,14.1695,14.1683,14.1659,14.1636,14.1612,14.1577,14.1541,14.1506,14.1464,14.1417,14.137,14.1317,14.1263,14.1204,14.1145,14.1086,14.1015,14.095,14.0879,14.0802,14.0725,14.0649,14.0566,14.0483,14.04,14.0312,14.0218,14.0123,14.0028,13.9929,13.9827,13.9721,13.9615,13.9503,13.9391,13.9273,13.9155,13.9036,13.8908,13.8783,13.8652,13.8517,13.8376,13.8235,13.8093,13.7945,13.7792,13.7638,13.7479,13.7319,13.7154,13.6983,13.6806,13.663,13.6453,13.6269,13.6082,13.5887,13.5693,13.5492,13.5291,13.5079,13.4873,13.4655,13.4437,13.4213,13.399,13.3759,13.353,13.3289,13.3047,13.2806,13.2559,13.2306,13.2053,13.1794,13.1534,13.127,13.0999,13.0729,13.0452,13.0175,12.9894,12.9612,12.9323,12.9029,12.8741,12.8441,12.8142,12.7842,12.7538,12.7231,12.692,12.6608,12.6291,12.5975,12.5657,12.5335,12.5012,12.4683,12.4349,12.402,12.3687,12.3346,12.3006,12.2665,12.2319,12.1969,12.1622,12.1265,12.0908,12.055,12.0186,11.9824,11.9455,11.908,11.8704,11.8324,11.7944,11.7557,0,0,0,0,0,0,0,0,0,0,0,0,0,0,0,
0,0,0,0,0,0,0,0,0,0,0,0,0,0,0,12.1803,12.2203,12.2601,12.3,12.3387,12.3774,12.4155,12.4537,12.4912,12.5282,12.5652,12.6022,12.6385,12.6744,12.7102,12.746,12.7813,12.8165,12.8511,12.8859,12.92,12.9541,12.9876,13.0211,13.0546,13.0876,13.1199,13.1523,13.1846,13.2165,13.2482,13.2794,13.31,13.3412,13.3713,13.4013,13.4313,13.4608,13.4903,13.5191,13.5474,13.5757,13.6034,13.6311,13.6582,13.6848,13.7114,13.7373,13.7632,13.7885,13.8134,13.8381,13.8623,13.8865,13.9096,13.9331,13.9556,13.978,13.9999,14.0211,14.0424,14.0632,14.0837,14.1038,14.1233,14.1422,14.1612,14.1795,14.1973,14.215,14.2321,14.2493,14.2658,14.2818,14.2977,14.3131,14.3279,14.3426,14.3568,14.3711,14.3846,14.3982,14.4106,14.4237,14.436,14.4479,14.4598,14.471,14.4823,14.4929,14.5036,14.5137,14.5236,14.5337,14.5432,14.5521,14.5609,14.5698,14.5781,14.5864,14.5941,14.6018,14.6089,14.616,14.6226,14.6291,14.635,14.6409,14.6463,14.6516,14.6569,14.6611,14.6652,14.6694,14.6729,14.6759,14.6789,14.6812,14.683,14.6848,14.686,14.6866,14.6872,14.6872,14.6866,14.686,14.6848,14.683,14.6812,14.6789,14.6759,14.6729,14.6694,14.6652,14.6611,14.6569,14.6516,14.6463,14.6409,14.635,14.6291,14.6226,14.616,14.6089,14.6018,14.5941,14.5864,14.5781,14.5698,14.5609,14.5521,14.5432,14.5337,14.5236,14.5137,14.5036,14.4929,14.4823,14.471,14.4598,14.4479,14.436,14.4237,14.4106,14.3982,14.3846,14.3711,14.3568,14.3426,14.3279,14.3131,14.2977,14.2818,14.2658,14.2493,14.2321,14.215,14.1973,14.1795,14.1612,14.1422,14.1233,14.1038,14.0837,14.0632,14.0424,14.0211,13.9999,13.978,13.9556,13.9331,13.9096,13.8865,13.8623,13.8381,13.8134,13.7885,13.7632,13.7373,13.7114,13.6848,13.6582,13.6311,13.6034,13.5757,13.5474,13.5191,13.4903,13.4608,13.4313,13.4013,13.3713,13.3412,13.31,13.2794,13.2482,13.2165,13.1846,13.1523,13.1199,13.0876,13.0546,13.0211,12.9876,12.9541,12.92,12.8859,12.8511,12.8165,12.7813,12.746,12.7102,12.6744,12.6385,12.6022,12.5652,12.5282,12.4912,12.4537,12.4155,12.3774,12.3387,12.3,12.2601,12.2203,12.1803,0,0,0,0,0,0,0,0,0,0,0,0,0,0,0,
0,0,0,0,0,0,0,0,0,0,0,0,0,0,0,12.6045,12.6462,12.6879,12.7284,12.7689,12.8089,12.8488,12.8882,12.927,12.9658,13.004,13.0422,13.0799,13.1175,13.1546,13.1911,13.2281,13.2641,13.3,13.3359,13.3712,13.4065,13.4419,13.4768,13.5109,13.5451,13.5786,13.6123,13.6459,13.6788,13.7113,13.7438,13.7762,13.8081,13.8393,13.8706,13.9019,13.932,13.9627,13.9922,14.0218,14.0513,14.0802,14.1085,14.1369,14.1646,14.1919,14.2191,14.2456,14.2723,14.2983,14.3237,14.3491,14.3734,14.3983,14.4219,14.4456,14.4686,14.4917,14.5136,14.536,14.5574,14.5787,14.5994,14.6196,14.6397,14.6592,14.6782,14.6965,14.7149,14.7333,14.7504,14.7677,14.7843,14.8009,14.8168,14.8323,14.8478,14.8624,14.8773,14.8916,14.9051,14.9188,14.9318,14.9443,14.9567,14.9692,14.9811,14.9923,15.0036,15.0148,15.0256,15.0357,15.0457,15.0552,15.0647,15.0742,15.0832,15.0914,15.0997,15.108,15.1157,15.1229,15.13,15.1371,15.1437,15.1502,15.1561,15.1615,15.1668,15.1716,15.1764,15.1805,15.1847,15.1882,15.1912,15.1942,15.1966,15.1989,15.2001,15.2013,15.2025,15.2025,15.2025,15.2025,15.2013,15.2001,15.1989,15.1966,15.1942,15.1912,15.1882,15.1847,15.1805,15.1764,15.1716,15.1668,15.1615,15.1561,15.1502,15.1437,15.1371,15.13,15.1229,15.1157,15.108,15.0997,15.0914,15.0832,15.0742,15.0647,15.0552,15.0457,15.0357,15.0256,15.0148,15.0036,14.9923,14.9811,14.9692,14.9567,14.9443,14.9318,14.9188,14.9051,14.8916,14.8773,14.8624,14.8478,14.8323,14.8168,14.8009,14.7843,14.7677,14.7504,14.7333,14.7149,14.6965,14.6782,14.6592,14.6397,14.6196,14.5994,14.5787,14.5574,14.536,14.5136,14.4917,14.4686,14.4456,14.4219,14.3983,14.3734,14.3491,14.3237,14.2983,14.2723,14.2456,14.2191,14.1919,14.1646,14.1369,14.1085,14.0802,14.0513,14.0218,13.9922,13.9627,13.932,13.9019,13.8706,13.8393,13.8081,13.7762,13.7438,13.7113,13.6788,13.6459,13.6123,13.5786,13.5451,13.5109,13.4768,13.4419,13.4065,13.3712,13.3359,13.3,13.2641,13.2281,13.1911,13.1546,13.1175,13.0799,13.0422,13.004,12.9658,12.927,12.8882,12.8488,12.8089,12.7689,12.7284,12.6879,12.6462,12.6045,0,0,0,0,0,0,0,0,0,0,0,0,0,0,0,
0,0,0,0,0,0,0,0,0,0,0,0,0,0,0,13.0287,13.0717,13.1146,13.157,13.1988,13.2406,13.2818,13.3224,13.363,13.4031,13.4425,13.482,13.5209,13.5598,13.5981,13.6365,13.6741,13.7119,13.749,13.7861,13.8227,13.8594,13.8954,13.9314,13.9675,14.0023,14.0376,14.0725,14.1067,14.1411,14.1747,14.2085,14.2415,14.2746,14.3072,14.3397,14.3716,14.4036,14.4349,14.4658,14.4965,14.5267,14.5568,14.5864,14.6154,14.6445,14.6728,14.7007,14.7286,14.7558,14.7825,14.8091,14.8352,14.8608,14.8862,14.9111,14.9354,14.9598,14.9834,15.0065,15.0292,15.0517,15.0736,15.095,15.1164,15.1366,15.1567,15.1769,15.1965,15.2155,15.234,15.2523,15.2702,15.2873,15.304,15.3206,15.3373,15.3527,15.3681,15.3835,15.3979,15.4126,15.4264,15.4401,15.4531,15.4663,15.4786,15.4912,15.503,15.5149,15.5263,15.5369,15.5477,15.5578,15.5679,15.578,15.587,15.5965,15.6054,15.6136,15.622,15.6298,15.6375,15.6447,15.6518,15.6589,15.6649,15.6709,15.6768,15.6822,15.6875,15.6923,15.6964,15.7006,15.7042,15.7072,15.7101,15.7125,15.7143,15.7161,15.7173,15.7185,15.7185,15.7185,15.7185,15.7173,15.7161,15.7143,15.7125,15.7101,15.7072,15.7042,15.7006,15.6964,15.6923,15.6875,15.6822,15.6768,15.6709,15.6649,15.6589,15.6518,15.6447,15.6375,15.6298,15.622,15.6136,15.6054,15.5965,15.587,15.578,15.5679,15.5578,15.5477,15.5369,15.5263,15.5149,15.503,15.4912,15.4786,15.4663,15.4531,15.4401,15.4264,15.4126,15.3979,15.3835,15.3681,15.3527,15.3373,15.3206,15.304,15.2873,15.2702,15.2523,15.234,15.2155,15.1965,15.1769,15.1567,15.1366,15.1164,15.095,15.0736,15.0517,15.0292,15.0065,14.9834,14.9598,14.9354,14.9111,14.8862,14.8608,14.8352,14.8091,14.7825,14.7558,14.7286,14.7007,14.6728,14.6445,14.6154,14.5864,14.5568,14.5267,14.4965,14.4658,14.4349,14.4036,14.3716,14.3397,14.3072,14.2746,14.2415,14.2085,14.1747,14.1411,14.1067,14.0725,14.0376,14.0023,13.9675,13.9314,13.8954,13.8594,13.8227,13.7861,13.749,13.7119,13.6741,13.6365,13.5981,13.5598,13.5209,13.482,13.4425,13.4031,13.363,13.3224,13.2818,13.2406,13.1988,13.157,13.1146,13.0717,13.0287,0,0,0,0,0,0,0,0,0,0,0,0,0,0,0,
0,0,0,0,0,0,0,0,0,0,0,0,0,0,0,0,13.4974,13.5415,13.5851,13.6288,13.6718,13.7143,13.7562,13.798,13.8394,13.8806,13.9214,13.9621,14.0017,14.0418,14.0814,14.1203,14.1593,14.1978,14.2362,14.274,14.3119,14.3491,14.3865,14.4231,14.4597,14.4958,14.532,14.568,14.6031,14.6379,14.6728,14.7072,14.7416,14.7753,14.8086,14.8418,14.8743,14.907,14.939,14.971,15.0024,15.0333,15.0635,15.0938,15.1241,15.1532,15.1823,15.2107,15.2392,15.2672,15.2945,15.3217,15.3479,15.3746,15.4003,15.4259,15.4501,15.4751,15.4989,15.5227,15.5459,15.5684,15.5905,15.6124,15.634,15.6553,15.6756,15.6958,15.7154,15.735,15.7536,15.772,15.7905,15.8077,15.825,15.8417,15.8584,15.8745,15.8899,15.9053,15.9203,15.9345,15.9489,15.9627,15.9757,15.9889,16.0013,16.0139,16.0257,16.0377,16.0491,16.0597,16.0705,16.0813,16.0907,16.1009,16.1099,16.1194,16.1278,16.1366,16.1444,16.1522,16.16,16.1671,16.1737,16.1803,16.1868,16.1928,16.1982,16.203,16.2078,16.2125,16.2167,16.2203,16.2233,16.2262,16.2286,16.231,16.2322,16.2334,16.2346,16.2346,16.2346,16.2346,16.2334,16.2322,16.231,16.2286,16.2262,16.2233,16.2203,16.2167,16.2125,16.2078,16.203,16.1982,16.1928,16.1868,16.1803,16.1737,16.1671,16.16,16.1522,16.1444,16.1366,16.1278,16.1194,16.1099,16.1009,16.0907,16.0813,16.0705,16.0597,16.0491,16.0377,16.0257,16.0139,16.0013,15.9889,15.9757,15.9627,15.9489,15.9345,15.9203,15.9053,15.8899,15.8745,15.8584,15.8417,15.825,15.8077,15.7905,15.772,15.7536,15.735,15.7154,15.6958,15.6756,15.6553,15.634,15.6124,15.5905,15.5684,15.5459,15.5227,15.4989,15.4751,15.4501,15.4259,15.4003,15.3746,15.3479,15.3217,15.2945,15.2672,15.2392,15.2107,15.1823,15.1532,15.1241,15.0938,15.0635,15.0333,15.0024,14.971,14.939,14.907,14.8743,14.8418,14.8086,14.7753,14.7416,14.7072,14.6728,14.6379,14.6031,14.568,14.532,14.4958,14.4597,14.4231,14.3865,14.3491,14.3119,14.274,14.2362,14.1978,14.1593,14.1203,14.0814,14.0418,14.0017,13.9621,13.9214,13.8806,13.8394,13.798,13.7562,13.7143,13.6718,13.6288,13.5851,13.5415,13.4974,0,0,0,0,0,0,0,0,0,0,0,0,0,0,0,0,
0,0,0,0,0,0,0,0,0,0,0,0,0,0,0,0,13.9219,13.968,14.0129,14.0577,14.1027,14.1465,14.1901,14.2333,14.2759,14.3184,14.3609,14.4024,14.4438,14.4852,14.526,14.5663,14.6065,14.6462,14.686,14.7251,14.7641,14.8026,14.8411,14.8791,14.9171,14.9544,14.9918,15.0285,15.0653,15.1015,15.1371,15.1727,15.2078,15.2429,15.2778,15.3117,15.3456,15.3795,15.4121,15.4453,15.4775,15.5096,15.5411,15.5726,15.6036,15.6339,15.6636,15.6934,15.7226,15.7517,15.7797,15.8077,15.8356,15.8624,15.8892,15.9156,15.9411,15.9668,15.9917,16.0162,16.0401,16.0634,16.0867,16.1092,16.1313,16.1534,16.1749,16.1957,16.2161,16.2358,16.2554,16.2746,16.293,16.3116,16.3294,16.3468,16.3641,16.3803,16.397,16.4124,16.428,16.443,16.4572,16.4716,16.4853,16.4991,16.5123,16.5247,16.5374,16.5492,16.5612,16.5726,16.5833,16.5941,16.6043,16.6144,16.624,16.6336,16.6426,16.6515,16.6598,16.6676,16.6754,16.6826,16.6898,16.6964,16.7024,16.7084,16.7143,16.7192,16.7245,16.7287,16.7329,16.7365,16.7401,16.7425,16.7455,16.7473,16.7491,16.7503,16.7509,16.7515,16.7515,16.7509,16.7503,16.7491,16.7473,16.7455,16.7425,16.7401,16.7365,16.7329,16.7287,16.7245,16.7192,16.7143,16.7084,16.7024,16.6964,16.6898,16.6826,16.6754,16.6676,16.6598,16.6515,16.6426,16.6336,16.624,16.6144,16.6043,16.5941,16.5833,16.5726,16.5612,16.5492,16.5374,16.5247,16.5123,16.4991,16.4853,16.4716,16.4572,16.443,16.428,16.4124,16.397,16.3803,16.3641,16.3468,16.3294,16.3116,16.293,16.2746,16.2554,16.2358,16.2161,16.1957,16.1749,16.1534,16.1313,16.1092,16.0867,16.0634,16.0401,16.0162,15.9917,15.9668,15.9411,15.9156,15.8892,15.8624,15.8356,15.8077,15.7797,15.7517,15.7226,15.6934,15.6636,15.6339,15.6036,15.5726,15.5411,15.5096,15.4775,15.4453,15.4121,15.3795,15.3456,15.3117,15.2778,15.2429,15.2078,15.1727,15.1371,15.1015,15.0653,15.0285,14.9918,14.9544,14.9171,14.8791,14.8411,14.8026,14.7641,14.7251,14.686,14.6462,14.6065,14.5663,14.526,14.4852,14.4438,14.4024,14.3609,14.3184,14.2759,14.2333,14.1901,14.1465,14.1027,14.0577,14.0129,13.968,13.9219,0,0,0,0,0,0,0,0,0,0,0,0,0,0,0,0,
0,0,0,0,0,0,0,0,0,0,0,0,0,0,0,0,14.3462,14.394,14.4408,14.487,14.5332,14.5782,14.6237,14.6681,14.7126,14.7563,14.7996,14.8429,14.8857,14.9283,14.9703,15.012,15.0535,15.0943,15.1353,15.1763,15.2161,15.2564,15.2957,15.3349,15.3741,15.4127,15.4513,15.4893,15.5268,15.5643,15.6012,15.638,15.6744,15.7107,15.7464,15.7816,15.8167,15.8512,15.8853,15.9192,15.9531,15.9859,16.0186,16.0508,16.083,16.114,16.1451,16.176,16.2065,16.2357,16.2655,16.2943,16.3229,16.3509,16.3784,16.4053,16.4323,16.4584,16.4842,16.5093,16.5344,16.5588,16.5827,16.6061,16.6288,16.6515,16.6737,16.6952,16.7167,16.7371,16.7574,16.7772,16.7963,16.8155,16.834,16.852,16.8694,16.8867,16.9035,16.9197,16.9358,16.9514,16.9664,16.9813,16.9957,17.0094,17.0233,17.0365,17.049,17.0616,17.0735,17.0855,17.097,17.1077,17.1185,17.1288,17.1385,17.1479,17.1575,17.1666,17.175,17.1834,17.191,17.1983,17.2055,17.2127,17.2187,17.2253,17.2307,17.2361,17.2409,17.2457,17.2499,17.2535,17.2571,17.2596,17.2625,17.2644,17.2662,17.2674,17.2685,17.2686,17.2686,17.2685,17.2674,17.2662,17.2644,17.2625,17.2596,17.2571,17.2535,17.2499,17.2457,17.2409,17.2361,17.2307,17.2253,17.2187,17.2127,17.2055,17.1983,17.191,17.1834,17.175,17.1666,17.1575,17.1479,17.1385,17.1288,17.1185,17.1077,17.097,17.0855,17.0735,17.0616,17.049,17.0365,17.0233,17.0094,16.9957,16.9813,16.9664,16.9514,16.9358,16.9197,16.9035,16.8867,16.8694,16.852,16.834,16.8155,16.7963,16.7772,16.7574,16.7371,16.7167,16.6952,16.6737,16.6515,16.6288,16.6061,16.5827,16.5588,16.5344,16.5093,16.4842,16.4584,16.4323,16.4053,16.3784,16.3509,16.3229,16.2943,16.2655,16.2357,16.2065,16.176,16.1451,16.114,16.083,16.0508,16.0186,15.9859,15.9531,15.9192,15.8853,15.8512,15.8167,15.7816,15.7464,15.7107,15.6744,15.638,15.6012,15.5643,15.5268,15.4893,15.4513,15.4127,15.3741,15.3349,15.2957,15.2564,15.2161,15.1763,15.1353,15.0943,15.0535,15.012,14.9703,14.9283,14.8857,14.8429,14.7996,14.7563,14.7126,14.6681,14.6237,14.5782,14.5332,14.487,14.4408,14.394,14.3462,0,0,0,0,0,0,0,0,0,0,0,0,0,0,0,0,
0,0,0,0,0,0,0,0,0,0,0,0,0,0,0,0,14.7706,14.8192,14.8678,14.9158,14.9632,15.0101,15.0564,15.1027,15.1484,15.1935,15.2387,15.2831,15.3271,15.3712,15.4145,15.4573,15.5001,15.543,15.5846,15.6268,15.6678,15.7094,15.7499,15.7906,15.8309,15.8709,15.9102,15.9496,15.9888,16.027,16.0651,16.1033,16.1409,16.1778,16.2149,16.2513,16.2877,16.3229,16.3588,16.3934,16.428,16.462,16.4961,16.529,16.5624,16.5948,16.6269,16.6581,16.6898,16.7202,16.7509,16.7807,16.81,16.8387,16.8676,16.8956,16.9233,16.9502,16.9766,17.0029,17.0287,17.0538,17.0783,17.1029,17.1264,17.1497,17.1726,17.1954,17.2169,17.2384,17.2594,17.2799,17.2997,17.3194,17.3387,17.3573,17.3754,17.3933,17.4107,17.4276,17.4437,17.46,17.4757,17.4913,17.5056,17.5201,17.5344,17.5477,17.561,17.5741,17.5862,17.5982,17.6102,17.6217,17.6324,17.6432,17.6535,17.6632,17.6727,17.6817,17.6908,17.6992,17.7071,17.7149,17.722,17.7292,17.7359,17.7419,17.7479,17.7533,17.7582,17.763,17.7672,17.7708,17.7744,17.7774,17.7799,17.7822,17.7835,17.7853,17.7859,17.7865,17.7865,17.7859,17.7853,17.7835,17.7822,17.7799,17.7774,17.7744,17.7708,17.7672,17.763,17.7582,17.7533,17.7479,17.7419,17.7359,17.7292,17.722,17.7149,17.7071,17.6992,17.6908,17.6817,17.6727,17.6632,17.6535,17.6432,17.6324,17.6217,17.6102,17.5982,17.5862,17.5741,17.561,17.5477,17.5344,17.5201,17.5056,17.4913,17.4757,17.46,17.4437,17.4276,17.4107,17.3933,17.3754,17.3573,17.3387,17.3194,17.2997,17.2799,17.2594,17.2384,17.2169,17.1954,17.1726,17.1497,17.1264,17.1029,17.0783,17.0538,17.0287,17.0029,16.9766,16.9502,16.9233,16.8956,16.8676,16.8387,16.81,16.7807,16.7509,16.7202,16.6898,16.6581,16.6269,16.5948,16.5624,16.529,16.4961,16.462,16.428,16.3934,16.3588,16.3229,16.2877,16.2513,16.2149,16.1778,16.1409,16.1033,16.0651,16.027,15.9888,15.9496,15.9102,15.8709,15.8309,15.7906,15.7499,15.7094,15.6678,15.6268,15.5846,15.543,15.5001,15.4573,15.4145,15.3712,15.3271,15.2831,15.2387,15.1935,15.1484,15.1027,15.0564,15.0101,14.9632,14.9158,14.8678,14.8192,14.7706,0,0,0,0,0,0,0,0,0,0,0,0,0,0,0,0,
0,0,0,0,0,0,0,0,0,0,0,0,0,0,0,0,0,15.2446,15.2944,15.3444,15.3931,15.4412,15.4894,15.5369,15.5839,15.6304,15.6768,15.7226,15.7685,15.8131,15.8583,15.9025,15.9465,15.9906,16.0341,16.0771,16.1201,16.1623,16.2042,16.2458,16.2877,16.3289,16.3695,16.41,16.45,16.4896,16.529,16.5684,16.6067,16.6455,16.6833,16.7209,16.7581,16.7951,16.8315,16.8676,16.903,16.9381,16.973,17.0077,17.0413,17.0748,17.1084,17.1408,17.1731,17.2049,17.2361,17.2668,17.2973,17.3273,17.3567,17.3855,17.4138,17.4419,17.4696,17.4967,17.5231,17.5489,17.5748,17.6001,17.624,17.6482,17.6722,17.6951,17.7178,17.7401,17.7618,17.7829,17.8033,17.8237,17.8435,17.8629,17.8816,17.9002,17.9177,17.9357,17.9527,17.9688,17.9851,18.0008,18.0165,18.0309,18.0455,18.0597,18.0731,18.0864,18.0996,18.1117,18.1244,18.1358,18.1472,18.1582,18.1683,18.1786,18.1883,18.1979,18.2069,18.2154,18.2238,18.2317,18.239,18.2462,18.2527,18.2593,18.2648,18.2708,18.2757,18.2805,18.2848,18.2884,18.292,18.295,18.298,18.2999,18.3017,18.3029,18.3041,18.3041,18.3041,18.3041,18.3029,18.3017,18.2999,18.298,18.295,18.292,18.2884,18.2848,18.2805,18.2757,18.2708,18.2648,18.2593,18.2527,18.2462,18.239,18.2317,18.2238,18.2154,18.2069,18.1979,18.1883,18.1786,18.1683,18.1582,18.1472,18.1358,18.1244,18.1117,18.0996,18.0864,18.0731,18.0597,18.0455,18.0309,18.0165,18.0008,17.9851,17.9688,17.9527,17.9357,17.9177,17.9002,17.8816,17.8629,17.8435,17.8237,17.8033,17.7829,17.7618,17.7401,17.7178,17.6951,17.6722,17.6482,17.624,17.6001,17.5748,17.5489,17.5231,17.4967,17.4696,17.4419,17.4138,17.3855,17.3567,17.3273,17.2973,17.2668,17.2361,17.2049,17.1731,17.1408,17.1084,17.0748,17.0413,17.0077,16.973,16.9381,16.903,16.8676,16.8315,16.7951,16.7581,16.7209,16.6833,16.6455,16.6067,16.5684,16.529,16.4896,16.45,16.41,16.3695,16.3289,16.2877,16.2458,16.2042,16.1623,16.1201,16.0771,16.0341,15.9906,15.9465,15.9025,15.8583,15.8131,15.7685,15.7226,15.6768,15.6304,15.5839,15.5369,15.4894,15.4412,15.3931,15.3444,15.2944,15.2446,0,0,0,0,0,0,0,0,0,0,0,0,0,0,0,0,0,
0,0,0,0,0,0,0,0,0,0,0,0,0,0,0,0,0,15.6696,15.7214,15.7721,15.8226,15.872,15.9215,15.9709,16.0193,16.0675,16.1151,16.1623,16.2089,16.2555,16.3019,16.3473,16.3928,16.4381,16.483,16.5272,16.5714,16.615,16.6581,16.7012,16.7442,16.7861,16.8286,16.87,16.9112,16.952,16.9928,17.0329,17.073,17.1126,17.1515,17.1906,17.2289,17.2668,17.304,17.3411,17.3778,17.4144,17.4504,17.4858,17.5207,17.5555,17.5892,17.6228,17.6564,17.6889,17.7216,17.7533,17.7846,17.8153,17.8454,17.8755,17.905,17.9338,17.9622,17.9899,18.0176,18.0441,18.0708,18.0967,18.122,18.1466,18.1713,18.1954,18.2184,18.2414,18.2636,18.286,18.3071,18.3283,18.3487,18.3686,18.388,18.4068,18.4254,18.4435,18.4611,18.4786,18.4949,18.5112,18.5269,18.5427,18.5571,18.5717,18.5861,18.5994,18.6128,18.626,18.6381,18.6503,18.6617,18.6732,18.6842,18.6943,18.7046,18.7138,18.7235,18.7318,18.7403,18.7488,18.7561,18.7634,18.7706,18.7768,18.7826,18.7887,18.7936,18.7984,18.8032,18.8069,18.8105,18.8136,18.816,18.8184,18.8202,18.8215,18.8226,18.8227,18.8227,18.8226,18.8215,18.8202,18.8184,18.816,18.8136,18.8105,18.8069,18.8032,18.7984,18.7936,18.7887,18.7826,18.7768,18.7706,18.7634,18.7561,18.7488,18.7403,18.7318,18.7235,18.7138,18.7046,18.6943,18.6842,18.6732,18.6617,18.6503,18.6381,18.626,18.6128,18.5994,18.5861,18.5717,18.5571,18.5427,18.5269,18.5112,18.4949,18.4786,18.4611,18.4435,18.4254,18.4068,18.388,18.3686,18.3487,18.3283,18.3071,18.286,18.2636,18.2414,18.2184,18.1954,18.1713,18.1466,18.122,18.0967,18.0708,18.0441,18.0176,17.9899,17.9622,17.9338,17.905,17.8755,17.8454,17.8153,17.7846,17.7533,17.7216,17.6889,17.6564,17.6228,17.5892,17.5555,17.5207,17.4858,17.4504,17.4144,17.3778,17.3411,17.304,17.2668,17.2289,17.1906,17.1515,17.1126,17.073,17.0329,16.9928,16.952,16.9112,16.87,16.8286,16.7861,16.7442,16.7012,16.6581,16.615,16.5714,16.5272,16.483,16.4381,16.3928,16.3473,16.3019,16.2555,16.2089,16.1623,16.1151,16.0675,16.0193,15.9709,15.9215,15.872,15.8226,15.7721,15.7214,15.6696,0,0,0,0,0,0,0,0,0,0,0,0,0,0,0,0,0,
0,0,0,0,0,0,0,0,0,0,0,0,0,0,0,0,0,16.0943,16.1469,16.1994,16.2513,16.3032,16.3539,16.4041,16.4543,16.5039,16.5529,16.6013,16.6497,16.6976,16.7449,16.7922,16.8388,16.8855,16.9316,16.9772,17.0226,17.0676,17.112,17.1564,17.2002,17.2438,17.287,17.3298,17.3724,17.4144,17.4564,17.4979,17.5387,17.5795,17.6198,17.6596,17.6992,17.7382,17.7769,17.8153,17.8526,17.8901,17.9273,17.9636,17.9996,18.0352,18.0706,18.1051,18.1394,18.1732,18.2064,18.2395,18.2715,18.3034,18.3348,18.3656,18.3959,18.4253,18.4551,18.4834,18.5119,18.5396,18.5669,18.5935,18.62,18.6455,18.6708,18.6955,18.7197,18.7434,18.7664,18.7887,18.8111,18.8324,18.8536,18.8741,18.8947,18.9141,18.9334,18.9516,18.9698,18.988,19.005,19.0218,19.0382,19.0541,19.0693,19.0843,19.0989,19.1128,19.1268,19.1396,19.1528,19.165,19.1772,19.1886,19.1996,19.2106,19.2209,19.2305,19.2402,19.2494,19.2579,19.2662,19.2742,19.2815,19.2882,19.2949,19.301,19.3071,19.3125,19.3172,19.3215,19.3258,19.3294,19.3325,19.3349,19.3373,19.3392,19.3404,19.3416,19.3422,19.3422,19.3416,19.3404,19.3392,19.3373,19.3349,19.3325,19.3294,19.3258,19.3215,19.3172,19.3125,19.3071,19.301,19.2949,19.2882,19.2815,19.2742,19.2662,19.2579,19.2494,19.2402,19.2305,19.2209,19.2106,19.1996,19.1886,19.1772,19.165,19.1528,19.1396,19.1268,19.1128,19.0989,19.0843,19.0693,19.0541,19.0382,19.0218,19.005,18.988,18.9698,18.9516,18.9334,18.9141,18.8947,18.8741,18.8536,18.8324,18.8111,18.7887,18.7664,18.7434,18.7197,18.6955,18.6708,18.6455,18.62,18.5935,18.5669,18.5396,18.5119,18.4834,18.4551,18.4253,18.3959,18.3656,18.3348,18.3034,18.2715,18.2395,18.2064,18.1732,18.1394,18.1051,18.0706,18.0352,17.9996,17.9636,17.9273,17.8901,17.8526,17.8153,17.7769,17.7382,17.6992,17.6596,17.6198,17.5795,17.5387,17.4979,17.4564,17.4144,17.3724,17.3298,17.287,17.2438,17.2002,17.1564,17.112,17.0676,17.0226,16.9772,16.9316,16.8855,16.8388,16.7922,16.7449,16.6976,16.6497,16.6013,16.5529,16.5039,16.4543,16.4041,16.3539,16.3032,16.2513,16.1994,16.1469,16.0943,0,0,0,0,0,0,0,0,0,0,0,0,0,0,0,0,0,
0,0,0,0,0,0,0,0,0,0,0,0,0,0,0,0,0,0,16.5726,16.6271,16.6803,16.7329,16.7856,16.8376,16.889,16.9399,16.9904,17.0406,17.0899,17.1395,17.1881,17.2367,17.2846,17.3327,17.3796,17.4269,17.4733,17.5195,17.5657,17.6108,17.6566,17.7011,17.7455,17.7895,17.8334,17.8767,17.9194,17.9623,18.0044,18.0466,18.0876,18.1286,18.1695,18.2094,18.2491,18.2884,18.3276,18.3662,18.4042,18.4418,18.4785,18.5154,18.5517,18.5874,18.6224,18.6574,18.692,18.7252,18.7585,18.7919,18.8239,18.8553,18.8867,18.9177,18.9475,18.9772,19.0062,19.0352,19.0631,19.091,19.1177,19.1444,19.1704,19.196,19.2208,19.2451,19.2688,19.2924,19.3149,19.3373,19.3592,19.3805,19.4011,19.4213,19.4413,19.4601,19.4789,19.4972,19.5154,19.5325,19.5493,19.5658,19.5817,19.5969,19.612,19.6267,19.6407,19.6541,19.6675,19.6801,19.6924,19.7045,19.7162,19.727,19.7374,19.7478,19.7574,19.7666,19.7757,19.7843,19.7923,19.7995,19.8068,19.8135,19.8202,19.8257,19.8312,19.8361,19.841,19.8452,19.8489,19.852,19.8543,19.8567,19.8585,19.8603,19.861,19.8616,19.8616,19.861,19.8603,19.8585,19.8567,19.8543,19.852,19.8489,19.8452,19.841,19.8361,19.8312,19.8257,19.8202,19.8135,19.8068,19.7995,19.7923,19.7843,19.7757,19.7666,19.7574,19.7478,19.7374,19.727,19.7162,19.7045,19.6924,19.6801,19.6675,19.6541,19.6407,19.6267,19.612,19.5969,19.5817,19.5658,19.5493,19.5325,19.5154,19.4972,19.4789,19.4601,19.4413,19.4213,19.4011,19.3805,19.3592,19.3373,19.3149,19.2924,19.2688,19.2451,19.2208,19.196,19.1704,19.1444,19.1177,19.091,19.0631,19.0352,19.0062,18.9772,18.9475,18.9177,18.8867,18.8553,18.8239,18.7919,18.7585,18.7252,18.692,18.6574,18.6224,18.5874,18.5517,18.5154,18.4785,18.4418,18.4042,18.3662,18.3276,18.2884,18.2491,18.2094,18.1695,18.1286,18.0876,18.0466,18.0044,17.9623,17.9194,17.8767,17.8334,17.7895,17.7455,17.7011,17.6566,17.6108,17.5657,17.5195,17.4733,17.4269,17.3796,17.3327,17.2846,17.2367,17.1881,17.1395,17.0899,17.0406,16.9904,16.9399,16.889,16.8376,16.7856,16.7329,16.6803,16.6271,16.5726,0,0,0,0,0,0,0,0,0,0,0,0,0,0,0,0,0,0,
0,0,0,0,0,0,0,0,0,0,0,0,0,0,0,0,0,0,16.9981,17.0533,17.1084,17.1629,17.2169,17.2704,17.3231,17.3753,17.4276,17.4792,17.5302,17.5807,17.6306,17.6806,17.7305,17.7792,17.828,17.8761,17.9242,17.9718,18.0188,18.0659,18.1124,18.1581,18.204,18.2492,18.2938,18.3385,18.3826,18.4266,18.4701,18.5131,18.5552,18.5977,18.6394,18.681,18.7216,18.7622,18.8022,18.8419,18.8808,18.9196,18.9577,18.9953,19.0329,19.0698,19.1057,19.1413,19.1771,19.2117,19.2458,19.2796,19.3132,19.3452,19.3775,19.4091,19.4406,19.4709,19.5008,19.5307,19.5597,19.5877,19.6158,19.6431,19.67,19.696,19.7215,19.7471,19.7715,19.7957,19.8191,19.8422,19.8647,19.8866,19.908,19.9286,19.9494,19.969,19.9884,20.0073,20.0256,20.0433,20.061,20.0774,20.0939,20.1098,20.1257,20.1403,20.1549,20.1691,20.1824,20.1958,20.2087,20.2208,20.2324,20.2435,20.2544,20.2648,20.2752,20.2845,20.2935,20.3026,20.3107,20.3186,20.326,20.3328,20.3393,20.3454,20.3509,20.3559,20.3607,20.3645,20.3687,20.3718,20.3748,20.3767,20.3786,20.3804,20.381,20.3816,20.3816,20.381,20.3804,20.3786,20.3767,20.3748,20.3718,20.3687,20.3645,20.3607,20.3559,20.3509,20.3454,20.3393,20.3328,20.326,20.3186,20.3107,20.3026,20.2935,20.2845,20.2752,20.2648,20.2544,20.2435,20.2324,20.2208,20.2087,20.1958,20.1824,20.1691,20.1549,20.1403,20.1257,20.1098,20.0939,20.0774,20.061,20.0433,20.0256,20.0073,19.9884,19.969,19.9494,19.9286,19.908,19.8866,19.8647,19.8422,19.8191,19.7957,19.7715,19.7471,19.7215,19.696,19.67,19.6431,19.6158,19.5877,19.5597,19.5307,19.5008,19.4709,19.4406,19.4091,19.3775,19.3452,19.3132,19.2796,19.2458,19.2117,19.1771,19.1413,19.1057,19.0698,19.0329,18.9953,18.9577,18.9196,18.8808,18.8419,18.8022,18.7622,18.7216,18.681,18.6394,18.5977,18.5552,18.5131,18.4701,18.4266,18.3826,18.3385,18.2938,18.2492,18.204,18.1581,18.1124,18.0659,18.0188,17.9718,17.9242,17.8761,17.828,17.7792,17.7305,17.6806,17.6306,17.5807,17.5302,17.4792,17.4276,17.3753,17.3231,17.2704,17.2169,17.1629,17.1084,17.0533,16.9981,0,0,0,0,0,0,0,0,0,0,0,0,0,0,0,0,0,0,
0,0,0,0,0,0,0,0,0,0,0,0,0,0,0,0,0,0,17.4228,17.4798,17.5364,17.5923,17.6481,17.7027,17.757,17.8111,17.8641,17.9171,17.9695,18.0219,18.0737,18.1243,18.1755,18.2257,18.2757,18.3251,18.3746,18.4237,18.4719,18.5202,18.5674,18.6152,18.6617,18.7084,18.7547,18.8003,18.8456,18.891,18.9353,18.9794,19.0231,19.0667,19.1093,19.1522,19.1941,19.2355,19.2767,19.3174,19.3574,19.3975,19.4364,19.4753,19.5137,19.5513,19.589,19.6255,19.662,19.6979,19.7331,19.7678,19.8019,19.8354,19.8684,19.9012,19.9329,19.9645,19.9957,20.0262,20.056,20.0848,20.1141,20.1422,20.1697,20.1964,20.2234,20.249,20.2741,20.299,20.3235,20.3473,20.3705,20.3932,20.4151,20.4365,20.4573,20.4782,20.4978,20.5173,20.5363,20.5547,20.5724,20.5901,20.6066,20.6232,20.6391,20.6545,20.6696,20.6838,20.6979,20.7113,20.7248,20.7371,20.7493,20.7609,20.772,20.7831,20.7934,20.8032,20.8125,20.8211,20.8295,20.8375,20.8449,20.8523,20.8591,20.8652,20.8708,20.8761,20.8805,20.8848,20.889,20.8921,20.8952,20.8976,20.8995,20.9007,20.9019,20.902,20.902,20.9019,20.9007,20.8995,20.8976,20.8952,20.8921,20.889,20.8848,20.8805,20.8761,20.8708,20.8652,20.8591,20.8523,20.8449,20.8375,20.8295,20.8211,20.8125,20.8032,20.7934,20.7831,20.772,20.7609,20.7493,20.7371,20.7248,20.7113,20.6979,20.6838,20.6696,20.6545,20.6391,20.6232,20.6066,20.5901,20.5724,20.5547,20.5363,20.5173,20.4978,20.4782,20.4573,20.4365,20.4151,20.3932,20.3705,20.3473,20.3235,20.299,20.2741,20.249,20.2234,20.1964,20.1697,20.1422,20.1141,20.0848,20.056,20.0262,19.9957,19.9645,19.9329,19.9012,19.8684,19.8354,19.8019,19.7678,19.7331,19.6979,19.662,19.6255,19.589,19.5513,19.5137,19.4753,19.4364,19.3975,19.3574,19.3174,19.2767,19.2355,19.1941,19.1522,19.1093,19.0667,19.0231,18.9794,18.9353,18.891,18.8456,18.8003,18.7547,18.7084,18.6617,18.6152,18.5674,18.5202,18.4719,18.4237,18.3746,18.3251,18.2757,18.2257,18.1755,18.1243,18.0737,18.0219,17.9695,17.9171,17.8641,17.8111,17.757,17.7027,17.6481,17.5923,17.5364,17.4798,17.4228,0,0,0,0,0,0,0,0,0,0,0,0,0,0,0,0,0,0,
0,0,0,0,0,0,0,0,0,0,0,0,0,0,0,0,0,0,0,17.9056,17.964,18.0212,18.0785,18.1346,18.1907,18.246,18.3011,18.3553,18.4091,18.4623,18.5155,18.5681,18.6201,18.672,18.7235,18.7743,18.825,18.8747,18.9249,18.974,19.0231,19.0717,19.1195,19.1675,19.2148,19.2621,19.3088,19.3549,19.4005,19.4461,19.4911,19.5353,19.5792,19.6229,19.6663,19.7089,19.7514,19.7929,19.8342,19.875,19.9153,19.9554,19.9945,20.0336,20.072,20.1098,20.1469,20.1837,20.2202,20.2556,20.2911,20.3253,20.3596,20.3931,20.4261,20.4586,20.4903,20.5216,20.5521,20.5821,20.6121,20.6409,20.6692,20.6972,20.7242,20.7511,20.7775,20.8027,20.8277,20.8523,20.8762,20.8995,20.9222,20.9442,20.9658,20.9872,21.0076,21.0278,21.0474,21.0664,21.0849,21.1027,21.1199,21.137,21.153,21.169,21.1844,21.1996,21.2138,21.228,21.2411,21.2543,21.2667,21.2785,21.29,21.3011,21.3116,21.3216,21.3312,21.3405,21.3492,21.3572,21.3652,21.3724,21.3792,21.3854,21.391,21.3965,21.4015,21.4058,21.4095,21.4132,21.4161,21.4185,21.4204,21.4217,21.4229,21.4235,21.4235,21.4229,21.4217,21.4204,21.4185,21.4161,21.4132,21.4095,21.4058,21.4015,21.3965,21.391,21.3854,21.3792,21.3724,21.3652,21.3572,21.3492,21.3405,21.3312,21.3216,21.3116,21.3011,21.29,21.2785,21.2667,21.2543,21.2411,21.228,21.2138,21.1996,21.1844,21.169,21.153,21.137,21.1199,21.1027,21.0849,21.0664,21.0474,21.0278,21.0076,20.9872,20.9658,20.9442,20.9222,20.8995,20.8762,20.8523,20.8277,20.8027,20.7775,20.7511,20.7242,20.6972,20.6692,20.6409,20.6121,20.5821,20.5521,20.5216,20.4903,20.4586,20.4261,20.3931,20.3596,20.3253,20.2911,20.2556,20.2202,20.1837,20.1469,20.1098,20.072,20.0336,19.9945,19.9554,19.9153,19.875,19.8342,19.7929,19.7514,19.7089,19.6663,19.6229,19.5792,19.5353,19.4911,19.4461,19.4005,19.3549,19.3088,19.2621,19.2148,19.1675,19.1195,19.0717,19.0231,18.974,18.9249,18.8747,18.825,18.7743,18.7235,18.672,18.6201,18.5681,18.5155,18.4623,18.4091,18.3553,18.3011,18.246,18.1907,18.1346,18.0785,18.0212,17.964,17.9056,0,0,0,0,0,0,0,0,0,0,0,0,0,0,0,0,0,0,0,
0,0,0,0,0,0,0,0,0,0,0,0,0,0,0,0,0,0,0,18.3313,18.391,18.4502,18.5082,18.5663,18.6236,18.6805,18.7367,18.793,18.8482,18.9031,18.957,19.0117,19.065,19.1178,19.1705,19.2227,19.2749,19.3265,19.3774,19.4279,19.4783,19.5283,19.5774,19.6266,19.6753,19.7234,19.771,19.8184,19.8653,19.9123,19.9579,20.0037,20.0488,20.0938,20.1378,20.1818,20.2251,20.2685,20.3107,20.3529,20.3943,20.4353,20.4757,20.5154,20.5547,20.5938,20.6318,20.6698,20.707,20.7437,20.7799,20.8156,20.8505,20.8848,20.919,20.9522,20.9848,21.0172,21.0486,21.0798,21.1099,21.1401,21.169,21.1979,21.2261,21.2531,21.2803,21.3065,21.3325,21.3578,21.3823,21.4063,21.4297,21.4525,21.4746,21.4963,21.5177,21.5382,21.5585,21.5782,21.5973,21.6157,21.6336,21.6509,21.6677,21.6841,21.7001,21.7151,21.7299,21.7445,21.7582,21.7718,21.784,21.7964,21.8082,21.8199,21.8303,21.8409,21.8508,21.8601,21.8691,21.8773,21.8853,21.8928,21.8996,21.9064,21.9118,21.9174,21.9224,21.9267,21.931,21.9347,21.9373,21.9397,21.9422,21.9434,21.9446,21.9452,21.9452,21.9446,21.9434,21.9422,21.9397,21.9373,21.9347,21.931,21.9267,21.9224,21.9174,21.9118,21.9064,21.8996,21.8928,21.8853,21.8773,21.8691,21.8601,21.8508,21.8409,21.8303,21.8199,21.8082,21.7964,21.784,21.7718,21.7582,21.7445,21.7299,21.7151,21.7001,21.6841,21.6677,21.6509,21.6336,21.6157,21.5973,21.5782,21.5585,21.5382,21.5177,21.4963,21.4746,21.4525,21.4297,21.4063,21.3823,21.3578,21.3325,21.3065,21.2803,21.2531,21.2261,21.1979,21.169,21.1401,21.1099,21.0798,21.0486,21.0172,20.9848,20.9522,20.919,20.8848,20.8505,20.8156,20.7799,20.7437,20.707,20.6698,20.6318,20.5938,20.5547,20.5154,20.4757,20.4353,20.3943,20.3529,20.3107,20.2685,20.2251,20.1818,20.1378,20.0938,20.0488,20.0037,19.9579,19.9123,19.8653,19.8184,19.771,19.7234,19.6753,19.6266,19.5774,19.5283,19.4783,19.4279,19.3774,19.3265,19.2749,19.2227,19.1705,19.1178,19.065,19.0117,18.957,18.9031,18.8482,18.793,18.7367,18.6805,18.6236,18.5663,18.5082,18.4502,18.391,18.3313,0,0,0,0,0,0,0,0,0,0,0,0,0,0,0,0,0,0,0,
0,0,0,0,0,0,0,0,0,0,0,0,0,0,0,0,0,0,0,18.756,18.8171,18.8777,18.9382,18.9977,19.0565,19.1146,19.1729,19.2299,19.287,19.3429,19.3988,19.454,19.5093,19.5634,19.6176,19.6712,19.7247,19.777,19.8293,19.8817,19.9329,19.9842,20.0347,20.0854,20.1348,20.1841,20.2337,20.282,20.3303,20.3779,20.4256,20.472,20.5184,20.5643,20.6102,20.655,20.6997,20.7437,20.7874,20.8302,20.8726,20.9148,20.9559,20.997,21.0377,21.0775,21.1168,21.1555,21.1942,21.2316,21.2685,21.3055,21.3411,21.3768,21.4119,21.4457,21.4796,21.5128,21.5449,21.5769,21.6083,21.6391,21.6693,21.6984,21.7274,21.7556,21.7835,21.8106,21.8372,21.863,21.8884,21.913,21.9371,21.9606,21.9836,22.0063,22.0281,22.049,22.0701,22.0899,22.1096,22.1288,22.1474,22.1653,22.1827,22.1994,22.2154,22.2314,22.2464,22.2613,22.2754,22.289,22.3022,22.3152,22.3268,22.3386,22.3498,22.3605,22.3707,22.3801,22.3895,22.3982,22.4063,22.4135,22.421,22.4273,22.4335,22.4391,22.4441,22.449,22.4526,22.4563,22.4594,22.4619,22.4638,22.4656,22.4668,22.4669,22.4669,22.4668,22.4656,22.4638,22.4619,22.4594,22.4563,22.4526,22.449,22.4441,22.4391,22.4335,22.4273,22.421,22.4135,22.4063,22.3982,22.3895,22.3801,22.3707,22.3605,22.3498,22.3386,22.3268,22.3152,22.3022,22.289,22.2754,22.2613,22.2464,22.2314,22.2154,22.1994,22.1827,22.1653,22.1474,22.1288,22.1096,22.0899,22.0701,22.049,22.0281,22.0063,21.9836,21.9606,21.9371,21.913,21.8884,21.863,21.8372,21.8106,21.7835,21.7556,21.7274,21.6984,21.6693,21.6391,21.6083,21.5769,21.5449,21.5128,21.4796,21.4457,21.4119,21.3768,21.3411,21.3055,21.2685,21.2316,21.1942,21.1555,21.1168,21.0775,21.0377,20.997,20.9559,20.9148,20.8726,20.8302,20.7874,20.7437,20.6997,20.655,20.6102,20.5643,20.5184,20.472,20.4256,20.3779,20.3303,20.282,20.2337,20.1841,20.1348,20.0854,20.0347,19.9842,19.9329,19.8817,19.8293,19.777,19.7247,19.6712,19.6176,19.5634,19.5093,19.454,19.3988,19.3429,19.287,19.2299,19.1729,19.1146,19.0565,18.9977,18.9382,18.8777,18.8171,18.756,0,0,0,0,0,0,0,0,0,0,0,0,0,0,0,0,0,0,0,
0,0,0,0,0,0,0,0,0,0,0,0,0,0,0,0,0,0,0,0,19.2434,19.3057,19.3671,19.4285,19.4887,19.5487,19.6079,19.6668,19.7252,19.7825,19.8397,19.8969,19.953,20.009,20.0646,20.1196,20.1739,20.2283,20.2814,20.335,20.3877,20.4403,20.4922,20.5437,20.595,20.6453,20.6961,20.7456,20.7947,20.8437,20.8922,20.9407,20.9879,21.0351,21.0818,21.1279,21.1734,21.2189,21.2635,21.3073,21.3509,21.3941,21.4371,21.4789,21.5204,21.5616,21.6015,21.6417,21.6811,21.7199,21.7576,21.7953,21.8322,21.8686,21.9045,21.9397,21.9743,22.0082,22.0416,22.0744,22.1065,22.138,22.169,22.1992,22.229,22.2581,22.2867,22.3145,22.3418,22.3684,22.3945,22.4198,22.4451,22.4693,22.4929,22.5159,22.5382,22.5605,22.5816,22.6023,22.6226,22.6419,22.6611,22.6797,22.6972,22.7146,22.7314,22.7474,22.7635,22.7785,22.7934,22.8072,22.8207,22.8338,22.8463,22.8582,22.8698,22.8804,22.8911,22.901,22.9102,22.919,22.9271,22.9352,22.9427,22.949,22.9551,22.9612,22.9663,22.9712,22.9751,22.9788,22.9819,22.9845,22.9869,22.9882,22.9894,22.99,22.99,22.9894,22.9882,22.9869,22.9845,22.9819,22.9788,22.9751,22.9712,22.9663,22.9612,22.9551,22.949,22.9427,22.9352,22.9271,22.919,22.9102,22.901,22.8911,22.8804,22.8698,22.8582,22.8463,22.8338,22.8207,22.8072,22.7934,22.7785,22.7635,22.7474,22.7314,22.7146,22.6972,22.6797,22.6611,22.6419,22.6226,22.6023,22.5816,22.5605,22.5382,22.5159,22.4929,22.4693,22.4451,22.4198,22.3945,22.3684,22.3418,22.3145,22.2867,22.2581,22.229,22.1992,22.169,22.138,22.1065,22.0744,22.0416,22.0082,21.9743,21.9397,21.9045,21.8686,21.8322,21.7953,21.7576,21.7199,21.6811,21.6417,21.6015,21.5616,21.5204,21.4789,21.4371,21.3941,21.3509,21.3073,21.2635,21.2189,21.1734,21.1279,21.0818,21.0351,20.9879,20.9407,20.8922,20.8437,20.7947,20.7456,20.6961,20.6453,20.595,20.5437,20.4922,20.4403,20.3877,20.335,20.2814,20.2283,20.1739,20.1196,20.0646,20.009,19.953,19.8969,19.8397,19.7825,19.7252,19.6668,19.6079,19.5487,19.4887,19.4285,19.3671,19.3057,19.2434,0,0,0,0,0,0,0,0,0,0,0,0,0,0,0,0,0,0,0,0,
0,0,0,0,0,0,0,0,0,0,0,0,0,0,0,0,0,0,0,0,19.6686,19.7326,19.7959,19.8586,19.9208,19.9822,20.0427,20.103,20.1628,20.222,20.2807,20.3388,20.3968,20.4538,20.5106,20.5668,20.6233,20.6783,20.7333,20.788,20.8419,20.8959,20.9491,21.0018,21.0542,21.1063,21.1579,21.2088,21.2593,21.3098,21.359,21.4082,21.4574,21.5055,21.5535,21.6002,21.6472,21.6934,21.7397,21.7847,21.8298,21.8735,21.9174,21.9607,22.0031,22.0453,22.0867,22.1276,22.1678,22.2075,22.247,22.2854,22.3231,22.3604,22.3975,22.4335,22.4689,22.504,22.5383,22.5717,22.6052,22.6375,22.6691,22.7003,22.7308,22.7611,22.7903,22.8189,22.8469,22.8742,22.901,22.9273,22.9527,22.978,23.0023,23.026,23.0491,23.0714,23.0934,23.1145,23.1357,23.1557,23.175,23.1943,23.2124,23.2304,23.2479,23.2648,23.2805,23.2959,23.3109,23.3258,23.3397,23.3528,23.3657,23.3782,23.3896,23.4009,23.4113,23.4219,23.4314,23.4407,23.449,23.4569,23.4644,23.4713,23.4776,23.4838,23.4889,23.4939,23.4981,23.5018,23.505,23.5075,23.51,23.5113,23.5125,23.5131,23.5131,23.5125,23.5113,23.51,23.5075,23.505,23.5018,23.4981,23.4939,23.4889,23.4838,23.4776,23.4713,23.4644,23.4569,23.449,23.4407,23.4314,23.4219,23.4113,23.4009,23.3896,23.3782,23.3657,23.3528,23.3397,23.3258,23.3109,23.2959,23.2805,23.2648,23.2479,23.2304,23.2124,23.1943,23.175,23.1557,23.1357,23.1145,23.0934,23.0714,23.0491,23.026,23.0023,22.978,22.9527,22.9273,22.901,22.8742,22.8469,22.8189,22.7903,22.7611,22.7308,22.7003,22.6691,22.6375,22.6052,22.5717,22.5383,22.504,22.4689,22.4335,22.3975,22.3604,22.3231,22.2854,22.247,22.2075,22.1678,22.1276,22.0867,22.0453,22.0031,21.9607,21.9174,21.8735,21.8298,21.7847,21.7397,21.6934,21.6472,21.6002,21.5535,21.5055,21.4574,21.4082,21.359,21.3098,21.2593,21.2088,21.1579,21.1063,21.0542,21.0018,20.9491,20.8959,20.8419,20.788,20.7333,20.6783,20.6233,20.5668,20.5106,20.4538,20.3968,20.3388,20.2807,20.222,20.1628,20.103,20.0427,19.9822,19.9208,19.8586,19.7959,19.7326,19.6686,0,0,0,0,0,0,0,0,0,0,0,0,0,0,0,0,0,0,0,0,
0,0,0,0,0,0,0,0,0,0,0,0,0,0,0,0,0,0,0,0,0,20.1591,20.2239,20.2887,20.3521,20.4152,20.4774,20.5393,20.6005,20.6611,20.7212,20.7807,20.84,20.8989,20.9566,21.0143,21.072,21.1285,21.1849,21.2408,21.2961,21.351,21.4057,21.4599,21.5135,21.5663,21.6196,21.6719,21.7236,21.7749,21.8261,21.8761,21.926,21.9756,22.0248,22.0732,22.1214,22.1684,22.2155,22.2619,22.3076,22.3528,22.398,22.4421,22.4856,22.5289,22.5711,22.6133,22.6549,22.6953,22.7356,22.7753,22.814,22.8524,22.8903,22.9271,22.9638,22.9994,23.0349,23.0697,23.1032,23.1369,23.1694,23.2013,23.2329,23.2635,23.2934,23.3234,23.352,23.3801,23.4075,23.4345,23.4609,23.487,23.5119,23.5362,23.56,23.5832,23.6056,23.6276,23.6488,23.6694,23.6896,23.7095,23.7283,23.7465,23.7646,23.7815,23.7979,23.8142,23.8298,23.8441,23.8586,23.8724,23.8856,23.8982,23.9104,23.9218,23.9331,23.9432,23.9531,23.9625,23.9713,23.9795,23.9871,23.9941,24.0007,24.0064,24.0121,24.0171,24.0215,24.0253,24.0285,24.0316,24.0335,24.0354,24.0366,24.0367,24.0367,24.0366,24.0354,24.0335,24.0316,24.0285,24.0253,24.0215,24.0171,24.0121,24.0064,24.0007,23.9941,23.9871,23.9795,23.9713,23.9625,23.9531,23.9432,23.9331,23.9218,23.9104,23.8982,23.8856,23.8724,23.8586,23.8441,23.8298,23.8142,23.7979,23.7815,23.7646,23.7465,23.7283,23.7095,23.6896,23.6694,23.6488,23.6276,23.6056,23.5832,23.56,23.5362,23.5119,23.487,23.4609,23.4345,23.4075,23.3801,23.352,23.3234,23.2934,23.2635,23.2329,23.2013,23.1694,23.1369,23.1032,23.0697,23.0349,22.9994,22.9638,22.9271,22.8903,22.8524,22.814,22.7753,22.7356,22.6953,22.6549,22.6133,22.5711,22.5289,22.4856,22.4421,22.398,22.3528,22.3076,22.2619,22.2155,22.1684,22.1214,22.0732,22.0248,21.9756,21.926,21.8761,21.8261,21.7749,21.7236,21.6719,21.6196,21.5663,21.5135,21.4599,21.4057,21.351,21.2961,21.2408,21.1849,21.1285,21.072,21.0143,20.9566,20.8989,20.84,20.7807,20.7212,20.6611,20.6005,20.5393,20.4774,20.4152,20.3521,20.2887,20.2239,20.1591,0,0,0,0,0,0,0,0,0,0,0,0,0,0,0,0,0,0,0,0,0,
0,0,0,0,0,0,0,0,0,0,0,0,0,0,0,0,0,0,0,0,0,20.5851,20.6519,20.7175,20.783,20.8473,20.9111,20.9743,21.0374,21.0996,21.1611,21.2225,21.2828,21.3429,21.4026,21.4617,21.5202,21.5782,21.6361,21.6935,21.7502,21.8063,21.8624,21.9174,21.9724,22.0267,22.0812,22.1344,22.1876,22.2401,22.2922,22.3441,22.3951,22.4457,22.4961,22.5456,22.5948,22.6431,22.6915,22.7389,22.7859,22.8326,22.8782,22.9235,22.9681,23.0125,23.056,23.0989,23.1414,23.1831,23.2241,23.2648,23.3052,23.3445,23.3832,23.4213,23.4588,23.4951,23.5312,23.567,23.602,23.6363,23.6696,23.7025,23.7345,23.7666,23.7973,23.8277,23.8573,23.886,23.9143,23.9424,23.9695,23.9959,24.0215,24.0466,24.0711,24.0949,24.1182,24.1407,24.1628,24.184,24.2047,24.225,24.2444,24.2632,24.2815,24.2991,24.3161,24.3324,24.3482,24.3639,24.3782,24.3922,24.406,24.4192,24.4313,24.4433,24.4544,24.4651,24.4752,24.4847,24.4936,24.5022,24.5098,24.5174,24.5243,24.5301,24.5358,24.5408,24.5458,24.5496,24.5526,24.5557,24.5577,24.5595,24.5608,24.5609,24.5609,24.5608,24.5595,24.5577,24.5557,24.5526,24.5496,24.5458,24.5408,24.5358,24.5301,24.5243,24.5174,24.5098,24.5022,24.4936,24.4847,24.4752,24.4651,24.4544,24.4433,24.4313,24.4192,24.406,24.3922,24.3782,24.3639,24.3482,24.3324,24.3161,24.2991,24.2815,24.2632,24.2444,24.225,24.2047,24.184,24.1628,24.1407,24.1182,24.0949,24.0711,24.0466,24.0215,23.9959,23.9695,23.9424,23.9143,23.886,23.8573,23.8277,23.7973,23.7666,23.7345,23.7025,23.6696,23.6363,23.602,23.567,23.5312,23.4951,23.4588,23.4213,23.3832,23.3445,23.3052,23.2648,23.2241,23.1831,23.1414,23.0989,23.056,23.0125,22.9681,22.9235,22.8782,22.8326,22.7859,22.7389,22.6915,22.6431,22.5948,22.5456,22.4961,22.4457,22.3951,22.3441,22.2922,22.2401,22.1876,22.1344,22.0812,22.0267,21.9724,21.9174,21.8624,21.8063,21.7502,21.6935,21.6361,21.5782,21.5202,21.4617,21.4026,21.3429,21.2828,21.2225,21.1611,21.0996,21.0374,20.9743,20.9111,20.8473,20.783,20.7175,20.6519,20.5851,0,0,0,0,0,0,0,0,0,0,0,0,0,0,0,0,0,0,0,0,0,
0,0,0,0,0,0,0,0,0,0,0,0,0,0,0,0,0,0,0,0,0,21.0106,21.0789,21.1464,21.2133,21.2795,21.3449,21.41,21.4741,21.5375,21.601,21.6633,21.7254,21.787,21.8478,21.9082,21.9681,22.0281,22.0867,22.1454,22.2037,22.2612,22.3182,22.3752,22.431,22.4868,22.5419,22.5971,22.6512,22.7052,22.7587,22.8116,22.8637,22.9153,22.9669,23.0179,23.0678,23.1178,23.1669,23.2155,23.2641,23.3114,23.3585,23.4052,23.4507,23.4958,23.5406,23.5846,23.6282,23.6708,23.7132,23.7546,23.796,23.8361,23.876,23.9149,23.9533,23.9909,24.0284,24.0648,24.1005,24.1357,24.1697,24.2036,24.2369,24.2694,24.301,24.3324,24.3627,24.3922,24.4217,24.45,24.4777,24.5049,24.5312,24.5572,24.5823,24.6069,24.6309,24.654,24.6763,24.6984,24.7197,24.7404,24.7603,24.7797,24.7986,24.8169,24.834,24.851,24.8674,24.8833,24.8984,24.913,24.9267,24.94,24.9527,24.9647,24.9767,24.9875,24.9975,25.0076,25.0171,25.0254,25.0337,25.0413,25.0482,25.0544,25.0601,25.0652,25.0697,25.0741,25.0773,25.0804,25.0824,25.0843,25.0855,25.0861,25.0861,25.0855,25.0843,25.0824,25.0804,25.0773,25.0741,25.0697,25.0652,25.0601,25.0544,25.0482,25.0413,25.0337,25.0254,25.0171,25.0076,24.9975,24.9875,24.9767,24.9647,24.9527,24.94,24.9267,24.913,24.8984,24.8833,24.8674,24.851,24.834,24.8169,24.7986,24.7797,24.7603,24.7404,24.7197,24.6984,24.6763,24.654,24.6309,24.6069,24.5823,24.5572,24.5312,24.5049,24.4777,24.45,24.4217,24.3922,24.3627,24.3324,24.301,24.2694,24.2369,24.2036,24.1697,24.1357,24.1005,24.0648,24.0284,23.9909,23.9533,23.9149,23.876,23.8361,23.796,23.7546,23.7132,23.6708,23.6282,23.5846,23.5406,23.4958,23.4507,23.4052,23.3585,23.3114,23.2641,23.2155,23.1669,23.1178,23.0678,23.0179,22.9669,22.9153,22.8637,22.8116,22.7587,22.7052,22.6512,22.5971,22.5419,22.4868,22.431,22.3752,22.3182,22.2612,22.2037,22.1454,22.0867,22.0281,21.9681,21.9082,21.8478,21.787,21.7254,21.6633,21.601,21.5375,21.4741,21.41,21.3449,21.2795,21.2133,21.1464,21.0789,21.0106,0,0,0,0,0,0,0,0,0,0,0,0,0,0,0,0,0,0,0,0,0,
0,0,0,0,0,0,0,0,0,0,0,0,0,0,0,0,0,0,0,0,0,0,21.5054,21.5745,21.6429,21.7108,21.778,21.8445,21.91,21.9755,22.0398,22.1041,22.1677,22.2303,22.2928,22.3548,22.4161,22.4769,22.5376,22.5972,22.6568,22.7158,22.7742,22.8321,22.8898,22.9469,23.0031,23.0596,23.1151,23.17,23.2247,23.2785,23.3321,23.3852,23.4377,23.4901,23.5412,23.5926,23.6426,23.6926,23.7415,23.7902,23.8384,23.8861,23.933,23.9796,24.0252,24.0704,24.1151,24.1589,24.2017,24.2445,24.2865,24.328,24.3688,24.4087,24.4481,24.4867,24.525,24.5622,24.5987,24.6352,24.6705,24.7052,24.7392,24.7721,24.805,24.8371,24.8681,24.8991,24.9287,24.9577,24.9862,25.0141,25.0413,25.0677,25.0936,25.1191,25.1438,25.1671,25.1905,25.2133,25.2348,25.2565,25.2767,25.2969,25.316,25.335,25.3528,25.3699,25.387,25.4029,25.4187,25.4334,25.448,25.4614,25.4744,25.4871,25.4987,25.5101,25.5209,25.5311,25.5406,25.5493,25.5576,25.5653,25.5723,25.5787,25.585,25.5902,25.5947,25.5991,25.6029,25.6055,25.6078,25.6097,25.6109,25.6115,25.6115,25.6109,25.6097,25.6078,25.6055,25.6029,25.5991,25.5947,25.5902,25.585,25.5787,25.5723,25.5653,25.5576,25.5493,25.5406,25.5311,25.5209,25.5101,25.4987,25.4871,25.4744,25.4614,25.448,25.4334,25.4187,25.4029,25.387,25.3699,25.3528,25.335,25.316,25.2969,25.2767,25.2565,25.2348,25.2133,25.1905,25.1671,25.1438,25.1191,25.0936,25.0677,25.0413,25.0141,24.9862,24.9577,24.9287,24.8991,24.8681,24.8371,24.805,24.7721,24.7392,24.7052,24.6705,24.6352,24.5987,24.5622,24.525,24.4867,24.4481,24.4087,24.3688,24.328,24.2865,24.2445,24.2017,24.1589,24.1151,24.0704,24.0252,23.9796,23.933,23.8861,23.8384,23.7902,23.7415,23.6926,23.6426,23.5926,23.5412,23.4901,23.4377,23.3852,23.3321,23.2785,23.2247,23.17,23.1151,23.0596,23.0031,22.9469,22.8898,22.8321,22.7742,22.7158,22.6568,22.5972,22.5376,22.4769,22.4161,22.3548,22.2928,22.2303,22.1677,22.1041,22.0398,21.9755,21.91,21.8445,21.778,21.7108,21.6429,21.5745,21.5054,0,0,0,0,0,0,0,0,0,0,0,0,0,0,0,0,0,0,0,0,0,0,
0,0,0,0,0,0,0,0,0,0,0,0,0,0,0,0,0,0,0,0,0,0,21.9317,22.0021,22.0726,22.1418,22.2104,22.2784,22.346,22.4125,22.4787,22.5444,22.6089,22.6736,22.7376,22.8009,22.8636,22.9258,22.9875,23.0491,23.1094,23.17,23.2297,23.289,23.3477,23.4065,23.4644,23.5213,23.5782,23.6345,23.6907,23.7457,23.8002,23.8548,23.9087,23.962,24.0145,24.0667,24.1182,24.169,24.2193,24.2696,24.3185,24.3671,24.4154,24.4628,24.5098,24.5558,24.6013,24.6465,24.6906,24.7342,24.7772,24.82,24.8619,24.9028,24.9432,24.9825,25.0216,25.0601,25.0974,25.1348,25.171,25.2064,25.2413,25.2755,25.309,25.3419,25.3737,25.4054,25.4357,25.4657,25.4954,25.524,25.552,25.5791,25.6054,25.6314,25.6567,25.6809,25.7051,25.728,25.7504,25.7725,25.7937,25.814,25.8337,25.8529,25.8719,25.8897,25.9069,25.9234,25.9394,25.9547,25.9694,25.9834,25.9968,26.0096,26.0218,26.0336,26.0445,26.0547,26.0643,26.0739,26.0822,26.0899,26.0976,26.1038,26.1101,26.1153,26.1204,26.1243,26.1281,26.1313,26.1338,26.1352,26.1365,26.1371,26.1371,26.1365,26.1352,26.1338,26.1313,26.1281,26.1243,26.1204,26.1153,26.1101,26.1038,26.0976,26.0899,26.0822,26.0739,26.0643,26.0547,26.0445,26.0336,26.0218,26.0096,25.9968,25.9834,25.9694,25.9547,25.9394,25.9234,25.9069,25.8897,25.8719,25.8529,25.8337,25.814,25.7937,25.7725,25.7504,25.728,25.7051,25.6809,25.6567,25.6314,25.6054,25.5791,25.552,25.524,25.4954,25.4657,25.4357,25.4054,25.3737,25.3419,25.309,25.2755,25.2413,25.2064,25.171,25.1348,25.0974,25.0601,25.0216,24.9825,24.9432,24.9028,24.8619,24.82,24.7772,24.7342,24.6906,24.6465,24.6013,24.5558,24.5098,24.4628,24.4154,24.3671,24.3185,24.2696,24.2193,24.169,24.1182,24.0667,24.0145,23.962,23.9087,23.8548,23.8002,23.7457,23.6907,23.6345,23.5782,23.5213,23.4644,23.4065,23.3477,23.289,23.2297,23.17,23.1094,23.0491,22.9875,22.9258,22.8636,22.8009,22.7376,22.6736,22.6089,22.5444,22.4787,22.4125,22.346,22.2784,22.2104,22.1418,22.0726,22.0021,21.9317,0,0,0,0,0,0,0,0,0,0,0,0,0,0,0,0,0,0,0,0,0,0,
0,0,0,0,0,0,0,0,0,0,0,0,0,0,0,0,0,0,0,0,0,0,0,22.4291,22.5011,22.5724,22.6426,22.7121,22.7812,22.8494,22.9172,22.9843,23.0505,23.1163,23.1819,23.2467,23.3109,23.3745,23.4376,23.5,23.5625,23.6239,23.6852,23.7458,23.806,23.8654,23.9249,23.9833,24.0417,24.0993,24.156,24.2125,24.2688,24.3243,24.3791,24.4337,24.4873,24.5407,24.5936,24.6453,24.697,24.748,24.7987,24.8485,24.8976,24.9457,24.9939,25.0413,25.088,25.1341,25.1793,25.2243,25.2684,25.3115,25.354,25.3965,25.4378,25.4783,25.5185,25.5577,25.5965,25.6339,25.6713,25.7077,25.7435,25.7789,25.8133,25.8464,25.8796,25.912,25.9433,25.9744,26.0044,26.0338,26.0624,26.0905,26.1172,26.1442,26.1702,26.1951,26.2194,26.2437,26.2667,26.2889,26.3108,26.3318,26.3524,26.3715,26.3907,26.4094,26.4272,26.4439,26.4604,26.4764,26.4912,26.5059,26.5194,26.5328,26.545,26.5572,26.5682,26.5791,26.589,26.5981,26.607,26.6153,26.6225,26.6295,26.6359,26.6412,26.6463,26.6508,26.6546,26.6578,26.6598,26.6615,26.6628,26.6634,26.6634,26.6628,26.6615,26.6598,26.6578,26.6546,26.6508,26.6463,26.6412,26.6359,26.6295,26.6225,26.6153,26.607,26.5981,26.589,26.5791,26.5682,26.5572,26.545,26.5328,26.5194,26.5059,26.4912,26.4764,26.4604,26.4439,26.4272,26.4094,26.3907,26.3715,26.3524,26.3318,26.3108,26.2889,26.2667,26.2437,26.2194,26.1951,26.1702,26.1442,26.1172,26.0905,26.0624,26.0338,26.0044,25.9744,25.9433,25.912,25.8796,25.8464,25.8133,25.7789,25.7435,25.7077,25.6713,25.6339,25.5965,25.5577,25.5185,25.4783,25.4378,25.3965,25.354,25.3115,25.2684,25.2243,25.1793,25.1341,25.088,25.0413,24.9939,24.9457,24.8976,24.8485,24.7987,24.748,24.697,24.6453,24.5936,24.5407,24.4873,24.4337,24.3791,24.3243,24.2688,24.2125,24.156,24.0993,24.0417,23.9833,23.9249,23.8654,23.806,23.7458,23.6852,23.6239,23.5625,23.5,23.4376,23.3745,23.3109,23.2467,23.1819,23.1163,23.0505,22.9843,22.9172,22.8494,22.7812,22.7121,22.6426,22.5724,22.5011,22.4291,0,0,0,0,0,0,0,0,0,0,0,0,0,0,0,0,0,0,0,0,0,0,0,
0,0,0,0,0,0,0,0,0,0,0,0,0,0,0,0,0,0,0,0,0,0,0,22.8557,22.9295,23.0019,23.0741,23.145,23.216,23.2858,23.3551,23.4232,23.4913,23.5589,23.6257,23.6919,23.7576,23.8229,23.8874,23.9512,24.0146,24.078,24.1402,24.2022,24.2639,24.3248,24.3851,24.4449,24.5043,24.5632,24.6214,24.6792,24.7367,24.7935,24.8496,24.9053,24.9602,25.0146,25.0683,25.122,25.1748,25.2267,25.2785,25.3292,25.3794,25.4295,25.4783,25.5266,25.5742,25.6219,25.6681,25.714,25.759,25.8032,25.847,25.8903,25.9324,25.9744,26.0152,26.0553,26.0949,26.1338,26.172,26.2091,26.2462,26.2821,26.3172,26.3518,26.3856,26.4186,26.451,26.4822,26.5135,26.5436,26.573,26.6019,26.6295,26.6571,26.6833,26.709,26.7347,26.7592,26.7829,26.8058,26.8278,26.8497,26.8707,26.8908,26.9106,26.9292,26.9472,26.9653,26.982,26.9981,27.0135,27.0283,27.0425,27.056,27.0689,27.0811,27.0927,27.1036,27.1139,27.1236,27.1326,27.1407,27.1485,27.1556,27.162,27.1678,27.1725,27.177,27.1808,27.1841,27.1866,27.1886,27.1899,27.1905,27.1905,27.1899,27.1886,27.1866,27.1841,27.1808,27.177,27.1725,27.1678,27.162,27.1556,27.1485,27.1407,27.1326,27.1236,27.1139,27.1036,27.0927,27.0811,27.0689,27.056,27.0425,27.0283,27.0135,26.9981,26.982,26.9653,26.9472,26.9292,26.9106,26.8908,26.8707,26.8497,26.8278,26.8058,26.7829,26.7592,26.7347,26.709,26.6833,26.6571,26.6295,26.6019,26.573,26.5436,26.5135,26.4822,26.451,26.4186,26.3856,26.3518,26.3172,26.2821,26.2462,26.2091,26.172,26.1338,26.0949,26.0553,26.0152,25.9744,25.9324,25.8903,25.847,25.8032,25.759,25.714,25.6681,25.6219,25.5742,25.5266,25.4783,25.4295,25.3794,25.3292,25.2785,25.2267,25.1748,25.122,25.0683,25.0146,24.9602,24.9053,24.8496,24.7935,24.7367,24.6792,24.6214,24.5632,24.5043,24.4449,24.3851,24.3248,24.2639,24.2022,24.1402,24.078,24.0146,23.9512,23.8874,23.8229,23.7576,23.6919,23.6257,23.5589,23.4913,23.4232,23.3551,23.2858,23.216,23.145,23.0741,23.0019,22.9295,22.8557,0,0,0,0,0,0,0,0,0,0,0,0,0,0,0,0,0,0,0,0,0,0,0,
0,0,0,0,0,0,0,0,0,0,0,0,0,0,0,0,0,0,0,0,0,0,0,0,23.3571,23.4313,23.5051,23.5776,23.6502,23.7215,23.7922,23.8624,23.9318,24.0009,24.0693,24.1369,24.2036,24.2702,24.3362,24.4017,24.4669,24.5313,24.5949,24.6586,24.7209,24.7834,24.8453,24.9065,24.9672,25.0272,25.0867,25.1455,25.2045,25.2621,25.3199,25.3763,25.4327,25.4886,25.5438,25.5984,25.6519,25.7052,25.758,25.8101,25.8617,25.9126,25.9624,26.012,26.0612,26.1091,26.1568,26.2033,26.2494,26.2949,26.3401,26.3842,26.4273,26.47,26.5122,26.5533,26.5937,26.6335,26.6725,26.7111,26.7488,26.7853,26.8215,26.8568,26.8912,26.9254,26.9588,26.9909,27.0226,27.0533,27.0837,27.1132,27.1422,27.1699,27.1975,27.224,27.2497,27.2748,27.2993,27.3226,27.3458,27.3679,27.3896,27.4103,27.4303,27.4498,27.4684,27.4865,27.5038,27.5202,27.5363,27.5512,27.566,27.5801,27.5931,27.6055,27.6177,27.6287,27.6391,27.6494,27.6585,27.6669,27.6747,27.6819,27.6884,27.6948,27.7,27.7042,27.7081,27.7114,27.714,27.716,27.7173,27.7179,27.7179,27.7173,27.716,27.714,27.7114,27.7081,27.7042,27.7,27.6948,27.6884,27.6819,27.6747,27.6669,27.6585,27.6494,27.6391,27.6287,27.6177,27.6055,27.5931,27.5801,27.566,27.5512,27.5363,27.5202,27.5038,27.4865,27.4684,27.4498,27.4303,27.4103,27.3896,27.3679,27.3458,27.3226,27.2993,27.2748,27.2497,27.224,27.1975,27.1699,27.1422,27.1132,27.0837,27.0533,27.0226,26.9909,26.9588,26.9254,26.8912,26.8568,26.8215,26.7853,26.7488,26.7111,26.6725,26.6335,26.5937,26.5533,26.5122,26.47,26.4273,26.3842,26.3401,26.2949,26.2494,26.2033,26.1568,26.1091,26.0612,26.012,25.9624,25.9126,25.8617,25.8101,25.758,25.7052,25.6519,25.5984,25.5438,25.4886,25.4327,25.3763,25.3199,25.2621,25.2045,25.1455,25.0867,25.0272,24.9672,24.9065,24.8453,24.7834,24.7209,24.6586,24.5949,24.5313,24.4669,24.4017,24.3362,24.2702,24.2036,24.1369,24.0693,24.0009,23.9318,23.8624,23.7922,23.7215,23.6502,23.5776,23.5051,23.4313,23.3571,0,0,0,0,0,0,0,0,0,0,0,0,0,0,0,0,0,0,0,0,0,0,0,0,
0,0,0,0,0,0,0,0,0,0,0,0,0,0,0,0,0,0,0,0,0,0,0,0,23.784,23.8598,23.935,24.0096,24.0837,24.1565,24.2292,24.3009,24.3721,24.4424,24.5118,24.5812,24.6497,24.7179,24.7854,24.8524,24.9186,24.9843,25.0495,25.1139,25.1783,25.242,25.3051,25.3673,25.4295,25.491,25.5519,25.6122,25.672,25.7311,25.7897,25.8477,25.905,25.9624,26.0183,26.0739,26.1294,26.1836,26.2374,26.2909,26.3434,26.3953,26.4463,26.4975,26.5474,26.5968,26.645,26.693,26.7405,26.7867,26.8328,26.8778,26.9221,26.966,27.009,27.051,27.0926,27.1331,27.1732,27.2124,27.2511,27.2889,27.3259,27.3619,27.3974,27.4323,27.4664,27.4996,27.5324,27.5639,27.5951,27.6248,27.6545,27.683,27.7115,27.7387,27.7651,27.7904,27.8159,27.8399,27.8638,27.8863,27.9084,27.9299,27.9505,27.9702,27.9895,28.0083,28.0259,28.0428,28.0589,28.0752,28.0902,28.1044,28.1175,28.1305,28.1428,28.1544,28.1649,28.1753,28.1849,28.1935,28.2013,28.2091,28.2156,28.222,28.2273,28.2319,28.2358,28.2391,28.2422,28.2442,28.2455,28.2462,28.2462,28.2455,28.2442,28.2422,28.2391,28.2358,28.2319,28.2273,28.222,28.2156,28.2091,28.2013,28.1935,28.1849,28.1753,28.1649,28.1544,28.1428,28.1305,28.1175,28.1044,28.0902,28.0752,28.0589,28.0428,28.0259,28.0083,27.9895,27.9702,27.9505,27.9299,27.9084,27.8863,27.8638,27.8399,27.8159,27.7904,27.7651,27.7387,27.7115,27.683,27.6545,27.6248,27.5951,27.5639,27.5324,27.4996,27.4664,27.4323,27.3974,27.3619,27.3259,27.2889,27.2511,27.2124,27.1732,27.1331,27.0926,27.051,27.009,26.966,26.9221,26.8778,26.8328,26.7867,26.7405,26.693,26.645,26.5968,26.5474,26.4975,26.4463,26.3953,26.3434,26.2909,26.2374,26.1836,26.1294,26.0739,26.0183,25.9624,25.905,25.8477,25.7897,25.7311,25.672,25.6122,25.5519,25.491,25.4295,25.3673,25.3051,25.242,25.1783,25.1139,25.0495,24.9843,24.9186,24.8524,24.7854,24.7179,24.6497,24.5812,24.5118,24.4424,24.3721,24.3009,24.2292,24.1565,24.0837,24.0096,23.935,23.8598,23.784,0,0,0,0,0,0,0,0,0,0,0,0,0,0,0,0,0,0,0,0,0,0,0,0,
0,0,0,0,0,0,0,0,0,0,0,0,0,0,0,0,0,0,0,0,0,0,0,0,24.2099,24.2878,24.3651,24.4413,24.5168,24.5913,24.6655,24.7387,24.8112,24.8833,24.9545,25.0253,25.0956,25.1647,25.2336,25.302,25.3698,25.437,25.5036,25.5697,25.6352,25.6999,25.7643,25.8285,25.8915,25.9541,26.0166,26.0783,26.139,26.1996,26.2596,26.3185,26.3772,26.4356,26.4932,26.5502,26.6063,26.6622,26.7167,26.7713,26.8251,26.8784,26.9305,26.9827,27.0335,27.0842,27.1338,27.1827,27.2309,27.2786,27.3253,27.3715,27.4169,27.462,27.5059,27.549,27.5913,27.6331,27.674,27.7142,27.7536,27.7923,27.8305,27.8676,27.9039,27.9397,27.9747,28.0084,28.042,28.0745,28.1063,28.1369,28.1676,28.1968,28.2254,28.2532,28.2806,28.3071,28.3327,28.3575,28.3816,28.405,28.4278,28.45,28.4707,28.4916,28.5111,28.5302,28.5483,28.5661,28.5829,28.5986,28.6142,28.6285,28.643,28.6561,28.6685,28.6802,28.6913,28.7018,28.7115,28.7206,28.7286,28.7364,28.7435,28.7495,28.7553,28.7599,28.7639,28.7677,28.7703,28.7723,28.7737,28.7743,28.7743,28.7737,28.7723,28.7703,28.7677,28.7639,28.7599,28.7553,28.7495,28.7435,28.7364,28.7286,28.7206,28.7115,28.7018,28.6913,28.6802,28.6685,28.6561,28.643,28.6285,28.6142,28.5986,28.5829,28.5661,28.5483,28.5302,28.5111,28.4916,28.4707,28.45,28.4278,28.405,28.3816,28.3575,28.3327,28.3071,28.2806,28.2532,28.2254,28.1968,28.1676,28.1369,28.1063,28.0745,28.042,28.0084,27.9747,27.9397,27.9039,27.8676,27.8305,27.7923,27.7536,27.7142,27.674,27.6331,27.5913,27.549,27.5059,27.462,27.4169,27.3715,27.3253,27.2786,27.2309,27.1827,27.1338,27.0842,27.0335,26.9827,26.9305,26.8784,26.8251,26.7713,26.7167,26.6622,26.6063,26.5502,26.4932,26.4356,26.3772,26.3185,26.2596,26.1996,26.139,26.0783,26.0166,25.9541,25.8915,25.8285,25.7643,25.6999,25.6352,25.5697,25.5036,25.437,25.3698,25.302,25.2336,25.1647,25.0956,25.0253,24.9545,24.8833,24.8112,24.7387,24.6655,24.5913,24.5168,24.4413,24.3651,24.2878,24.2099,0,0,0,0,0,0,0,0,0,0,0,0,0,0,0,0,0,0,0,0,0,0,0,0,
0,0,0,0,0,0,0,0,0,0,0,0,0,0,0,0,0,0,0,0,0,0,0,0,0,24.7154,24.7942,24.8719,24.9489,25.0254,25.1013,25.1761,25.2502,25.3236,25.3966,25.4688,25.5406,25.6116,25.6816,25.7516,25.821,25.889,25.9572,26.0249,26.0918,26.1582,26.2238,26.289,26.3536,26.4176,26.481,26.5436,26.6064,26.6681,26.7289,26.7899,26.8497,26.9088,26.9679,27.0257,27.083,27.1402,27.1962,27.2518,27.3071,27.3611,27.4149,27.4678,27.5195,27.5712,27.6223,27.672,27.722,27.7704,27.8183,27.8656,27.9117,27.9577,28.0025,28.0467,28.09,28.133,28.1751,28.2162,28.2566,28.2962,28.3352,28.373,28.4101,28.4465,28.4824,28.5176,28.5515,28.5848,28.6174,28.6494,28.6801,28.7103,28.7402,28.7685,28.7966,28.8239,28.8502,28.8756,28.9004,28.924,28.9475,28.9699,28.9921,29.0131,29.0328,29.0525,29.0713,29.0892,29.1063,29.1231,29.139,29.154,29.1679,29.1816,29.1946,29.2067,29.2184,29.2289,29.2388,29.248,29.2565,29.2644,29.2716,29.2776,29.2834,29.2886,29.2926,29.296,29.2992,29.3012,29.3025,29.3032,29.3032,29.3025,29.3012,29.2992,29.296,29.2926,29.2886,29.2834,29.2776,29.2716,29.2644,29.2565,29.248,29.2388,29.2289,29.2184,29.2067,29.1946,29.1816,29.1679,29.154,29.139,29.1231,29.1063,29.0892,29.0713,29.0525,29.0328,29.0131,28.9921,28.9699,28.9475,28.924,28.9004,28.8756,28.8502,28.8239,28.7966,28.7685,28.7402,28.7103,28.6801,28.6494,28.6174,28.5848,28.5515,28.5176,28.4824,28.4465,28.4101,28.373,28.3352,28.2962,28.2566,28.2162,28.1751,28.133,28.09,28.0467,28.0025,27.9577,27.9117,27.8656,27.8183,27.7704,27.722,27.672,27.6223,27.5712,27.5195,27.4678,27.4149,27.3611,27.3071,27.2518,27.1962,27.1402,27.083,27.0257,26.9679,26.9088,26.8497,26.7899,26.7289,26.6681,26.6064,26.5436,26.481,26.4176,26.3536,26.289,26.2238,26.1582,26.0918,26.0249,25.9572,25.889,25.821,25.7516,25.6816,25.6116,25.5406,25.4688,25.3966,25.3236,25.2502,25.1761,25.1013,25.0254,24.9489,24.8719,24.7942,24.7154,0,0,0,0,0,0,0,0,0,0,0,0,0,0,0,0,0,0,0,0,0,0,0,0,0,
0,0,0,0,0,0,0,0,0,0,0,0,0,0,0,0,0,0,0,0,0,0,0,0,0,25.1416,25.2222,25.3021,25.3813,25.4593,25.5362,25.6129,25.6886,25.7638,25.8381,25.9121,25.9852,26.0573,26.1293,26.2008,26.2712,26.3416,26.4106,26.4797,26.5476,26.6153,26.6827,26.7495,26.8149,26.8804,26.9452,27.0096,27.0732,27.1358,27.1982,27.2601,27.3213,27.3821,27.4418,27.5014,27.5602,27.6182,27.6753,27.7323,27.7885,27.8437,27.8988,27.9524,28.0056,28.0584,28.1101,28.1616,28.2124,28.2618,28.3113,28.3593,28.407,28.4539,28.4994,28.545,28.5894,28.633,28.6757,28.718,28.7593,28.7997,28.8397,28.8787,28.9169,28.954,28.9909,29.0267,29.0616,29.0956,29.129,29.1618,29.1934,29.2244,29.2546,29.2841,29.3124,29.3407,29.3675,29.3939,29.4189,29.4437,29.4677,29.4907,29.5128,29.5346,29.5551,29.5756,29.5945,29.6131,29.6308,29.6476,29.6639,29.679,29.6943,29.708,29.7212,29.7337,29.745,29.7561,29.7665,29.7761,29.7847,29.7926,29.7999,29.8064,29.8123,29.8176,29.8216,29.8255,29.8282,29.8307,29.8321,29.8328,29.8328,29.8321,29.8307,29.8282,29.8255,29.8216,29.8176,29.8123,29.8064,29.7999,29.7926,29.7847,29.7761,29.7665,29.7561,29.745,29.7337,29.7212,29.708,29.6943,29.679,29.6639,29.6476,29.6308,29.6131,29.5945,29.5756,29.5551,29.5346,29.5128,29.4907,29.4677,29.4437,29.4189,29.3939,29.3675,29.3407,29.3124,29.2841,29.2546,29.2244,29.1934,29.1618,29.129,29.0956,29.0616,29.0267,28.9909,28.954,28.9169,28.8787,28.8397,28.7997,28.7593,28.718,28.6757,28.633,28.5894,28.545,28.4994,28.4539,28.407,28.3593,28.3113,28.2618,28.2124,28.1616,28.1101,28.0584,28.0056,27.9524,27.8988,27.8437,27.7885,27.7323,27.6753,27.6182,27.5602,27.5014,27.4418,27.3821,27.3213,27.2601,27.1982,27.1358,27.0732,27.0096,26.9452,26.8804,26.8149,26.7495,26.6827,26.6153,26.5476,26.4797,26.4106,26.3416,26.2712,26.2008,26.1293,26.0573,25.9852,25.9121,25.8381,25.7638,25.6886,25.6129,25.5362,25.4593,25.3813,25.3021,25.2222,25.1416,0,0,0,0,0,0,0,0,0,0,0,0,0,0,0,0,0,0,0,0,0,0,0,0,0,
0,0,0,0,0,0,0,0,0,0,0,0,0,0,0,0,0,0,0,0,0,0,0,0,0,0,25.6499,25.7318,25.8121,25.8923,25.9712,26.0489,26.1268,26.2034,26.2794,26.355,26.4291,26.5033,26.577,26.6494,26.7213,26.7931,26.8638,26.9339,27.0039,27.0726,27.1415,27.2092,27.2761,27.3432,27.409,27.4748,27.5396,27.6043,27.6675,27.7308,27.7931,27.8553,27.9161,27.9765,28.0368,28.096,28.1545,28.2125,28.2695,28.3262,28.3821,28.4376,28.4923,28.5456,28.5985,28.651,28.7024,28.7535,28.8038,28.8527,28.9018,28.9495,28.9967,29.0426,29.0884,29.1332,29.1769,29.2199,29.2624,29.3037,29.3446,29.3845,29.4235,29.4615,29.4992,29.536,29.5715,29.6065,29.6407,29.6742,29.7067,29.7385,29.7693,29.7997,29.8289,29.8573,29.8851,29.912,29.9385,29.9635,29.988,30.0119,30.0345,30.0569,30.0779,30.0985,30.1179,30.1369,30.1555,30.1729,30.1894,30.2052,30.2201,30.2345,30.2478,30.2608,30.273,30.2843,30.2948,30.3041,30.3133,30.3213,30.3287,30.3358,30.342,30.3468,30.3514,30.3553,30.3581,30.3606,30.362,30.3627,30.3627,30.362,30.3606,30.3581,30.3553,30.3514,30.3468,30.342,30.3358,30.3287,30.3213,30.3133,30.3041,30.2948,30.2843,30.273,30.2608,30.2478,30.2345,30.2201,30.2052,30.1894,30.1729,30.1555,30.1369,30.1179,30.0985,30.0779,30.0569,30.0345,30.0119,29.988,29.9635,29.9385,29.912,29.8851,29.8573,29.8289,29.7997,29.7693,29.7385,29.7067,29.6742,29.6407,29.6065,29.5715,29.536,29.4992,29.4615,29.4235,29.3845,29.3446,29.3037,29.2624,29.2199,29.1769,29.1332,29.0884,29.0426,28.9967,28.9495,28.9018,28.8527,28.8038,28.7535,28.7024,28.651,28.5985,28.5456,28.4923,28.4376,28.3821,28.3262,28.2695,28.2125,28.1545,28.096,28.0368,27.9765,27.9161,27.8553,27.7931,27.7308,27.6675,27.6043,27.5396,27.4748,27.409,27.3432,27.2761,27.2092,27.1415,27.0726,27.0039,26.9339,26.8638,26.7931,26.7213,26.6494,26.577,26.5033,26.4291,26.355,26.2794,26.2034,26.1268,26.0489,25.9712,25.8923,25.8121,25.7318,25.6499,0,0,0,0,0,0,0,0,0,0,0,0,0,0,0,0,0,0,0,0,0,0,0,0,0,0,
0,0,0,0,0,0,0,0,0,0,0,0,0,0,0,0,0,0,0,0,0,0,0,0,0,0,0,26.1602,26.2424,26.3241,26.4049,26.485,26.5642,26.6424,26.7199,26.797,26.8732,26.9484,27.0237,27.0977,27.1711,27.244,27.3168,27.3883,27.4594,27.5298,27.5997,27.6687,27.7375,27.8054,27.8728,27.9397,28.0059,28.0718,28.1369,28.2011,28.2648,28.3281,28.3905,28.4519,28.5131,28.5739,28.6338,28.6925,28.7515,28.8088,28.8659,28.9222,28.9777,29.0327,29.0871,29.1403,29.1935,29.2453,29.2965,29.3464,29.3965,29.4452,29.4933,29.5406,29.5873,29.6328,29.6776,29.7219,29.7653,29.8077,29.8494,29.8902,29.93,29.9695,30.0079,30.0452,30.0822,30.1178,30.153,30.1868,30.2205,30.253,30.2848,30.3154,30.3455,30.3747,30.4032,30.4308,30.4575,30.4836,30.5087,30.5326,30.5559,30.5793,30.6007,30.6218,30.6419,30.6618,30.6805,30.6978,30.7152,30.7312,30.7472,30.7617,30.7751,30.7886,30.8011,30.8124,30.8231,30.833,30.8426,30.8507,30.8586,30.8653,30.8713,30.8771,30.8812,30.8852,30.8884,30.8905,30.8919,30.8931,30.8931,30.8919,30.8905,30.8884,30.8852,30.8812,30.8771,30.8713,30.8653,30.8586,30.8507,30.8426,30.833,30.8231,30.8124,30.8011,30.7886,30.7751,30.7617,30.7472,30.7312,30.7152,30.6978,30.6805,30.6618,30.6419,30.6218,30.6007,30.5793,30.5559,30.5326,30.5087,30.4836,30.4575,30.4308,30.4032,30.3747,30.3455,30.3154,30.2848,30.253,30.2205,30.1868,30.153,30.1178,30.0822,30.0452,30.0079,29.9695,29.93,29.8902,29.8494,29.8077,29.7653,29.7219,29.6776,29.6328,29.5873,29.5406,29.4933,29.4452,29.3965,29.3464,29.2965,29.2453,29.1935,29.1403,29.0871,29.0327,28.9777,28.9222,28.8659,28.8088,28.7515,28.6925,28.6338,28.5739,28.5131,28.4519,28.3905,28.3281,28.2648,28.2011,28.1369,28.0718,28.0059,27.9397,27.8728,27.8054,27.7375,27.6687,27.5997,27.5298,27.4594,27.3883,27.3168,27.244,27.1711,27.0977,27.0237,26.9484,26.8732,26.797,26.7199,26.6424,26.5642,26.485,26.4049,26.3241,26.2424,26.1602,0,0,0,0,0,0,0,0,0,0,0,0,0,0,0,0,0,0,0,0,0,0,0,0,0,0,0,
0,0,0,0,0,0,0,0,0,0,0,0,0,0,0,0,0,0,0,0,0,0,0,0,0,0,0,26.5885,26.6724,26.7558,26.8381,26.9203,27.0006,27.0808,27.1601,27.2387,27.3161,27.3935,27.4696,27.5454,27.6208,27.6952,27.769,27.8417,27.9144,27.9862,28.0577,28.1284,28.1981,28.2677,28.3365,28.4048,28.472,28.5393,28.6052,28.671,28.7362,28.8005,28.8638,28.9272,28.9897,29.0513,29.1122,29.1726,29.2322,29.2914,29.3498,29.407,29.4635,29.5202,29.5756,29.63,29.6836,29.7371,29.7893,29.8407,29.8914,29.9412,29.9902,30.0389,30.0861,30.1331,30.1788,30.224,30.2683,30.3114,30.3545,30.3965,30.4371,30.477,30.5168,30.5547,30.5924,30.6291,30.6651,30.6997,30.7344,30.7677,30.7999,30.8316,30.8626,30.8925,30.9213,30.9499,30.9773,31.0036,31.0294,31.0543,31.0783,31.1017,31.1238,31.1458,31.1666,31.1861,31.2056,31.2238,31.2411,31.258,31.2738,31.2888,31.3033,31.3167,31.3296,31.341,31.3522,31.3626,31.3719,31.3806,31.3885,31.3953,31.4019,31.4073,31.4119,31.4162,31.419,31.4216,31.423,31.4237,31.4237,31.423,31.4216,31.419,31.4162,31.4119,31.4073,31.4019,31.3953,31.3885,31.3806,31.3719,31.3626,31.3522,31.341,31.3296,31.3167,31.3033,31.2888,31.2738,31.258,31.2411,31.2238,31.2056,31.1861,31.1666,31.1458,31.1238,31.1017,31.0783,31.0543,31.0294,31.0036,30.9773,30.9499,30.9213,30.8925,30.8626,30.8316,30.7999,30.7677,30.7344,30.6997,30.6651,30.6291,30.5924,30.5547,30.5168,30.477,30.4371,30.3965,30.3545,30.3114,30.2683,30.224,30.1788,30.1331,30.0861,30.0389,29.9902,29.9412,29.8914,29.8407,29.7893,29.7371,29.6836,29.63,29.5756,29.5202,29.4635,29.407,29.3498,29.2914,29.2322,29.1726,29.1122,29.0513,28.9897,28.9272,28.8638,28.8005,28.7362,28.671,28.6052,28.5393,28.472,28.4048,28.3365,28.2677,28.1981,28.1284,28.0577,27.9862,27.9144,27.8417,27.769,27.6952,27.6208,27.5454,27.4696,27.3935,27.3161,27.2387,27.1601,27.0808,27.0006,26.9203,26.8381,26.7558,26.6724,26.5885,0,0,0,0,0,0,0,0,0,0,0,0,0,0,0,0,0,0,0,0,0,0,0,0,0,0,0,
0,0,0,0,0,0,0,0,0,0,0,0,0,0,0,0,0,0,0,0,0,0,0,0,0,0,0,0,27.1015,27.1867,27.271,27.3542,27.4368,27.5188,27.5996,27.6799,27.7592,27.8377,27.9155,27.9928,28.0695,28.1453,28.2208,28.2955,28.3691,28.4428,28.5152,28.5875,28.6588,28.7298,28.7996,28.8691,28.9379,29.0067,29.074,29.1408,29.2073,29.2729,29.338,29.4023,29.4655,29.5288,29.5913,29.6527,29.7134,29.7735,29.8329,29.8916,29.9497,30.0073,30.0637,30.119,30.1741,30.2285,30.2816,30.334,30.3863,30.4368,30.4875,30.5367,30.5854,30.6332,30.6799,30.7264,30.7713,30.8158,30.8592,30.9019,30.9439,30.985,31.0255,31.0643,31.1032,31.1406,31.1774,31.2129,31.2483,31.282,31.3155,31.3478,31.3794,31.41,31.4403,31.4692,31.4969,31.5244,31.5504,31.5761,31.6008,31.6247,31.6475,31.6696,31.6911,31.7114,31.731,31.7499,31.7678,31.7848,31.8016,31.8165,31.8314,31.8453,31.8581,31.8704,31.8818,31.8919,31.9022,31.9109,31.9189,31.9263,31.9324,31.9379,31.9434,31.9474,31.9502,31.9528,31.9542,31.9554,31.9554,31.9542,31.9528,31.9502,31.9474,31.9434,31.9379,31.9324,31.9263,31.9189,31.9109,31.9022,31.8919,31.8818,31.8704,31.8581,31.8453,31.8314,31.8165,31.8016,31.7848,31.7678,31.7499,31.731,31.7114,31.6911,31.6696,31.6475,31.6247,31.6008,31.5761,31.5504,31.5244,31.4969,31.4692,31.4403,31.41,31.3794,31.3478,31.3155,31.282,31.2483,31.2129,31.1774,31.1406,31.1032,31.0643,31.0255,30.985,30.9439,30.9019,30.8592,30.8158,30.7713,30.7264,30.6799,30.6332,30.5854,30.5367,30.4875,30.4368,30.3863,30.334,30.2816,30.2285,30.1741,30.119,30.0637,30.0073,29.9497,29.8916,29.8329,29.7735,29.7134,29.6527,29.5913,29.5288,29.4655,29.4023,29.338,29.2729,29.2073,29.1408,29.074,29.0067,28.9379,28.8691,28.7996,28.7298,28.6588,28.5875,28.5152,28.4428,28.3691,28.2955,28.2208,28.1453,28.0695,27.9928,27.9155,27.8377,27.7592,27.6799,27.5996,27.5188,27.4368,27.3542,27.271,27.1867,27.1015,0,0,0,0,0,0,0,0,0,0,0,0,0,0,0,0,0,0,0,0,0,0,0,0,0,0,0,0,
0,0,0,0,0,0,0,0,0,0,0,0,0,0,0,0,0,0,0,0,0,0,0,0,0,0,0,0,27.5299,27.6169,27.703,27.7879,27.8721,27.9558,28.0381,28.1201,28.2014,28.2812,28.3613,28.4401,28.5183,28.5954,28.6725,28.7482,28.8238,28.8984,28.9725,29.046,29.1186,29.1909,29.2625,29.3335,29.4039,29.4734,29.5424,29.6106,29.6782,29.745,29.8115,29.877,29.9418,30.006,30.0696,30.1324,30.1947,30.2557,30.3167,30.3765,30.4356,30.4942,30.5513,30.6084,30.6645,30.7199,30.7744,30.828,30.8812,30.9333,30.9847,31.0349,31.0843,31.1332,31.1813,31.2283,31.2745,31.3202,31.3645,31.4081,31.4512,31.4933,31.5342,31.5747,31.6138,31.6521,31.6898,31.7267,31.7625,31.7974,31.8312,31.8646,31.8967,31.9284,31.9589,31.9886,32.017,32.0452,32.0723,32.0983,32.1236,32.1482,32.1717,32.1941,32.2161,32.237,32.2573,32.2766,32.295,32.3126,32.3291,32.3451,32.3601,32.3742,32.3874,32.4001,32.4118,32.4225,32.4321,32.4417,32.4498,32.4572,32.4639,32.4694,32.4747,32.479,32.4819,32.4845,32.4864,32.4872,32.4872,32.4864,32.4845,32.4819,32.479,32.4747,32.4694,32.4639,32.4572,32.4498,32.4417,32.4321,32.4225,32.4118,32.4001,32.3874,32.3742,32.3601,32.3451,32.3291,32.3126,32.295,32.2766,32.2573,32.237,32.2161,32.1941,32.1717,32.1482,32.1236,32.0983,32.0723,32.0452,32.017,31.9886,31.9589,31.9284,31.8967,31.8646,31.8312,31.7974,31.7625,31.7267,31.6898,31.6521,31.6138,31.5747,31.5342,31.4933,31.4512,31.4081,31.3645,31.3202,31.2745,31.2283,31.1813,31.1332,31.0843,31.0349,30.9847,30.9333,30.8812,30.828,30.7744,30.7199,30.6645,30.6084,30.5513,30.4942,30.4356,30.3765,30.3167,30.2557,30.1947,30.1324,30.0696,30.006,29.9418,29.877,29.8115,29.745,29.6782,29.6106,29.5424,29.4734,29.4039,29.3335,29.2625,29.1909,29.1186,29.046,28.9725,28.8984,28.8238,28.7482,28.6725,28.5954,28.5183,28.4401,28.3613,28.2812,28.2014,28.1201,28.0381,27.9558,27.8721,27.7879,27.703,27.6169,27.5299,0,0,0,0,0,0,0,0,0,0,0,0,0,0,0,0,0,0,0,0,0,0,0,0,0,0,0,0,
0,0,0,0,0,0,0,0,0,0,0,0,0,0,0,0,0,0,0,0,0,0,0,0,0,0,0,0,0,28.046,28.1343,28.2214,28.3073,28.3925,28.4766,28.5601,28.643,28.7247,28.8061,28.886,28.966,29.0452,29.1233,29.2008,29.2782,29.3543,29.4294,29.5043,29.5788,29.6526,29.7251,29.7978,29.8691,29.9398,30.0104,30.0799,30.1489,30.2174,30.285,30.3514,30.4176,30.4835,30.548,30.612,30.6752,30.738,30.7997,30.8611,30.9213,30.9807,31.0396,31.0977,31.1548,31.2114,31.2672,31.3221,31.3759,31.429,31.4812,31.5331,31.5836,31.6332,31.6825,31.7307,31.7779,31.8246,31.8698,31.9144,31.9581,32.0013,32.0431,32.0843,32.1244,32.1638,32.2022,32.24,32.2767,32.3127,32.3472,32.3814,32.4145,32.4463,32.4776,32.5083,32.5375,32.5664,32.5938,32.6209,32.6469,32.6719,32.6959,32.719,32.7417,32.7633,32.7837,32.8035,32.8221,32.8404,32.8572,32.8736,32.8889,32.9036,32.9174,32.9297,32.942,32.9529,32.9633,32.9727,32.9809,32.9884,32.9955,33.0015,33.0063,33.0109,33.0143,33.0165,33.0184,33.0191,33.0191,33.0184,33.0165,33.0143,33.0109,33.0063,33.0015,32.9955,32.9884,32.9809,32.9727,32.9633,32.9529,32.942,32.9297,32.9174,32.9036,32.8889,32.8736,32.8572,32.8404,32.8221,32.8035,32.7837,32.7633,32.7417,32.719,32.6959,32.6719,32.6469,32.6209,32.5938,32.5664,32.5375,32.5083,32.4776,32.4463,32.4145,32.3814,32.3472,32.3127,32.2767,32.24,32.2022,32.1638,32.1244,32.0843,32.0431,32.0013,31.9581,31.9144,31.8698,31.8246,31.7779,31.7307,31.6825,31.6332,31.5836,31.5331,31.4812,31.429,31.3759,31.3221,31.2672,31.2114,31.1548,31.0977,31.0396,30.9807,30.9213,30.8611,30.7997,30.738,30.6752,30.612,30.548,30.4835,30.4176,30.3514,30.285,30.2174,30.1489,30.0799,30.0104,29.9398,29.8691,29.7978,29.7251,29.6526,29.5788,29.5043,29.4294,29.3543,29.2782,29.2008,29.1233,29.0452,28.966,28.886,28.8061,28.7247,28.643,28.5601,28.4766,28.3925,28.3073,28.2214,28.1343,28.046,0,0,0,0,0,0,0,0,0,0,0,0,0,0,0,0,0,0,0,0,0,0,0,0,0,0,0,0,0,
0,0,0,0,0,0,0,0,0,0,0,0,0,0,0,0,0,0,0,0,0,0,0,0,0,0,0,0,0,28.4748,28.5645,28.6534,28.7414,28.8284,28.9142,28.9995,29.084,29.1674,29.2506,29.3322,29.4135,29.4945,29.574,29.6533,29.7316,29.8089,29.8863,29.9629,30.0384,30.1131,30.1875,30.2611,30.334,30.4065,30.4782,30.5493,30.6191,30.6891,30.7579,30.8258,30.8932,30.9601,31.0263,31.0917,31.156,31.2198,31.2833,31.3454,31.4067,31.4678,31.5277,31.587,31.6453,31.7028,31.7597,31.8159,31.871,31.9251,31.9784,32.0313,32.0832,32.1339,32.1838,32.2334,32.2816,32.3291,32.3751,32.4212,32.466,32.5097,32.5523,32.5944,32.6361,32.676,32.7156,32.7538,32.7912,32.828,32.8637,32.8982,32.9323,32.965,32.9972,33.0281,33.0581,33.0876,33.1162,33.1436,33.1703,33.1958,33.2203,33.2444,33.2674,33.2896,33.3107,33.3306,33.3499,33.3684,33.3862,33.4028,33.4183,33.4335,33.4474,33.4603,33.4728,33.4837,33.4948,33.5043,33.5126,33.5209,33.5277,33.5338,33.5387,33.5433,33.5467,33.5497,33.5512,33.5519,33.5519,33.5512,33.5497,33.5467,33.5433,33.5387,33.5338,33.5277,33.5209,33.5126,33.5043,33.4948,33.4837,33.4728,33.4603,33.4474,33.4335,33.4183,33.4028,33.3862,33.3684,33.3499,33.3306,33.3107,33.2896,33.2674,33.2444,33.2203,33.1958,33.1703,33.1436,33.1162,33.0876,33.0581,33.0281,32.9972,32.965,32.9323,32.8982,32.8637,32.828,32.7912,32.7538,32.7156,32.676,32.6361,32.5944,32.5523,32.5097,32.466,32.4212,32.3751,32.3291,32.2816,32.2334,32.1838,32.1339,32.0832,32.0313,31.9784,31.9251,31.871,31.8159,31.7597,31.7028,31.6453,31.587,31.5277,31.4678,31.4067,31.3454,31.2833,31.2198,31.156,31.0917,31.0263,30.9601,30.8932,30.8258,30.7579,30.6891,30.6191,30.5493,30.4782,30.4065,30.334,30.2611,30.1875,30.1131,30.0384,29.9629,29.8863,29.8089,29.7316,29.6533,29.574,29.4945,29.4135,29.3322,29.2506,29.1674,29.084,28.9995,28.9142,28.8284,28.7414,28.6534,28.5645,28.4748,0,0,0,0,0,0,0,0,0,0,0,0,0,0,0,0,0,0,0,0,0,0,0,0,0,0,0,0,0,
0,0,0,0,0,0,0,0,0,0,0,0,0,0,0,0,0,0,0,0,0,0,0,0,0,0,0,0,0,0,28.9943,29.085,29.1744,29.2637,29.3512,29.4385,29.5242,29.6099,29.6941,29.7779,29.8605,29.9429,30.0244,30.1046,30.1849,30.2641,30.3427,30.4204,30.4974,30.574,30.6498,30.7246,30.799,30.8726,30.9461,31.0182,31.0896,31.1607,31.231,31.3,31.3691,31.437,31.5044,31.5708,31.6365,31.7018,31.766,31.8297,31.8926,31.9544,32.0157,32.0758,32.1355,32.1941,32.2525,32.3094,32.3656,32.4212,32.4756,32.5293,32.5823,32.6341,32.6854,32.7354,32.785,32.8333,32.8806,32.9278,32.9734,33.0179,33.0622,33.1048,33.147,33.1881,33.2285,33.2678,33.3061,33.3437,33.3802,33.4156,33.4502,33.4838,33.5167,33.5484,33.5795,33.6095,33.6384,33.6667,33.6942,33.7204,33.7451,33.7699,33.7935,33.816,33.8374,33.8584,33.8783,33.8969,33.9149,33.9322,33.9482,33.9637,33.9777,33.9916,34.0038,34.0157,34.026,34.0364,34.0448,34.0529,34.0601,34.0663,34.0717,34.0764,34.0798,34.0829,34.0843,34.0856,34.0856,34.0843,34.0829,34.0798,34.0764,34.0717,34.0663,34.0601,34.0529,34.0448,34.0364,34.026,34.0157,34.0038,33.9916,33.9777,33.9637,33.9482,33.9322,33.9149,33.8969,33.8783,33.8584,33.8374,33.816,33.7935,33.7699,33.7451,33.7204,33.6942,33.6667,33.6384,33.6095,33.5795,33.5484,33.5167,33.4838,33.4502,33.4156,33.3802,33.3437,33.3061,33.2678,33.2285,33.1881,33.147,33.1048,33.0622,33.0179,32.9734,32.9278,32.8806,32.8333,32.785,32.7354,32.6854,32.6341,32.5823,32.5293,32.4756,32.4212,32.3656,32.3094,32.2525,32.1941,32.1355,32.0758,32.0157,31.9544,31.8926,31.8297,31.766,31.7018,31.6365,31.5708,31.5044,31.437,31.3691,31.3,31.231,31.1607,31.0896,31.0182,30.9461,30.8726,30.799,30.7246,30.6498,30.574,30.4974,30.4204,30.3427,30.2641,30.1849,30.1046,30.0244,29.9429,29.8605,29.7779,29.6941,29.6099,29.5242,29.4385,29.3512,29.2637,29.1744,29.085,28.9943,0,0,0,0,0,0,0,0,0,0,0,0,0,0,0,0,0,0,0,0,0,0,0,0,0,0,0,0,0,0,
0,0,0,0,0,0,0,0,0,0,0,0,0,0,0,0,0,0,0,0,0,0,0,0,0,0,0,0,0,0,0,29.5155,29.607,29.698,29.7873,29.8764,29.9642,30.051,30.1372,30.2225,30.3074,30.3911,30.474,30.5559,30.6379,30.7184,30.7984,30.8777,30.9567,31.0341,31.1114,31.1881,31.2637,31.3389,31.4134,31.4867,31.5599,31.6318,31.7039,31.7746,31.8446,31.9137,31.9824,32.0502,32.117,32.1834,32.2491,32.3142,32.3779,32.441,32.5035,32.5653,32.6259,32.6858,32.7449,32.8033,32.8606,32.9172,32.9728,33.0276,33.0814,33.1347,33.1867,33.2382,33.2886,33.3382,33.3865,33.4342,33.4811,33.527,33.5718,33.6155,33.6584,33.7005,33.7417,33.7818,33.821,33.8595,33.8968,33.9334,33.9687,34.0031,34.0364,34.0688,34.1007,34.1313,34.1612,34.1901,34.2178,34.2448,34.2705,34.296,34.3198,34.3431,34.3655,34.3863,34.4064,34.4258,34.4448,34.4622,34.4785,34.4939,34.5087,34.5227,34.5355,34.5475,34.5588,34.5685,34.5774,34.5859,34.5934,34.5996,34.6054,34.6096,34.6136,34.6163,34.6178,34.6191,34.6191,34.6178,34.6163,34.6136,34.6096,34.6054,34.5996,34.5934,34.5859,34.5774,34.5685,34.5588,34.5475,34.5355,34.5227,34.5087,34.4939,34.4785,34.4622,34.4448,34.4258,34.4064,34.3863,34.3655,34.3431,34.3198,34.296,34.2705,34.2448,34.2178,34.1901,34.1612,34.1313,34.1007,34.0688,34.0364,34.0031,33.9687,33.9334,33.8968,33.8595,33.821,33.7818,33.7417,33.7005,33.6584,33.6155,33.5718,33.527,33.4811,33.4342,33.3865,33.3382,33.2886,33.2382,33.1867,33.1347,33.0814,33.0276,32.9728,32.9172,32.8606,32.8033,32.7449,32.6858,32.6259,32.5653,32.5035,32.441,32.3779,32.3142,32.2491,32.1834,32.117,32.0502,31.9824,31.9137,31.8446,31.7746,31.7039,31.6318,31.5599,31.4867,31.4134,31.3389,31.2637,31.1881,31.1114,31.0341,30.9567,30.8777,30.7984,30.7184,30.6379,30.5559,30.474,30.3911,30.3074,30.2225,30.1372,30.051,29.9642,29.8764,29.7873,29.698,29.607,29.5155,0,0,0,0,0,0,0,0,0,0,0,0,0,0,0,0,0,0,0,0,0,0,0,0,0,0,0,0,0,0,0,
0,0,0,0,0,0,0,0,0,0,0,0,0,0,0,0,0,0,0,0,0,0,0,0,0,0,0,0,0,0,0,29.9451,30.0391,30.1316,30.2231,30.3133,30.4031,30.4921,30.5798,30.667,30.7531,30.8385,30.9232,31.0069,31.0898,31.1723,31.2537,31.3348,31.4149,31.4941,31.5727,31.6507,31.7282,31.8044,31.8805,31.9554,32.0298,32.1035,32.1758,32.2484,32.3196,32.3901,32.4602,32.5291,32.5977,32.6653,32.7322,32.7981,32.8634,32.9276,32.9914,33.0541,33.1164,33.1772,33.2374,33.297,33.3555,33.4131,33.4699,33.5263,33.5812,33.6351,33.6886,33.7411,33.792,33.8428,33.8923,33.9409,33.9888,34.0356,34.0813,34.1262,34.17,34.213,34.2552,34.2961,34.3363,34.3752,34.4136,34.451,34.487,34.5225,34.5565,34.5901,34.6228,34.6538,34.6841,34.714,34.7425,34.7697,34.7962,34.822,34.8465,34.8704,34.8931,34.9149,34.9357,34.9556,34.9745,34.9925,35.0093,35.0254,35.0403,35.0549,35.0674,35.08,35.0911,35.1017,35.1107,35.1193,35.1268,35.1335,35.139,35.1437,35.1473,35.15,35.152,35.1531,35.1531,35.152,35.15,35.1473,35.1437,35.139,35.1335,35.1268,35.1193,35.1107,35.1017,35.0911,35.08,35.0674,35.0549,35.0403,35.0254,35.0093,34.9925,34.9745,34.9556,34.9357,34.9149,34.8931,34.8704,34.8465,34.822,34.7962,34.7697,34.7425,34.714,34.6841,34.6538,34.6228,34.5901,34.5565,34.5225,34.487,34.451,34.4136,34.3752,34.3363,34.2961,34.2552,34.213,34.17,34.1262,34.0813,34.0356,33.9888,33.9409,33.8923,33.8428,33.792,33.7411,33.6886,33.6351,33.5812,33.5263,33.4699,33.4131,33.3555,33.297,33.2374,33.1772,33.1164,33.0541,32.9914,32.9276,32.8634,32.7981,32.7322,32.6653,32.5977,32.5291,32.4602,32.3901,32.3196,32.2484,32.1758,32.1035,32.0298,31.9554,31.8805,31.8044,31.7282,31.6507,31.5727,31.4941,31.4149,31.3348,31.2537,31.1723,31.0898,31.0069,30.9232,30.8385,30.7531,30.667,30.5798,30.4921,30.4031,30.3133,30.2231,30.1316,30.0391,29.9451,0,0,0,0,0,0,0,0,0,0,0,0,0,0,0,0,0,0,0,0,0,0,0,0,0,0,0,0,0,0,0,
0,0,0,0,0,0,0,0,0,0,0,0,0,0,0,0,0,0,0,0,0,0,0,0,0,0,0,0,0,0,0,0,30.4698,30.564,30.6577,30.7503,30.8419,30.9321,31.0217,31.1104,31.1982,31.2854,31.3717,31.4572,31.5419,31.6259,31.7089,31.7914,31.873,31.954,32.0338,32.1134,32.1919,32.2699,32.3472,32.4234,32.4994,32.5741,32.6482,32.7219,32.7948,32.8668,32.938,33.0082,33.078,33.147,33.2149,33.282,33.3486,33.4144,33.4795,33.5436,33.6063,33.6686,33.73,33.7908,33.8506,33.9094,33.9672,34.0246,34.0808,34.136,34.19,34.2434,34.2962,34.3474,34.398,34.4479,34.4967,34.5441,34.5915,34.6374,34.6821,34.7258,34.7689,34.8107,34.8519,34.8919,34.9309,34.9689,35.0057,35.0421,35.0772,35.1114,35.1443,35.1765,35.2075,35.2378,35.2672,35.2953,35.3226,35.3485,35.3738,35.3979,35.4216,35.4434,35.4652,35.485,35.5048,35.5231,35.5406,35.5568,35.5723,35.5866,35.6005,35.6125,35.6244,35.6351,35.6443,35.6535,35.6611,35.6674,35.6733,35.6781,35.6822,35.685,35.687,35.6878,35.6878,35.687,35.685,35.6822,35.6781,35.6733,35.6674,35.6611,35.6535,35.6443,35.6351,35.6244,35.6125,35.6005,35.5866,35.5723,35.5568,35.5406,35.5231,35.5048,35.485,35.4652,35.4434,35.4216,35.3979,35.3738,35.3485,35.3226,35.2953,35.2672,35.2378,35.2075,35.1765,35.1443,35.1114,35.0772,35.0421,35.0057,34.9689,34.9309,34.8919,34.8519,34.8107,34.7689,34.7258,34.6821,34.6374,34.5915,34.5441,34.4967,34.4479,34.398,34.3474,34.2962,34.2434,34.19,34.136,34.0808,34.0246,33.9672,33.9094,33.8506,33.7908,33.73,33.6686,33.6063,33.5436,33.4795,33.4144,33.3486,33.282,33.2149,33.147,33.078,33.0082,32.938,32.8668,32.7948,32.7219,32.6482,32.5741,32.4994,32.4234,32.3472,32.2699,32.1919,32.1134,32.0338,31.954,31.873,31.7914,31.7089,31.6259,31.5419,31.4572,31.3717,31.2854,31.1982,31.1104,31.0217,30.9321,30.8419,30.7503,30.6577,30.564,30.4698,0,0,0,0,0,0,0,0,0,0,0,0,0,0,0,0,0,0,0,0,0,0,0,0,0,0,0,0,0,0,0,0,
0,0,0,0,0,0,0,0,0,0,0,0,0,0,0,0,0,0,0,0,0,0,0,0,0,0,0,0,0,0,0,0,30.9,30.9961,31.0917,31.186,31.2793,31.3718,31.4632,31.5538,31.6434,31.7321,31.8198,31.9069,31.9934,32.0791,32.1637,32.2477,32.3306,32.413,32.4945,32.5754,32.6557,32.7352,32.8138,32.8915,32.9687,33.0451,33.1211,33.1957,33.2695,33.3431,33.4157,33.4872,33.5581,33.6281,33.6976,33.7666,33.834,33.9011,33.9672,34.0323,34.0965,34.1602,34.2226,34.2843,34.3453,34.4057,34.4648,34.5225,34.5801,34.6367,34.6918,34.7466,34.7998,34.8527,34.9045,34.955,35.0046,35.0534,35.1012,35.148,35.1942,35.2391,35.2826,35.3254,35.3674,35.4083,35.4485,35.4872,35.5251,35.5618,35.5978,35.6327,35.6668,35.6997,35.7316,35.7622,35.7925,35.8207,35.849,35.8758,35.9014,35.9261,35.9502,35.9729,35.9947,36.0154,36.0351,36.0541,36.0721,36.089,36.1046,36.1195,36.1336,36.1461,36.1578,36.1691,36.1788,36.1876,36.1953,36.2025,36.2082,36.213,36.2171,36.2203,36.2223,36.2231,36.2231,36.2223,36.2203,36.2171,36.213,36.2082,36.2025,36.1953,36.1876,36.1788,36.1691,36.1578,36.1461,36.1336,36.1195,36.1046,36.089,36.0721,36.0541,36.0351,36.0154,35.9947,35.9729,35.9502,35.9261,35.9014,35.8758,35.849,35.8207,35.7925,35.7622,35.7316,35.6997,35.6668,35.6327,35.5978,35.5618,35.5251,35.4872,35.4485,35.4083,35.3674,35.3254,35.2826,35.2391,35.1942,35.148,35.1012,35.0534,35.0046,34.955,34.9045,34.8527,34.7998,34.7466,34.6918,34.6367,34.5801,34.5225,34.4648,34.4057,34.3453,34.2843,34.2226,34.1602,34.0965,34.0323,33.9672,33.9011,33.834,33.7666,33.6976,33.6281,33.5581,33.4872,33.4157,33.3431,33.2695,33.1957,33.1211,33.0451,32.9687,32.8915,32.8138,32.7352,32.6557,32.5754,32.4945,32.413,32.3306,32.2477,32.1637,32.0791,31.9934,31.9069,31.8198,31.7321,31.6434,31.5538,31.4632,31.3718,31.2793,31.186,31.0917,30.9961,30.9,0,0,0,0,0,0,0,0,0,0,0,0,0,0,0,0,0,0,0,0,0,0,0,0,0,0,0,0,0,0,0,0,
0,0,0,0,0,0,0,0,0,0,0,0,0,0,0,0,0,0,0,0,0,0,0,0,0,0,0,0,0,0,0,0,0,31.4274,31.5244,31.6212,31.7162,31.8104,31.9034,31.996,32.0873,32.1779,32.2674,32.3562,32.4443,32.5313,32.6177,32.7034,32.7878,32.8717,32.9551,33.0376,33.119,33.1999,33.2798,33.3594,33.4377,33.5158,33.5928,33.6688,33.7445,33.819,33.8928,33.9659,34.0384,34.1098,34.1805,34.2502,34.3191,34.3877,34.4551,34.5213,34.5869,34.6517,34.7152,34.7781,34.8403,34.9017,34.9619,35.0214,35.0799,35.1374,35.1936,35.2495,35.3044,35.3577,35.4106,35.4624,35.5131,35.5627,35.6116,35.6597,35.7063,35.7522,35.7967,35.8407,35.8836,35.9253,35.9664,36.006,36.0442,36.0825,36.119,36.1547,36.1891,36.223,36.2555,36.2869,36.3174,36.3474,36.3756,36.403,36.4293,36.4548,36.4791,36.5026,36.5248,36.546,36.5667,36.5859,36.6041,36.6212,36.6374,36.6525,36.6668,36.6798,36.692,36.703,36.7132,36.7226,36.7304,36.7377,36.7434,36.7483,36.7524,36.7556,36.7577,36.7589,36.7589,36.7577,36.7556,36.7524,36.7483,36.7434,36.7377,36.7304,36.7226,36.7132,36.703,36.692,36.6798,36.6668,36.6525,36.6374,36.6212,36.6041,36.5859,36.5667,36.546,36.5248,36.5026,36.4791,36.4548,36.4293,36.403,36.3756,36.3474,36.3174,36.2869,36.2555,36.223,36.1891,36.1547,36.119,36.0825,36.0442,36.006,35.9664,35.9253,35.8836,35.8407,35.7967,35.7522,35.7063,35.6597,35.6116,35.5627,35.5131,35.4624,35.4106,35.3577,35.3044,35.2495,35.1936,35.1374,35.0799,35.0214,34.9619,34.9017,34.8403,34.7781,34.7152,34.6517,34.5869,34.5213,34.4551,34.3877,34.3191,34.2502,34.1805,34.1098,34.0384,33.9659,33.8928,33.819,33.7445,33.6688,33.5928,33.5158,33.4377,33.3594,33.2798,33.1999,33.119,33.0376,32.9551,32.8717,32.7878,32.7034,32.6177,32.5313,32.4443,32.3562,32.2674,32.1779,32.0873,31.996,31.9034,31.8104,31.7162,31.6212,31.5244,31.4274,0,0,0,0,0,0,0,0,0,0,0,0,0,0,0,0,0,0,0,0,0,0,0,0,0,0,0,0,0,0,0,0,0,
0,0,0,0,0,0,0,0,0,0,0,0,0,0,0,0,0,0,0,0,0,0,0,0,0,0,0,0,0,0,0,0,0,0,31.9567,32.0549,32.1522,32.2484,32.3433,32.4376,32.5306,32.623,32.7144,32.8049,32.8949,32.9836,33.0713,33.1586,33.245,33.33,33.4151,33.4988,33.5819,33.6646,33.7458,33.8265,33.9068,33.986,34.0645,34.1422,34.2191,34.2946,34.3703,34.4448,34.5184,34.5912,34.663,34.7343,34.8046,34.8738,34.9424,35.0101,35.0773,35.1431,35.2081,35.272,35.3355,35.3978,35.4598,35.5201,35.5794,35.6379,35.6957,35.7527,35.808,35.863,35.917,35.9698,36.0215,36.0725,36.1223,36.1711,36.2186,36.2656,36.3112,36.3561,36.3999,36.4422,36.484,36.5247,36.564,36.6027,36.6404,36.6769,36.7123,36.7468,36.7797,36.8119,36.8433,36.8735,36.9028,36.9307,36.9581,36.9838,37.0088,37.0326,37.0555,37.0773,37.0979,37.118,37.1366,37.1541,37.1706,37.1863,37.2007,37.2144,37.2267,37.2382,37.2482,37.2577,37.266,37.2734,37.2792,37.2845,37.2886,37.2915,37.2936,37.2949,37.2949,37.2936,37.2915,37.2886,37.2845,37.2792,37.2734,37.266,37.2577,37.2482,37.2382,37.2267,37.2144,37.2007,37.1863,37.1706,37.1541,37.1366,37.118,37.0979,37.0773,37.0555,37.0326,37.0088,36.9838,36.9581,36.9307,36.9028,36.8735,36.8433,36.8119,36.7797,36.7468,36.7123,36.6769,36.6404,36.6027,36.564,36.5247,36.484,36.4422,36.3999,36.3561,36.3112,36.2656,36.2186,36.1711,36.1223,36.0725,36.0215,35.9698,35.917,35.863,35.808,35.7527,35.6957,35.6379,35.5794,35.5201,35.4598,35.3978,35.3355,35.272,35.2081,35.1431,35.0773,35.0101,34.9424,34.8738,34.8046,34.7343,34.663,34.5912,34.5184,34.4448,34.3703,34.2946,34.2191,34.1422,34.0645,33.986,33.9068,33.8265,33.7458,33.6646,33.5819,33.4988,33.4151,33.33,33.245,33.1586,33.0713,32.9836,32.8949,32.8049,32.7144,32.623,32.5306,32.4376,32.3433,32.2484,32.1522,32.0549,31.9567,0,0,0,0,0,0,0,0,0,0,0,0,0,0,0,0,0,0,0,0,0,0,0,0,0,0,0,0,0,0,0,0,0,0,
0,0,0,0,0,0,0,0,0,0,0,0,0,0,0,0,0,0,0,0,0,0,0,0,0,0,0,0,0,0,0,0,0,0,0,32.4886,32.5871,32.6856,32.7826,32.8785,32.9736,33.0677,33.1607,33.2532,33.3442,33.4348,33.5245,33.6129,33.7011,33.7885,33.8747,33.9601,34.0446,34.1283,34.2117,34.294,34.3754,34.4559,34.5357,34.6152,34.6931,34.7706,34.8472,34.9232,34.9982,35.0724,35.1456,35.2181,35.2896,35.3604,35.4302,35.4992,35.5672,35.6345,35.7009,35.7663,35.8307,35.8944,35.957,36.0189,36.0791,36.139,36.1981,36.2558,36.3126,36.3687,36.4235,36.4772,36.5299,36.582,36.6327,36.6825,36.731,36.7791,36.8263,36.8713,36.9164,36.9596,37.0025,37.044,37.0844,37.1237,37.1618,37.1992,37.2353,37.2705,37.3047,37.3377,37.3694,37.4004,37.4305,37.4589,37.4868,37.5129,37.5389,37.5634,37.5867,37.6091,37.6299,37.6503,37.6693,37.6873,37.7044,37.7203,37.7352,37.749,37.7619,37.7732,37.7841,37.7937,37.8016,37.8096,37.8154,37.8213,37.825,37.8284,37.8305,37.8313,37.8313,37.8305,37.8284,37.825,37.8213,37.8154,37.8096,37.8016,37.7937,37.7841,37.7732,37.7619,37.749,37.7352,37.7203,37.7044,37.6873,37.6693,37.6503,37.6299,37.6091,37.5867,37.5634,37.5389,37.5129,37.4868,37.4589,37.4305,37.4004,37.3694,37.3377,37.3047,37.2705,37.2353,37.1992,37.1618,37.1237,37.0844,37.044,37.0025,36.9596,36.9164,36.8713,36.8263,36.7791,36.731,36.6825,36.6327,36.582,36.5299,36.4772,36.4235,36.3687,36.3126,36.2558,36.1981,36.139,36.0791,36.0189,35.957,35.8944,35.8307,35.7663,35.7009,35.6345,35.5672,35.4992,35.4302,35.3604,35.2896,35.2181,35.1456,35.0724,34.9982,34.9232,34.8472,34.7706,34.6931,34.6152,34.5357,34.4559,34.3754,34.294,34.2117,34.1283,34.0446,33.9601,33.8747,33.7885,33.7011,33.6129,33.5245,33.4348,33.3442,33.2532,33.1607,33.0677,32.9736,32.8785,32.7826,32.6856,32.5871,32.4886,0,0,0,0,0,0,0,0,0,0,0,0,0,0,0,0,0,0,0,0,0,0,0,0,0,0,0,0,0,0,0,0,0,0,0,
0,0,0,0,0,0,0,0,0,0,0,0,0,0,0,0,0,0,0,0,0,0,0,0,0,0,0,0,0,0,0,0,0,0,0,32.9203,33.0212,33.1219,33.2203,33.3184,33.4157,33.5113,33.6069,33.7005,33.7935,33.8857,33.977,34.0676,34.157,34.2462,34.3337,34.4209,34.5072,34.5928,34.6771,34.7607,34.8437,34.9262,35.0072,35.088,35.1677,35.2462,35.3241,35.4015,35.4778,35.5534,35.6281,35.7019,35.7749,35.8468,35.9179,35.9883,36.0577,36.1258,36.1939,36.2599,36.3262,36.3908,36.4543,36.5176,36.5789,36.6403,36.7003,36.759,36.8169,36.8742,36.9299,36.9852,37.039,37.0915,37.1438,37.1945,37.2444,37.2931,37.3407,37.3875,37.4328,37.4776,37.521,37.5635,37.6048,37.6449,37.6843,37.722,37.7589,37.7952,37.8298,37.8634,37.896,37.9277,37.9583,37.9875,38.016,38.0428,38.0691,38.0944,38.1178,38.1409,38.1629,38.1834,38.2029,38.2214,38.2387,38.2547,38.2703,38.2842,38.2973,38.3091,38.3197,38.3299,38.3387,38.3459,38.3527,38.3578,38.3624,38.3658,38.3679,38.3688,38.3688,38.3679,38.3658,38.3624,38.3578,38.3527,38.3459,38.3387,38.3299,38.3197,38.3091,38.2973,38.2842,38.2703,38.2547,38.2387,38.2214,38.2029,38.1834,38.1629,38.1409,38.1178,38.0944,38.0691,38.0428,38.016,37.9875,37.9583,37.9277,37.896,37.8634,37.8298,37.7952,37.7589,37.722,37.6843,37.6449,37.6048,37.5635,37.521,37.4776,37.4328,37.3875,37.3407,37.2931,37.2444,37.1945,37.1438,37.0915,37.039,36.9852,36.9299,36.8742,36.8169,36.759,36.7003,36.6403,36.5789,36.5176,36.4543,36.3908,36.3262,36.2599,36.1939,36.1258,36.0577,35.9883,35.9179,35.8468,35.7749,35.7019,35.6281,35.5534,35.4778,35.4015,35.3241,35.2462,35.1677,35.088,35.0072,34.9262,34.8437,34.7607,34.6771,34.5928,34.5072,34.4209,34.3337,34.2462,34.157,34.0676,33.977,33.8857,33.7935,33.7005,33.6069,33.5113,33.4157,33.3184,33.2203,33.1219,33.0212,32.9203,0,0,0,0,0,0,0,0,0,0,0,0,0,0,0,0,0,0,0,0,0,0,0,0,0,0,0,0,0,0,0,0,0,0,0,
0,0,0,0,0,0,0,0,0,0,0,0,0,0,0,0,0,0,0,0,0,0,0,0,0,0,0,0,0,0,0,0,0,0,0,0,33.455,33.5571,33.6577,33.7582,33.857,33.9549,34.0517,34.1472,34.2421,34.3361,34.4294,34.5213,34.6124,34.7028,34.7926,34.8814,34.9687,35.0563,35.1424,35.2274,35.3121,35.3956,35.4779,35.5603,35.6414,35.7219,35.8009,35.8798,35.9574,36.0342,36.1103,36.1854,36.26,36.3331,36.4057,36.4772,36.5477,36.6174,36.6862,36.754,36.8213,36.8872,36.9522,37.0164,37.0794,37.1413,37.2023,37.2625,37.3217,37.38,37.4371,37.4928,37.5476,37.6019,37.6549,37.7066,37.7575,37.8073,37.8559,37.9032,37.9498,37.9957,38.0398,38.0829,38.1251,38.1666,38.2067,38.2454,38.2832,38.3198,38.3556,38.39,38.4235,38.4556,38.4864,38.5165,38.5456,38.5736,38.6,38.6257,38.65,38.6734,38.6955,38.7168,38.7364,38.7556,38.7735,38.7901,38.8055,38.8201,38.8333,38.8453,38.8564,38.8666,38.8756,38.8834,38.8902,38.8953,38.9,38.9035,38.9056,38.9065,38.9065,38.9056,38.9035,38.9,38.8953,38.8902,38.8834,38.8756,38.8666,38.8564,38.8453,38.8333,38.8201,38.8055,38.7901,38.7735,38.7556,38.7364,38.7168,38.6955,38.6734,38.65,38.6257,38.6,38.5736,38.5456,38.5165,38.4864,38.4556,38.4235,38.39,38.3556,38.3198,38.2832,38.2454,38.2067,38.1666,38.1251,38.0829,38.0398,37.9957,37.9498,37.9032,37.8559,37.8073,37.7575,37.7066,37.6549,37.6019,37.5476,37.4928,37.4371,37.38,37.3217,37.2625,37.2023,37.1413,37.0794,37.0164,36.9522,36.8872,36.8213,36.754,36.6862,36.6174,36.5477,36.4772,36.4057,36.3331,36.26,36.1854,36.1103,36.0342,35.9574,35.8798,35.8009,35.7219,35.6414,35.5603,35.4779,35.3956,35.3121,35.2274,35.1424,35.0563,34.9687,34.8814,34.7926,34.7028,34.6124,34.5213,34.4294,34.3361,34.2421,34.1472,34.0517,33.9549,33.857,33.7582,33.6577,33.5571,33.455,0,0,0,0,0,0,0,0,0,0,0,0,0,0,0,0,0,0,0,0,0,0,0,0,0,0,0,0,0,0,0,0,0,0,0,0,
0,0,0,0,0,0,0,0,0,0,0,0,0,0,0,0,0,0,0,0,0,0,0,0,0,0,0,0,0,0,0,0,0,0,0,0,0,33.9914,34.0944,34.1964,34.2974,34.3968,34.4954,34.5933,34.6901,34.7858,34.8807,34.9743,35.0674,35.1598,35.251,35.341,35.4307,35.5189,35.607,35.6935,35.7797,35.8651,35.9493,36.0327,36.1152,36.197,36.2778,36.3581,36.4372,36.5155,36.5925,36.669,36.7446,36.8192,36.8932,36.9658,37.038,37.1089,37.1792,37.2484,37.3166,37.3839,37.45,37.5152,37.5795,37.6429,37.7052,37.7662,37.8264,37.8858,37.944,38.0012,38.0572,38.1122,38.1662,38.2189,38.2709,38.3219,38.3717,38.4199,38.4675,38.5139,38.559,38.603,38.6461,38.6881,38.7291,38.7687,38.8078,38.8453,38.8814,38.9168,38.9506,38.9839,39.0155,39.0463,39.0758,39.1042,39.1312,39.1574,39.1824,39.2065,39.2288,39.2508,39.271,39.2905,39.3086,39.3258,39.3414,39.3561,39.3703,39.3824,39.3941,39.4041,39.4132,39.4214,39.428,39.4335,39.4383,39.4414,39.4439,39.4452,39.4452,39.4439,39.4414,39.4383,39.4335,39.428,39.4214,39.4132,39.4041,39.3941,39.3824,39.3703,39.3561,39.3414,39.3258,39.3086,39.2905,39.271,39.2508,39.2288,39.2065,39.1824,39.1574,39.1312,39.1042,39.0758,39.0463,39.0155,38.9839,38.9506,38.9168,38.8814,38.8453,38.8078,38.7687,38.7291,38.6881,38.6461,38.603,38.559,38.5139,38.4675,38.4199,38.3717,38.3219,38.2709,38.2189,38.1662,38.1122,38.0572,38.0012,37.944,37.8858,37.8264,37.7662,37.7052,37.6429,37.5795,37.5152,37.45,37.3839,37.3166,37.2484,37.1792,37.1089,37.038,36.9658,36.8932,36.8192,36.7446,36.669,36.5925,36.5155,36.4372,36.3581,36.2778,36.197,36.1152,36.0327,35.9493,35.8651,35.7797,35.6935,35.607,35.5189,35.4307,35.341,35.251,35.1598,35.0674,34.9743,34.8807,34.7858,34.6901,34.5933,34.4954,34.3968,34.2974,34.1964,34.0944,33.9914,0,0,0,0,0,0,0,0,0,0,0,0,0,0,0,0,0,0,0,0,0,0,0,0,0,0,0,0,0,0,0,0,0,0,0,0,0,
0,0,0,0,0,0,0,0,0,0,0,0,0,0,0,0,0,0,0,0,0,0,0,0,0,0,0,0,0,0,0,0,0,0,0,0,0,34.4246,34.5299,34.6339,34.7369,34.8384,34.9391,35.0386,35.1375,35.2347,35.3316,35.4273,35.5217,35.6161,35.7084,35.8007,35.8913,35.9819,36.0711,36.1599,36.2474,36.3339,36.4198,36.5048,36.5887,36.6718,36.7542,36.8356,36.9165,36.9962,37.0749,37.1527,37.2296,37.3057,37.3809,37.4552,37.5281,37.6004,37.672,37.7423,37.8119,37.8803,37.9478,38.0145,38.0797,38.1439,38.2073,38.2701,38.3315,38.3922,38.4512,38.5093,38.5669,38.6226,38.6779,38.7319,38.7849,38.8366,38.8872,38.9365,38.9851,39.0325,39.079,39.1239,39.1677,39.2104,39.2525,39.2928,39.3325,39.3703,39.4074,39.4436,39.4786,39.5122,39.5447,39.5759,39.6063,39.6354,39.6631,39.6897,39.7157,39.7396,39.7632,39.785,39.8059,39.826,39.8447,39.8618,39.8784,39.8933,39.9073,39.92,39.9314,39.9419,39.9515,39.9598,39.9664,39.9725,39.9769,39.9805,39.983,39.9839,39.9839,39.983,39.9805,39.9769,39.9725,39.9664,39.9598,39.9515,39.9419,39.9314,39.92,39.9073,39.8933,39.8784,39.8618,39.8447,39.826,39.8059,39.785,39.7632,39.7396,39.7157,39.6897,39.6631,39.6354,39.6063,39.5759,39.5447,39.5122,39.4786,39.4436,39.4074,39.3703,39.3325,39.2928,39.2525,39.2104,39.1677,39.1239,39.079,39.0325,38.9851,38.9365,38.8872,38.8366,38.7849,38.7319,38.6779,38.6226,38.5669,38.5093,38.4512,38.3922,38.3315,38.2701,38.2073,38.1439,38.0797,38.0145,37.9478,37.8803,37.8119,37.7423,37.672,37.6004,37.5281,37.4552,37.3809,37.3057,37.2296,37.1527,37.0749,36.9962,36.9165,36.8356,36.7542,36.6718,36.5887,36.5048,36.4198,36.3339,36.2474,36.1599,36.0711,35.9819,35.8913,35.8007,35.7084,35.6161,35.5217,35.4273,35.3316,35.2347,35.1375,35.0386,34.9391,34.8384,34.7369,34.6339,34.5299,34.4246,0,0,0,0,0,0,0,0,0,0,0,0,0,0,0,0,0,0,0,0,0,0,0,0,0,0,0,0,0,0,0,0,0,0,0,0,0,
0,0,0,0,0,0,0,0,0,0,0,0,0,0,0,0,0,0,0,0,0,0,0,0,0,0,0,0,0,0,0,0,0,0,0,0,0,0,34.9646,35.0704,35.1752,35.2792,35.3818,35.4836,35.5836,35.6832,35.7817,35.8793,35.9756,36.0713,36.1661,36.2593,36.3523,36.4444,36.5355,36.6252,36.7145,36.8025,36.89,36.9765,37.0622,37.1466,37.2303,37.3138,37.3954,37.4769,37.5569,37.6358,37.7145,37.7916,37.8686,37.9437,38.0188,38.0923,38.1651,38.2366,38.3073,38.3769,38.4455,38.5134,38.5802,38.6463,38.7105,38.774,38.8367,38.8984,38.9587,39.0185,39.0767,39.1335,39.1896,39.245,39.2985,39.3516,39.4031,39.4539,39.5031,39.5515,39.599,39.6449,39.6899,39.7336,39.7762,39.817,39.8575,39.8963,39.9346,39.9713,40.0067,40.0413,40.0745,40.1065,40.1373,40.1671,40.1957,40.2229,40.2489,40.274,40.2978,40.3203,40.3415,40.3618,40.3812,40.3985,40.4153,40.4308,40.445,40.4582,40.4702,40.4808,40.4902,40.4986,40.5056,40.5114,40.5167,40.5199,40.5221,40.5234,40.5234,40.5221,40.5199,40.5167,40.5114,40.5056,40.4986,40.4902,40.4808,40.4702,40.4582,40.445,40.4308,40.4153,40.3985,40.3812,40.3618,40.3415,40.3203,40.2978,40.274,40.2489,40.2229,40.1957,40.1671,40.1373,40.1065,40.0745,40.0413,40.0067,39.9713,39.9346,39.8963,39.8575,39.817,39.7762,39.7336,39.6899,39.6449,39.599,39.5515,39.5031,39.4539,39.4031,39.3516,39.2985,39.245,39.1896,39.1335,39.0767,39.0185,38.9587,38.8984,38.8367,38.774,38.7105,38.6463,38.5802,38.5134,38.4455,38.3769,38.3073,38.2366,38.1651,38.0923,38.0188,37.9437,37.8686,37.7916,37.7145,37.6358,37.5569,37.4769,37.3954,37.3138,37.2303,37.1466,37.0622,36.9765,36.89,36.8025,36.7145,36.6252,36.5355,36.4444,36.3523,36.2593,36.1661,36.0713,35.9756,35.8793,35.7817,35.6832,35.5836,35.4836,35.3818,35.2792,35.1752,35.0704,34.9646,0,0,0,0,0,0,0,0,0,0,0,0,0,0,0,0,0,0,0,0,0,0,0,0,0,0,0,0,0,0,0,0,0,0,0,0,0,0,
0,0,0,0,0,0,0,0,0,0,0,0,0,0,0,0,0,0,0,0,0,0,0,0,0,0,0,0,0,0,0,0,0,0,0,0,0,0,0,35.5059,35.613,35.7189,35.8235,35.9268,36.0293,36.1307,36.2313,36.3304,36.4287,36.5263,36.6225,36.7182,36.8126,36.9059,36.9989,37.0903,37.1815,37.2713,37.3599,37.448,37.5352,37.6214,37.7065,37.7908,37.8745,37.9572,38.0384,38.1194,38.1994,38.2783,38.3556,38.433,38.5091,38.5839,38.6581,38.7306,38.8026,38.8738,38.9441,39.0132,39.0811,39.1476,39.2135,39.2785,39.3421,39.4048,39.4668,39.5269,39.5862,39.6451,39.7019,39.7583,39.8127,39.8671,39.9194,39.9711,40.0218,40.0712,40.1193,40.1657,40.2118,40.2565,40.3,40.3423,40.3832,40.4233,40.4618,40.4993,40.5355,40.5709,40.605,40.6374,40.669,40.6995,40.7284,40.7561,40.7832,40.8086,40.8327,40.856,40.8778,40.8983,40.918,40.9363,40.953,40.9691,40.9834,40.9969,41.009,41.0197,41.0296,41.0381,41.0457,41.0516,41.0565,41.0601,41.0624,41.0637,41.0637,41.0624,41.0601,41.0565,41.0516,41.0457,41.0381,41.0296,41.0197,41.009,40.9969,40.9834,40.9691,40.953,40.9363,40.918,40.8983,40.8778,40.856,40.8327,40.8086,40.7832,40.7561,40.7284,40.6995,40.669,40.6374,40.605,40.5709,40.5355,40.4993,40.4618,40.4233,40.3832,40.3423,40.3,40.2565,40.2118,40.1657,40.1193,40.0712,40.0218,39.9711,39.9194,39.8671,39.8127,39.7583,39.7019,39.6451,39.5862,39.5269,39.4668,39.4048,39.3421,39.2785,39.2135,39.1476,39.0811,39.0132,38.9441,38.8738,38.8026,38.7306,38.6581,38.5839,38.5091,38.433,38.3556,38.2783,38.1994,38.1194,38.0384,37.9572,37.8745,37.7908,37.7065,37.6214,37.5352,37.448,37.3599,37.2713,37.1815,37.0903,36.9989,36.9059,36.8126,36.7182,36.6225,36.5263,36.4287,36.3304,36.2313,36.1307,36.0293,35.9268,35.8235,35.7189,35.613,35.5059,0,0,0,0,0,0,0,0,0,0,0,0,0,0,0,0,0,0,0,0,0,0,0,0,0,0,0,0,0,0,0,0,0,0,0,0,0,0,0,
0,0,0,0,0,0,0,0,0,0,0,0,0,0,0,0,0,0,0,0,0,0,0,0,0,0,0,0,0,0,0,0,0,0,0,0,0,0,0,0,36.0494,36.1576,36.264,36.3696,36.4741,36.5775,36.6802,36.7811,36.8816,36.9805,37.0788,37.1764,37.2721,37.3677,37.4615,37.5553,37.6475,37.7391,37.8298,37.9193,38.008,38.0957,38.1826,38.2686,38.3533,38.4375,38.5206,38.6027,38.6837,38.7644,38.8438,38.9218,38.9992,39.0753,39.1506,39.2251,39.2986,39.371,39.442,39.5126,39.5817,39.6497,39.7167,39.7828,39.8478,39.9119,39.9747,40.0362,40.0968,40.1561,40.2144,40.2716,40.3278,40.3825,40.4362,40.4889,40.5401,40.5906,40.6397,40.6879,40.7341,40.7802,40.8244,40.8675,40.909,40.95,40.9894,41.0281,41.0653,41.1011,41.1353,41.1689,41.2013,41.2323,41.2619,41.2907,41.3175,41.344,41.3684,41.3923,41.4145,41.4357,41.4556,41.4742,41.4915,41.5077,41.5223,41.5359,41.549,41.5599,41.5695,41.5781,41.5858,41.5918,41.5972,41.6008,41.6031,41.6049,41.6049,41.6031,41.6008,41.5972,41.5918,41.5858,41.5781,41.5695,41.5599,41.549,41.5359,41.5223,41.5077,41.4915,41.4742,41.4556,41.4357,41.4145,41.3923,41.3684,41.344,41.3175,41.2907,41.2619,41.2323,41.2013,41.1689,41.1353,41.1011,41.0653,41.0281,40.9894,40.95,40.909,40.8675,40.8244,40.7802,40.7341,40.6879,40.6397,40.5906,40.5401,40.4889,40.4362,40.3825,40.3278,40.2716,40.2144,40.1561,40.0968,40.0362,39.9747,39.9119,39.8478,39.7828,39.7167,39.6497,39.5817,39.5126,39.442,39.371,39.2986,39.2251,39.1506,39.0753,38.9992,38.9218,38.8438,38.7644,38.6837,38.6027,38.5206,38.4375,38.3533,38.2686,38.1826,38.0957,38.008,37.9193,37.8298,37.7391,37.6475,37.5553,37.4615,37.3677,37.2721,37.1764,37.0788,36.9805,36.8816,36.7811,36.6802,36.5775,36.4741,36.3696,36.264,36.1576,36.0494,0,0,0,0,0,0,0,0,0,0,0,0,0,0,0,0,0,0,0,0,0,0,0,0,0,0,0,0,0,0,0,0,0,0,0,0,0,0,0,0,
0,0,0,0,0,0,0,0,0,0,0,0,0,0,0,0,0,0,0,0,0,0,0,0,0,0,0,0,0,0,0,0,0,0,0,0,0,0,0,0,0,36.5952,36.7039,36.8119,36.9184,37.0237,37.1281,37.2312,37.3333,37.4342,37.5346,37.6335,37.7314,37.8287,37.9243,38.0197,38.1136,38.2067,38.2991,38.39,38.4806,38.5699,38.6579,38.7459,38.8322,38.9183,39.0022,39.086,39.1689,39.2503,39.3311,39.411,39.4897,39.5669,39.6438,39.7195,39.7941,39.8681,39.9403,40.0121,40.0827,40.1523,40.2205,40.2874,40.3535,40.4188,40.4827,40.5453,40.6073,40.668,40.7272,40.7856,40.843,40.8987,40.9536,41.0068,41.0596,41.1111,41.1609,41.2098,41.2575,41.3038,41.3493,41.393,41.4358,41.4778,41.5176,41.5573,41.595,41.6317,41.667,41.7008,41.7339,41.7654,41.7959,41.825,41.8529,41.8798,41.9049,41.9292,41.952,41.9735,41.9937,42.0129,42.0308,42.0469,42.0625,42.0763,42.0887,42.1002,42.1103,42.1195,42.1273,42.1333,42.1383,42.142,42.1448,42.1461,42.1461,42.1448,42.142,42.1383,42.1333,42.1273,42.1195,42.1103,42.1002,42.0887,42.0763,42.0625,42.0469,42.0308,42.0129,41.9937,41.9735,41.952,41.9292,41.9049,41.8798,41.8529,41.825,41.7959,41.7654,41.7339,41.7008,41.667,41.6317,41.595,41.5573,41.5176,41.4778,41.4358,41.393,41.3493,41.3038,41.2575,41.2098,41.1609,41.1111,41.0596,41.0068,40.9536,40.8987,40.843,40.7856,40.7272,40.668,40.6073,40.5453,40.4827,40.4188,40.3535,40.2874,40.2205,40.1523,40.0827,40.0121,39.9403,39.8681,39.7941,39.7195,39.6438,39.5669,39.4897,39.411,39.3311,39.2503,39.1689,39.086,39.0022,38.9183,38.8322,38.7459,38.6579,38.5699,38.4806,38.39,38.2991,38.2067,38.1136,38.0197,37.9243,37.8287,37.7314,37.6335,37.5346,37.4342,37.3333,37.2312,37.1281,37.0237,36.9184,36.8119,36.7039,36.5952,0,0,0,0,0,0,0,0,0,0,0,0,0,0,0,0,0,0,0,0,0,0,0,0,0,0,0,0,0,0,0,0,0,0,0,0,0,0,0,0,0,
0,0,0,0,0,0,0,0,0,0,0,0,0,0,0,0,0,0,0,0,0,0,0,0,0,0,0,0,0,0,0,0,0,0,0,0,0,0,0,0,0,37.0319,37.1428,37.2524,37.3614,37.4687,37.5752,37.6804,37.7845,37.8872,37.9891,38.09,38.1898,38.2889,38.387,38.4838,38.5793,38.6744,38.7683,38.8609,38.9527,39.0437,39.1336,39.2229,39.311,39.398,39.4841,39.5692,39.6533,39.7367,39.8187,39.8999,39.9798,40.0591,40.1371,40.2142,40.2903,40.3651,40.4389,40.5122,40.5838,40.6543,40.7241,40.7924,40.8598,40.9263,40.9911,41.0553,41.1184,41.1802,41.2405,41.3,41.358,41.4153,41.4709,41.5258,41.5795,41.6318,41.6826,41.7322,41.7813,41.8283,41.8747,41.9198,41.9632,42.0054,42.0469,42.0864,42.1257,42.1629,42.1992,42.2338,42.2674,42.2996,42.3306,42.3604,42.3891,42.416,42.4418,42.4664,42.49,42.5118,42.5326,42.5521,42.5702,42.587,42.6027,42.6167,42.6298,42.6418,42.652,42.6609,42.6688,42.6753,42.6805,42.6846,42.687,42.6884,42.6884,42.687,42.6846,42.6805,42.6753,42.6688,42.6609,42.652,42.6418,42.6298,42.6167,42.6027,42.587,42.5702,42.5521,42.5326,42.5118,42.49,42.4664,42.4418,42.416,42.3891,42.3604,42.3306,42.2996,42.2674,42.2338,42.1992,42.1629,42.1257,42.0864,42.0469,42.0054,41.9632,41.9198,41.8747,41.8283,41.7813,41.7322,41.6826,41.6318,41.5795,41.5258,41.4709,41.4153,41.358,41.3,41.2405,41.1802,41.1184,41.0553,40.9911,40.9263,40.8598,40.7924,40.7241,40.6543,40.5838,40.5122,40.4389,40.3651,40.2903,40.2142,40.1371,40.0591,39.9798,39.8999,39.8187,39.7367,39.6533,39.5692,39.4841,39.398,39.311,39.2229,39.1336,39.0437,38.9527,38.8609,38.7683,38.6744,38.5793,38.4838,38.387,38.2889,38.1898,38.09,37.9891,37.8872,37.7845,37.6804,37.5752,37.4687,37.3614,37.2524,37.1428,37.0319,0,0,0,0,0,0,0,0,0,0,0,0,0,0,0,0,0,0,0,0,0,0,0,0,0,0,0,0,0,0,0,0,0,0,0,0,0,0,0,0,0,
0,0,0,0,0,0,0,0,0,0,0,0,0,0,0,0,0,0,0,0,0,0,0,0,0,0,0,0,0,0,0,0,0,0,0,0,0,0,0,0,0,0,37.5801,37.6923,37.8032,37.913,38.0215,38.1286,38.2344,38.3395,38.4436,38.5465,38.6481,38.7488,38.8484,38.947,39.0445,39.1411,39.2368,39.3313,39.425,39.5173,39.6093,39.6997,39.7895,39.8776,39.9658,40.0525,40.1379,40.2228,40.306,40.3887,40.4701,40.5506,40.6304,40.7087,40.7861,40.8628,40.9377,41.012,41.0852,41.1566,41.2283,41.2976,41.3665,41.4334,41.5,41.5652,41.6295,41.6921,41.7542,41.8146,41.8742,41.9322,41.9891,42.0447,42.0996,42.1529,42.2049,42.2556,42.3052,42.3533,42.4007,42.4465,42.491,42.534,42.5761,42.617,42.6565,42.6946,42.7313,42.7671,42.8013,42.8343,42.866,42.896,42.9255,42.953,42.9797,43.0049,43.0285,43.051,43.0721,43.0919,43.1106,43.128,43.1436,43.1586,43.1718,43.1836,43.194,43.2034,43.2114,43.2184,43.2232,43.2274,43.2302,43.2316,43.2316,43.2302,43.2274,43.2232,43.2184,43.2114,43.2034,43.194,43.1836,43.1718,43.1586,43.1436,43.128,43.1106,43.0919,43.0721,43.051,43.0285,43.0049,42.9797,42.953,42.9255,42.896,42.866,42.8343,42.8013,42.7671,42.7313,42.6946,42.6565,42.617,42.5761,42.534,42.491,42.4465,42.4007,42.3533,42.3052,42.2556,42.2049,42.1529,42.0996,42.0447,41.9891,41.9322,41.8742,41.8146,41.7542,41.6921,41.6295,41.5652,41.5,41.4334,41.3665,41.2976,41.2283,41.1566,41.0852,41.012,40.9377,40.8628,40.7861,40.7087,40.6304,40.5506,40.4701,40.3887,40.306,40.2228,40.1379,40.0525,39.9658,39.8776,39.7895,39.6997,39.6093,39.5173,39.425,39.3313,39.2368,39.1411,39.0445,38.947,38.8484,38.7488,38.6481,38.5465,38.4436,38.3395,38.2344,38.1286,38.0215,37.913,37.8032,37.6923,37.5801,0,0,0,0,0,0,0,0,0,0,0,0,0,0,0,0,0,0,0,0,0,0,0,0,0,0,0,0,0,0,0,0,0,0,0,0,0,0,0,0,0,0,
0,0,0,0,0,0,0,0,0,0,0,0,0,0,0,0,0,0,0,0,0,0,0,0,0,0,0,0,0,0,0,0,0,0,0,0,0,0,0,0,0,0,0,38.1309,38.2445,38.3564,38.4666,38.5758,38.6843,38.7909,38.8971,39.0019,39.1055,39.208,39.3095,39.4098,39.5091,39.6079,39.7053,39.8014,39.8963,39.9911,40.0842,40.1762,40.2678,40.358,40.4473,40.5354,40.6224,40.7083,40.7938,40.8778,40.9607,41.0426,41.1236,41.2036,41.2822,41.3603,41.4366,41.5123,41.5865,41.66,41.732,41.8028,41.873,41.9419,42.0095,42.0756,42.1414,42.2053,42.2681,42.3298,42.3905,42.4495,42.5075,42.5644,42.62,42.6741,42.7273,42.7795,42.8298,42.879,42.927,42.9738,43.0193,43.0635,43.1061,43.1479,43.1883,43.2269,43.2646,43.3009,43.3363,43.3694,43.402,43.4332,43.4626,43.491,43.518,43.5437,43.5683,43.5911,43.6126,43.633,43.652,43.6696,43.6858,43.7006,43.714,43.7264,43.7373,43.7465,43.7546,43.7617,43.767,43.7712,43.7737,43.7751,43.7751,43.7737,43.7712,43.767,43.7617,43.7546,43.7465,43.7373,43.7264,43.714,43.7006,43.6858,43.6696,43.652,43.633,43.6126,43.5911,43.5683,43.5437,43.518,43.491,43.4626,43.4332,43.402,43.3694,43.3363,43.3009,43.2646,43.2269,43.1883,43.1479,43.1061,43.0635,43.0193,42.9738,42.927,42.879,42.8298,42.7795,42.7273,42.6741,42.62,42.5644,42.5075,42.4495,42.3905,42.3298,42.2681,42.2053,42.1414,42.0756,42.0095,41.9419,41.873,41.8028,41.732,41.66,41.5865,41.5123,41.4366,41.3603,41.2822,41.2036,41.1236,41.0426,40.9607,40.8778,40.7938,40.7083,40.6224,40.5354,40.4473,40.358,40.2678,40.1762,40.0842,39.9911,39.8963,39.8014,39.7053,39.6079,39.5091,39.4098,39.3095,39.208,39.1055,39.0019,38.8971,38.7909,38.6843,38.5758,38.4666,38.3564,38.2445,38.1309,0,0,0,0,0,0,0,0,0,0,0,0,0,0,0,0,0,0,0,0,0,0,0,0,0,0,0,0,0,0,0,0,0,0,0,0,0,0,0,0,0,0,0,
0,0,0,0,0,0,0,0,0,0,0,0,0,0,0,0,0,0,0,0,0,0,0,0,0,0,0,0,0,0,0,0,0,0,0,0,0,0,0,0,0,0,0,0,38.6842,38.7983,38.9108,39.0227,39.133,39.242,39.3499,39.4565,39.5624,39.6666,39.77,39.8722,39.9738,40.0737,40.173,40.2709,40.3679,40.464,40.5591,40.6527,40.7455,40.8377,40.928,41.0184,41.107,41.1946,41.2809,41.367,41.4511,41.5346,41.6171,41.6983,41.7784,41.8577,41.9358,42.0125,42.0888,42.1629,42.2363,42.3089,42.3803,42.4501,42.5187,42.5863,42.6534,42.7187,42.7825,42.8455,42.907,42.9672,43.0266,43.0845,43.1411,43.1962,43.2505,43.3035,43.355,43.4051,43.454,43.5019,43.548,43.593,43.6372,43.6792,43.7205,43.7601,43.7988,43.8356,43.8715,43.9054,43.9388,43.9705,44.0008,44.0295,44.0574,44.0838,44.1083,44.1319,44.154,44.1747,44.194,44.2119,44.2284,44.2438,44.2573,44.2699,44.281,44.2907,44.2989,44.3061,44.3114,44.3158,44.3186,44.3197,44.3197,44.3186,44.3158,44.3114,44.3061,44.2989,44.2907,44.281,44.2699,44.2573,44.2438,44.2284,44.2119,44.194,44.1747,44.154,44.1319,44.1083,44.0838,44.0574,44.0295,44.0008,43.9705,43.9388,43.9054,43.8715,43.8356,43.7988,43.7601,43.7205,43.6792,43.6372,43.593,43.548,43.5019,43.454,43.4051,43.355,43.3035,43.2505,43.1962,43.1411,43.0845,43.0266,42.9672,42.907,42.8455,42.7825,42.7187,42.6534,42.5863,42.5187,42.4501,42.3803,42.3089,42.2363,42.1629,42.0888,42.0125,41.9358,41.8577,41.7784,41.6983,41.6171,41.5346,41.4511,41.367,41.2809,41.1946,41.107,41.0184,40.928,40.8377,40.7455,40.6527,40.5591,40.464,40.3679,40.2709,40.173,40.0737,39.9738,39.8722,39.77,39.6666,39.5624,39.4565,39.3499,39.242,39.133,39.0227,38.9108,38.7983,38.6842,0,0,0,0,0,0,0,0,0,0,0,0,0,0,0,0,0,0,0,0,0,0,0,0,0,0,0,0,0,0,0,0,0,0,0,0,0,0,0,0,0,0,0,0,
0,0,0,0,0,0,0,0,0,0,0,0,0,0,0,0,0,0,0,0,0,0,0,0,0,0,0,0,0,0,0,0,0,0,0,0,0,0,0,0,0,0,0,0,0,39.2392,39.3541,39.468,39.5805,39.6917,39.8015,39.9107,40.0182,40.1243,40.2302,40.3343,40.4375,40.5394,40.6405,40.7401,40.8393,40.9371,41.0333,41.1292,41.2236,41.3173,41.4096,41.5008,41.5911,41.6805,41.7683,41.8557,41.9419,42.027,42.1103,42.1933,42.2751,42.3556,42.435,42.5133,42.5901,42.6663,42.7413,42.8146,42.8874,42.9585,43.0288,43.098,43.1656,43.2318,43.2971,43.3614,43.4238,43.4854,43.546,43.6048,43.6626,43.7191,43.7745,43.8281,43.8808,43.9317,43.9821,44.0305,44.0777,44.1239,44.1684,44.2117,44.2533,44.2938,44.3334,44.3712,44.4075,44.4424,44.4759,44.5088,44.5394,44.5691,44.5973,44.6241,44.6494,44.6733,44.6957,44.7172,44.7368,44.7553,44.772,44.7876,44.8018,44.8145,44.8258,44.836,44.8443,44.8512,44.8571,44.861,44.864,44.8654,44.8654,44.864,44.861,44.8571,44.8512,44.8443,44.836,44.8258,44.8145,44.8018,44.7876,44.772,44.7553,44.7368,44.7172,44.6957,44.6733,44.6494,44.6241,44.5973,44.5691,44.5394,44.5088,44.4759,44.4424,44.4075,44.3712,44.3334,44.2938,44.2533,44.2117,44.1684,44.1239,44.0777,44.0305,43.9821,43.9317,43.8808,43.8281,43.7745,43.7191,43.6626,43.6048,43.546,43.4854,43.4238,43.3614,43.2971,43.2318,43.1656,43.098,43.0288,42.9585,42.8874,42.8146,42.7413,42.6663,42.5901,42.5133,42.435,42.3556,42.2751,42.1933,42.1103,42.027,41.9419,41.8557,41.7683,41.6805,41.5911,41.5008,41.4096,41.3173,41.2236,41.1292,41.0333,40.9371,40.8393,40.7401,40.6405,40.5394,40.4375,40.3343,40.2302,40.1243,40.0182,39.9107,39.8015,39.6917,39.5805,39.468,39.3541,39.2392,0,0,0,0,0,0,0,0,0,0,0,0,0,0,0,0,0,0,0,0,0,0,0,0,0,0,0,0,0,0,0,0,0,0,0,0,0,0,0,0,0,0,0,0,0,
0,0,0,0,0,0,0,0,0,0,0,0,0,0,0,0,0,0,0,0,0,0,0,0,0,0,0,0,0,0,0,0,0,0,0,0,0,0,0,0,0,0,0,0,0,0,39.7963,39.9123,40.027,40.1403,40.2527,40.3636,40.4732,40.5817,40.6893,40.7954,40.9006,41.0045,41.1072,41.2091,41.3099,41.4089,41.5078,41.6048,41.7013,41.7964,41.8905,41.9837,42.0755,42.1664,42.2563,42.3447,42.4326,42.5188,42.6042,42.6885,42.7719,42.8536,42.9345,43.0141,43.0926,43.1703,43.2465,43.3211,43.3953,43.4677,43.5393,43.6093,43.6785,43.746,43.8123,43.8777,43.9419,44.0043,44.0662,44.1263,44.1849,44.2426,44.2989,44.3534,44.4073,44.4593,44.5104,44.5597,44.608,44.6552,44.7006,44.7447,44.7875,44.8288,44.8685,44.9072,44.9445,44.9799,45.0148,45.0473,45.0792,45.1093,45.1379,45.165,45.1912,45.2154,45.239,45.2603,45.2806,45.2994,45.3163,45.3326,45.3466,45.3599,45.3717,45.3817,45.3905,45.3971,45.4035,45.4075,45.4105,45.412,45.412,45.4105,45.4075,45.4035,45.3971,45.3905,45.3817,45.3717,45.3599,45.3466,45.3326,45.3163,45.2994,45.2806,45.2603,45.239,45.2154,45.1912,45.165,45.1379,45.1093,45.0792,45.0473,45.0148,44.9799,44.9445,44.9072,44.8685,44.8288,44.7875,44.7447,44.7006,44.6552,44.608,44.5597,44.5104,44.4593,44.4073,44.3534,44.2989,44.2426,44.1849,44.1263,44.0662,44.0043,43.9419,43.8777,43.8123,43.746,43.6785,43.6093,43.5393,43.4677,43.3953,43.3211,43.2465,43.1703,43.0926,43.0141,42.9345,42.8536,42.7719,42.6885,42.6042,42.5188,42.4326,42.3447,42.2563,42.1664,42.0755,41.9837,41.8905,41.7964,41.7013,41.6048,41.5078,41.4089,41.3099,41.2091,41.1072,41.0045,40.9006,40.7954,40.6893,40.5817,40.4732,40.3636,40.2527,40.1403,40.027,39.9123,39.7963,0,0,0,0,0,0,0,0,0,0,0,0,0,0,0,0,0,0,0,0,0,0,0,0,0,0,0,0,0,0,0,0,0,0,0,0,0,0,0,0,0,0,0,0,0,0,
0,0,0,0,0,0,0,0,0,0,0,0,0,0,0,0,0,0,0,0,0,0,0,0,0,0,0,0,0,0,0,0,0,0,0,0,0,0,0,0,0,0,0,0,0,0,0,40.3556,40.4724,40.5886,40.7026,40.8159,40.928,41.0384,41.1478,41.256,41.3634,41.4686,41.5737,41.6777,41.7797,41.8813,41.9814,42.0807,42.1785,42.2756,42.3712,42.4659,42.5598,42.6525,42.7437,42.8338,42.9226,43.0112,43.098,43.184,43.2684,43.352,43.4342,43.5153,43.5951,43.6738,43.7515,43.8281,43.903,43.9771,44.0498,44.1212,44.1914,44.2606,44.3284,44.3949,44.46,44.5242,44.5861,44.648,44.7078,44.7665,44.8237,44.8798,44.9344,44.9873,45.0395,45.0903,45.1389,45.1868,45.2334,45.2781,45.3221,45.3643,45.405,45.4442,45.4821,45.5189,45.5537,45.5877,45.6196,45.6506,45.68,45.7079,45.7341,45.7591,45.7826,45.8047,45.8252,45.8443,45.8619,45.878,45.893,45.9061,45.9181,45.9282,45.9372,45.9447,45.9503,45.9548,45.9578,45.9593,45.9593,45.9578,45.9548,45.9503,45.9447,45.9372,45.9282,45.9181,45.9061,45.893,45.878,45.8619,45.8443,45.8252,45.8047,45.7826,45.7591,45.7341,45.7079,45.68,45.6506,45.6196,45.5877,45.5537,45.5189,45.4821,45.4442,45.405,45.3643,45.3221,45.2781,45.2334,45.1868,45.1389,45.0903,45.0395,44.9873,44.9344,44.8798,44.8237,44.7665,44.7078,44.648,44.5861,44.5242,44.46,44.3949,44.3284,44.2606,44.1914,44.1212,44.0498,43.9771,43.903,43.8281,43.7515,43.6738,43.5951,43.5153,43.4342,43.352,43.2684,43.184,43.098,43.0112,42.9226,42.8338,42.7437,42.6525,42.5598,42.4659,42.3712,42.2756,42.1785,42.0807,41.9814,41.8813,41.7797,41.6777,41.5737,41.4686,41.3634,41.256,41.1478,41.0384,40.928,40.8159,40.7026,40.5886,40.4724,40.3556,0,0,0,0,0,0,0,0,0,0,0,0,0,0,0,0,0,0,0,0,0,0,0,0,0,0,0,0,0,0,0,0,0,0,0,0,0,0,0,0,0,0,0,0,0,0,0,
0,0,0,0,0,0,0,0,0,0,0,0,0,0,0,0,0,0,0,0,0,0,0,0,0,0,0,0,0,0,0,0,0,0,0,0,0,0,0,0,0,0,0,0,0,0,0,0,40.9168,41.0349,41.1515,41.2672,41.3813,41.4937,41.6056,41.7161,41.8251,41.9329,42.0396,42.1452,42.2497,42.3526,42.4548,42.5559,42.6556,42.7545,42.8522,42.9484,43.0439,43.1379,43.231,43.3228,43.4137,43.5034,43.5913,43.6794,43.7648,43.85,43.9341,44.0167,44.0981,44.1781,44.2573,44.3347,44.4115,44.4868,44.561,44.6336,44.7052,44.7755,44.8447,44.9121,44.9786,45.044,45.1074,45.17,45.2309,45.2909,45.3493,45.4062,45.4622,45.5163,45.5693,45.621,45.671,45.7198,45.767,45.8132,45.8575,45.9003,45.9421,45.9819,46.0207,46.0581,46.0939,46.1282,46.1611,46.1925,46.2224,46.2509,46.2777,46.3035,46.3274,46.3498,46.3707,46.3904,46.4083,46.425,46.4398,46.4535,46.4658,46.4764,46.4851,46.4928,46.4989,46.503,46.5065,46.508,46.508,46.5065,46.503,46.4989,46.4928,46.4851,46.4764,46.4658,46.4535,46.4398,46.425,46.4083,46.3904,46.3707,46.3498,46.3274,46.3035,46.2777,46.2509,46.2224,46.1925,46.1611,46.1282,46.0939,46.0581,46.0207,45.9819,45.9421,45.9003,45.8575,45.8132,45.767,45.7198,45.671,45.621,45.5693,45.5163,45.4622,45.4062,45.3493,45.2909,45.2309,45.17,45.1074,45.044,44.9786,44.9121,44.8447,44.7755,44.7052,44.6336,44.561,44.4868,44.4115,44.3347,44.2573,44.1781,44.0981,44.0167,43.9341,43.85,43.7648,43.6794,43.5913,43.5034,43.4137,43.3228,43.231,43.1379,43.0439,42.9484,42.8522,42.7545,42.6556,42.5559,42.4548,42.3526,42.2497,42.1452,42.0396,41.9329,41.8251,41.7161,41.6056,41.4937,41.3813,41.2672,41.1515,41.0349,40.9168,0,0,0,0,0,0,0,0,0,0,0,0,0,0,0,0,0,0,0,0,0,0,0,0,0,0,0,0,0,0,0,0,0,0,0,0,0,0,0,0,0,0,0,0,0,0,0,0,
0,0,0,0,0,0,0,0,0,0,0,0,0,0,0,0,0,0,0,0,0,0,0,0,0,0,0,0,0,0,0,0,0,0,0,0,0,0,0,0,0,0,0,0,0,0,0,0,0,41.4803,41.5996,41.7175,41.8338,41.9485,42.0624,42.1752,42.2861,42.396,42.5049,42.6129,42.7188,42.8242,42.9281,43.0308,43.1329,43.2333,43.3325,43.4309,43.5276,43.6235,43.7182,43.8117,43.9045,43.9954,44.0855,44.1748,44.2622,44.3486,44.4343,44.5183,44.6013,44.6827,44.7632,44.8424,44.9201,44.9972,45.0726,45.1471,45.2195,45.2911,45.3613,45.4305,45.4983,45.5647,45.6295,45.6933,45.7555,45.8163,45.8756,45.934,45.9908,46.0461,46.1001,46.1528,46.2033,46.2532,46.3011,46.3484,46.3933,46.4372,46.4796,46.5206,46.5604,46.5983,46.6347,46.67,46.7034,46.7357,46.766,46.7953,46.8226,46.8488,46.873,46.8961,46.9174,46.9374,46.956,46.973,46.988,47.0019,47.0143,47.0252,47.034,47.0418,47.0484,47.0526,47.0561,47.0577,47.0577,47.0561,47.0526,47.0484,47.0418,47.034,47.0252,47.0143,47.0019,46.988,46.973,46.956,46.9374,46.9174,46.8961,46.873,46.8488,46.8226,46.7953,46.766,46.7357,46.7034,46.67,46.6347,46.5983,46.5604,46.5206,46.4796,46.4372,46.3933,46.3484,46.3011,46.2532,46.2033,46.1528,46.1001,46.0461,45.9908,45.934,45.8756,45.8163,45.7555,45.6933,45.6295,45.5647,45.4983,45.4305,45.3613,45.2911,45.2195,45.1471,45.0726,44.9972,44.9201,44.8424,44.7632,44.6827,44.6013,44.5183,44.4343,44.3486,44.2622,44.1748,44.0855,43.9954,43.9045,43.8117,43.7182,43.6235,43.5276,43.4309,43.3325,43.2333,43.1329,43.0308,42.9281,42.8242,42.7188,42.6129,42.5049,42.396,42.2861,42.1752,42.0624,41.9485,41.8338,41.7175,41.5996,41.4803,0,0,0,0,0,0,0,0,0,0,0,0,0,0,0,0,0,0,0,0,0,0,0,0,0,0,0,0,0,0,0,0,0,0,0,0,0,0,0,0,0,0,0,0,0,0,0,0,0,
0,0,0,0,0,0,0,0,0,0,0,0,0,0,0,0,0,0,0,0,0,0,0,0,0,0,0,0,0,0,0,0,0,0,0,0,0,0,0,0,0,0,0,0,0,0,0,0,0,0,42.0462,42.1662,42.2849,42.402,42.5186,42.6329,42.7465,42.8587,42.9695,43.0794,43.1876,43.2946,43.4009,43.5054,43.6088,43.7116,43.8124,43.9126,44.0113,44.1092,44.2057,44.3009,44.395,44.4879,44.5796,44.67,44.7594,44.8473,44.9344,45.0198,45.1042,45.1876,45.2698,45.3506,45.4295,45.5079,45.5844,45.6605,45.7341,45.8071,45.8791,45.949,46.0179,46.0857,46.1521,46.2165,46.2801,46.3423,46.4031,46.4623,46.5196,46.5764,46.6314,46.6847,46.7372,46.7875,46.837,46.8847,46.9307,46.9754,47.0188,47.0604,47.1008,47.1397,47.177,47.2125,47.2473,47.2796,47.3109,47.3401,47.3683,47.3949,47.42,47.4435,47.4654,47.4858,47.5046,47.5215,47.5376,47.5517,47.5639,47.5749,47.5843,47.5926,47.5989,47.6036,47.6063,47.6079,47.6079,47.6063,47.6036,47.5989,47.5926,47.5843,47.5749,47.5639,47.5517,47.5376,47.5215,47.5046,47.4858,47.4654,47.4435,47.42,47.3949,47.3683,47.3401,47.3109,47.2796,47.2473,47.2125,47.177,47.1397,47.1008,47.0604,47.0188,46.9754,46.9307,46.8847,46.837,46.7875,46.7372,46.6847,46.6314,46.5764,46.5196,46.4623,46.4031,46.3423,46.2801,46.2165,46.1521,46.0857,46.0179,45.949,45.8791,45.8071,45.7341,45.6605,45.5844,45.5079,45.4295,45.3506,45.2698,45.1876,45.1042,45.0198,44.9344,44.8473,44.7594,44.67,44.5796,44.4879,44.395,44.3009,44.2057,44.1092,44.0113,43.9126,43.8124,43.7116,43.6088,43.5054,43.4009,43.2946,43.1876,43.0794,42.9695,42.8587,42.7465,42.6329,42.5186,42.402,42.2849,42.1662,42.0462,0,0,0,0,0,0,0,0,0,0,0,0,0,0,0,0,0,0,0,0,0,0,0,0,0,0,0,0,0,0,0,0,0,0,0,0,0,0,0,0,0,0,0,0,0,0,0,0,0,0,
0,0,0,0,0,0,0,0,0,0,0,0,0,0,0,0,0,0,0,0,0,0,0,0,0,0,0,0,0,0,0,0,0,0,0,0,0,0,0,0,0,0,0,0,0,0,0,0,0,0,0,42.6143,42.7352,42.8553,42.9733,43.0901,43.2059,43.3205,43.4331,43.5451,43.6554,43.7646,43.8728,43.9795,44.0854,44.1895,44.2926,44.3942,44.4952,44.5946,44.693,44.7899,44.8854,44.9801,45.0741,45.1658,45.2571,45.3465,45.4348,45.5221,45.6079,45.6931,45.7762,45.8581,45.939,46.0187,46.0972,46.1742,46.2498,46.3241,46.3967,46.4683,46.5387,46.6072,46.6747,46.7411,46.8057,46.8687,46.9309,46.9911,47.0501,47.1077,47.1638,47.2183,47.2716,47.3231,47.373,47.4218,47.4691,47.5147,47.559,47.6012,47.6423,47.6822,47.7202,47.7562,47.791,47.8244,47.8565,47.8867,47.9158,47.9424,47.9679,47.9921,48.0144,48.0355,48.0542,48.0718,48.0877,48.1025,48.1153,48.1264,48.136,48.144,48.1504,48.1556,48.1584,48.16,48.16,48.1584,48.1556,48.1504,48.144,48.136,48.1264,48.1153,48.1025,48.0877,48.0718,48.0542,48.0355,48.0144,47.9921,47.9679,47.9424,47.9158,47.8867,47.8565,47.8244,47.791,47.7562,47.7202,47.6822,47.6423,47.6012,47.559,47.5147,47.4691,47.4218,47.373,47.3231,47.2716,47.2183,47.1638,47.1077,47.0501,46.9911,46.9309,46.8687,46.8057,46.7411,46.6747,46.6072,46.5387,46.4683,46.3967,46.3241,46.2498,46.1742,46.0972,46.0187,45.939,45.8581,45.7762,45.6931,45.6079,45.5221,45.4348,45.3465,45.2571,45.1658,45.0741,44.9801,44.8854,44.7899,44.693,44.5946,44.4952,44.3942,44.2926,44.1895,44.0854,43.9795,43.8728,43.7646,43.6554,43.5451,43.4331,43.3205,43.2059,43.0901,42.9733,42.8553,42.7352,42.6143,0,0,0,0,0,0,0,0,0,0,0,0,0,0,0,0,0,0,0,0,0,0,0,0,0,0,0,0,0,0,0,0,0,0,0,0,0,0,0,0,0,0,0,0,0,0,0,0,0,0,0,
0,0,0,0,0,0,0,0,0,0,0,0,0,0,0,0,0,0,0,0,0,0,0,0,0,0,0,0,0,0,0,0,0,0,0,0,0,0,0,0,0,0,0,0,0,0,0,0,0,0,0,0,43.1844,43.3065,43.4271,43.5466,43.6648,43.7811,43.8966,44.0105,44.1231,44.2345,44.3444,44.4531,44.5609,44.6672,44.7721,44.8757,44.9783,45.0797,45.1799,45.2788,45.3763,45.4729,45.5677,45.6618,45.754,45.8458,45.9356,46.0247,46.1121,46.1984,46.2834,46.3669,46.4497,46.5304,46.6105,46.6883,46.7655,46.8412,46.9156,46.9885,47.06,47.1303,47.1989,47.2658,47.3317,47.3968,47.4596,47.5212,47.581,47.6395,47.6969,47.7527,47.8065,47.8592,47.9105,47.96,48.0081,48.0545,48.0998,48.1432,48.185,48.2255,48.2642,48.3012,48.3371,48.3709,48.4036,48.4346,48.4637,48.4916,48.5175,48.5417,48.5644,48.5859,48.6053,48.6235,48.6397,48.6543,48.6673,48.6791,48.6884,48.697,48.7035,48.7083,48.7116,48.7136,48.7136,48.7116,48.7083,48.7035,48.697,48.6884,48.6791,48.6673,48.6543,48.6397,48.6235,48.6053,48.5859,48.5644,48.5417,48.5175,48.4916,48.4637,48.4346,48.4036,48.3709,48.3371,48.3012,48.2642,48.2255,48.185,48.1432,48.0998,48.0545,48.0081,47.96,47.9105,47.8592,47.8065,47.7527,47.6969,47.6395,47.581,47.5212,47.4596,47.3968,47.3317,47.2658,47.1989,47.1303,47.06,46.9885,46.9156,46.8412,46.7655,46.6883,46.6105,46.5304,46.4497,46.3669,46.2834,46.1984,46.1121,46.0247,45.9356,45.8458,45.754,45.6618,45.5677,45.4729,45.3763,45.2788,45.1799,45.0797,44.9783,44.8757,44.7721,44.6672,44.5609,44.4531,44.3444,44.2345,44.1231,44.0105,43.8966,43.7811,43.6648,43.5466,43.4271,43.3065,43.1844,0,0,0,0,0,0,0,0,0,0,0,0,0,0,0,0,0,0,0,0,0,0,0,0,0,0,0,0,0,0,0,0,0,0,0,0,0,0,0,0,0,0,0,0,0,0,0,0,0,0,0,0,
0,0,0,0,0,0,0,0,0,0,0,0,0,0,0,0,0,0,0,0,0,0,0,0,0,0,0,0,0,0,0,0,0,0,0,0,0,0,0,0,0,0,0,0,0,0,0,0,0,0,0,0,0,43.7566,43.8799,44.0019,44.1221,44.2409,44.3588,44.4751,44.5901,44.7029,44.8156,44.9266,45.0361,45.1444,45.2512,45.357,45.4617,45.5648,45.6671,45.7671,45.8668,45.9651,46.0619,46.1575,46.2521,46.3452,46.4364,46.5272,46.6164,46.704,46.7908,46.8759,46.96,47.0425,47.1236,47.2035,47.2819,47.359,47.435,47.5088,47.5818,47.6531,47.7238,47.7919,47.8594,47.9247,47.9892,48.0518,48.1129,48.1728,48.2311,48.2879,48.3432,48.3967,48.4489,48.4996,48.5485,48.5958,48.6419,48.6863,48.7292,48.77,48.8097,48.8475,48.8838,48.9186,48.9519,48.9835,49.0131,49.0414,49.0681,49.0928,49.1163,49.1381,49.1579,49.176,49.1929,49.2077,49.2213,49.2329,49.2428,49.2515,49.258,49.263,49.2663,49.268,49.268,49.2663,49.263,49.258,49.2515,49.2428,49.2329,49.2213,49.2077,49.1929,49.176,49.1579,49.1381,49.1163,49.0928,49.0681,49.0414,49.0131,48.9835,48.9519,48.9186,48.8838,48.8475,48.8097,48.77,48.7292,48.6863,48.6419,48.5958,48.5485,48.4996,48.4489,48.3967,48.3432,48.2879,48.2311,48.1728,48.1129,48.0518,47.9892,47.9247,47.8594,47.7919,47.7238,47.6531,47.5818,47.5088,47.435,47.359,47.2819,47.2035,47.1236,47.0425,46.96,46.8759,46.7908,46.704,46.6164,46.5272,46.4364,46.3452,46.2521,46.1575,46.0619,45.9651,45.8668,45.7671,45.6671,45.5648,45.4617,45.357,45.2512,45.1444,45.0361,44.9266,44.8156,44.7029,44.5901,44.4751,44.3588,44.2409,44.1221,44.0019,43.8799,43.7566,0,0,0,0,0,0,0,0,0,0,0,0,0,0,0,0,0,0,0,0,0,0,0,0,0,0,0,0,0,0,0,0,0,0,0,0,0,0,0,0,0,0,0,0,0,0,0,0,0,0,0,0,0,
0,0,0,0,0,0,0,0,0,0,0,0,0,0,0,0,0,0,0,0,0,0,0,0,0,0,0,0,0,0,0,0,0,0,0,0,0,0,0,0,0,0,0,0,0,0,0,0,0,0,0,0,0,0,44.3316,44.4559,44.5786,44.6996,44.8201,44.9388,45.0554,45.1713,45.286,45.3988,45.5107,45.621,45.7302,45.8378,45.9448,46.0497,46.1537,46.2562,46.3575,46.4573,46.5565,46.6539,46.7498,46.8446,46.9383,47.0303,47.1209,47.2104,47.2985,47.3858,47.4707,47.555,47.6376,47.7193,47.799,47.8772,47.9549,48.0303,48.1046,48.1773,48.2487,48.3189,48.3873,48.4539,48.5196,48.5835,48.6461,48.7067,48.7664,48.8242,48.8803,48.9353,48.9886,49.04,49.0901,49.1382,49.1855,49.2303,49.2739,49.3163,49.3563,49.3949,49.4324,49.4674,49.5013,49.5334,49.5639,49.5927,49.6199,49.6454,49.6693,49.691,49.7115,49.7304,49.7472,49.7623,49.7765,49.7883,49.7983,49.8068,49.8139,49.8189,49.8222,49.8244,49.8244,49.8222,49.8189,49.8139,49.8068,49.7983,49.7883,49.7765,49.7623,49.7472,49.7304,49.7115,49.691,49.6693,49.6454,49.6199,49.5927,49.5639,49.5334,49.5013,49.4674,49.4324,49.3949,49.3563,49.3163,49.2739,49.2303,49.1855,49.1382,49.0901,49.04,48.9886,48.9353,48.8803,48.8242,48.7664,48.7067,48.6461,48.5835,48.5196,48.4539,48.3873,48.3189,48.2487,48.1773,48.1046,48.0303,47.9549,47.8772,47.799,47.7193,47.6376,47.555,47.4707,47.3858,47.2985,47.2104,47.1209,47.0303,46.9383,46.8446,46.7498,46.6539,46.5565,46.4573,46.3575,46.2562,46.1537,46.0497,45.9448,45.8378,45.7302,45.621,45.5107,45.3988,45.286,45.1713,45.0554,44.9388,44.8201,44.6996,44.5786,44.4559,44.3316,0,0,0,0,0,0,0,0,0,0,0,0,0,0,0,0,0,0,0,0,0,0,0,0,0,0,0,0,0,0,0,0,0,0,0,0,0,0,0,0,0,0,0,0,0,0,0,0,0,0,0,0,0,0,
0,0,0,0,0,0,0,0,0,0,0,0,0,0,0,0,0,0,0,0,0,0,0,0,0,0,0,0,0,0,0,0,0,0,0,0,0,0,0,0,0,0,0,0,0,0,0,0,0,0,0,0,0,0,0,44.9088,45.0339,45.1577,45.2802,45.4011,45.5206,45.6387,45.7556,45.8707,45.9845,46.0974,46.2085,46.3186,46.4272,46.5344,46.6403,46.7446,46.8476,46.9499,47.0503,47.1497,47.2474,47.3442,47.4392,47.5334,47.6261,47.7169,47.807,47.8953,47.9825,48.0683,48.1525,48.2353,48.3165,48.3968,48.4752,48.5522,48.6282,48.7023,48.7751,48.8466,48.9162,48.9844,49.0509,49.1163,49.18,49.2416,49.3026,49.3615,49.4189,49.4749,49.5288,49.5814,49.6329,49.6818,49.7295,49.7755,49.8203,49.8634,49.9045,49.9435,49.9816,50.0177,50.052,50.0851,50.1162,50.1456,50.1731,50.1991,50.2238,50.2459,50.2668,50.286,50.3035,50.3189,50.3329,50.3449,50.3555,50.3641,50.3709,50.3765,50.3799,50.3816,50.3816,50.3799,50.3765,50.3709,50.3641,50.3555,50.3449,50.3329,50.3189,50.3035,50.286,50.2668,50.2459,50.2238,50.1991,50.1731,50.1456,50.1162,50.0851,50.052,50.0177,49.9816,49.9435,49.9045,49.8634,49.8203,49.7755,49.7295,49.6818,49.6329,49.5814,49.5288,49.4749,49.4189,49.3615,49.3026,49.2416,49.18,49.1163,49.0509,48.9844,48.9162,48.8466,48.7751,48.7023,48.6282,48.5522,48.4752,48.3968,48.3165,48.2353,48.1525,48.0683,47.9825,47.8953,47.807,47.7169,47.6261,47.5334,47.4392,47.3442,47.2474,47.1497,47.0503,46.9499,46.8476,46.7446,46.6403,46.5344,46.4272,46.3186,46.2085,46.0974,45.9845,45.8707,45.7556,45.6387,45.5206,45.4011,45.2802,45.1577,45.0339,44.9088,0,0,0,0,0,0,0,0,0,0,0,0,0,0,0,0,0,0,0,0,0,0,0,0,0,0,0,0,0,0,0,0,0,0,0,0,0,0,0,0,0,0,0,0,0,0,0,0,0,0,0,0,0,0,0,
0,0,0,0,0,0,0,0,0,0,0,0,0,0,0,0,0,0,0,0,0,0,0,0,0,0,0,0,0,0,0,0,0,0,0,0,0,0,0,0,0,0,0,0,0,0,0,0,0,0,0,0,0,0,0,0,45.4876,45.6143,45.739,45.8623,45.9845,46.1052,46.2241,46.3417,46.4582,46.5729,46.6864,46.7985,46.9089,47.0184,47.1266,47.2328,47.3381,47.4417,47.5443,47.6457,47.7458,47.8438,47.9414,48.0365,48.131,48.2243,48.3154,48.4054,48.4943,48.5817,48.6678,48.7518,48.8353,48.9163,48.9964,49.0753,49.1523,49.2277,49.3023,49.3747,49.446,49.5154,49.5834,49.6499,49.7148,49.7781,49.8396,49.8999,49.9586,50.0155,50.0709,50.1243,50.1764,50.2266,50.2755,50.3225,50.368,50.4114,50.4537,50.4942,50.5325,50.5694,50.6043,50.6384,50.67,50.6999,50.7279,50.7544,50.7795,50.8026,50.8234,50.8433,50.861,50.8767,50.891,50.9032,50.9141,50.9232,50.9301,50.9358,50.9392,50.9406,50.9406,50.9392,50.9358,50.9301,50.9232,50.9141,50.9032,50.891,50.8767,50.861,50.8433,50.8234,50.8026,50.7795,50.7544,50.7279,50.6999,50.67,50.6384,50.6043,50.5694,50.5325,50.4942,50.4537,50.4114,50.368,50.3225,50.2755,50.2266,50.1764,50.1243,50.0709,50.0155,49.9586,49.8999,49.8396,49.7781,49.7148,49.6499,49.5834,49.5154,49.446,49.3747,49.3023,49.2277,49.1523,49.0753,48.9964,48.9163,48.8353,48.7518,48.6678,48.5817,48.4943,48.4054,48.3154,48.2243,48.131,48.0365,47.9414,47.8438,47.7458,47.6457,47.5443,47.4417,47.3381,47.2328,47.1266,47.0184,46.9089,46.7985,46.6864,46.5729,46.4582,46.3417,46.2241,46.1052,45.9845,45.8623,45.739,45.6143,45.4876,0,0,0,0,0,0,0,0,0,0,0,0,0,0,0,0,0,0,0,0,0,0,0,0,0,0,0,0,0,0,0,0,0,0,0,0,0,0,0,0,0,0,0,0,0,0,0,0,0,0,0,0,0,0,0,0,
0,0,0,0,0,0,0,0,0,0,0,0,0,0,0,0,0,0,0,0,0,0,0,0,0,0,0,0,0,0,0,0,0,0,0,0,0,0,0,0,0,0,0,0,0,0,0,0,0,0,0,0,0,0,0,0,0,0,46.197,46.3232,46.4478,46.5703,46.6921,46.8121,46.9308,47.0479,47.1637,47.2778,47.391,47.5027,47.6123,47.7211,47.8287,47.9343,48.039,48.1419,48.2437,48.3438,48.4431,48.5404,48.6365,48.731,48.8246,48.9164,49.0067,49.0962,49.1836,49.2696,49.3542,49.4369,49.5189,49.5989,49.6773,49.7545,49.8305,49.9043,49.9764,50.0478,50.1168,50.1846,50.2509,50.3152,50.3784,50.4398,50.4995,50.5576,50.6139,50.6686,50.7218,50.7733,50.8229,50.8706,50.917,50.9613,51.0044,51.0455,51.085,51.1225,51.1585,51.1928,51.225,51.2558,51.2845,51.3118,51.3369,51.3603,51.382,51.4019,51.42,51.4363,51.4505,51.4633,51.4744,51.4836,51.4907,51.4965,51.5,51.5018,51.5018,51.5,51.4965,51.4907,51.4836,51.4744,51.4633,51.4505,51.4363,51.42,51.4019,51.382,51.3603,51.3369,51.3118,51.2845,51.2558,51.225,51.1928,51.1585,51.1225,51.085,51.0455,51.0044,50.9613,50.917,50.8706,50.8229,50.7733,50.7218,50.6686,50.6139,50.5576,50.4995,50.4398,50.3784,50.3152,50.2509,50.1846,50.1168,50.0478,49.9764,49.9043,49.8305,49.7545,49.6773,49.5989,49.5189,49.4369,49.3542,49.2696,49.1836,49.0962,49.0067,48.9164,48.8246,48.731,48.6365,48.5404,48.4431,48.3438,48.2437,48.1419,48.039,47.9343,47.8287,47.7211,47.6123,47.5027,47.391,47.2778,47.1637,47.0479,46.9308,46.8121,46.6921,46.5703,46.4478,46.3232,46.197,0,0,0,0,0,0,0,0,0,0,0,0,0,0,0,0,0,0,0,0,0,0,0,0,0,0,0,0,0,0,0,0,0,0,0,0,0,0,0,0,0,0,0,0,0,0,0,0,0,0,0,0,0,0,0,0,0,0,
0,0,0,0,0,0,0,0,0,0,0,0,0,0,0,0,0,0,0,0,0,0,0,0,0,0,0,0,0,0,0,0,0,0,0,0,0,0,0,0,0,0,0,0,0,0,0,0,0,0,0,0,0,0,0,0,0,0,0,46.7822,46.9094,47.0351,47.1589,47.2817,47.4029,47.5222,47.6404,47.7569,47.8721,47.9858,48.0979,48.2089,48.3181,48.4264,48.5331,48.6379,48.7422,48.844,48.9448,49.0446,49.1423,49.2391,49.3339,49.4275,49.5199,49.6106,49.7001,49.7871,49.8741,49.9584,50.0417,50.1232,50.2035,50.2819,50.359,50.4348,50.5084,50.5805,50.6514,50.7207,50.7881,50.8542,50.9182,50.9808,51.0417,51.1008,51.1582,51.2141,51.2681,51.3209,51.3715,51.4201,51.4678,51.513,51.5572,51.5988,51.6391,51.6771,51.7143,51.7493,51.7821,51.8135,51.8425,51.87,51.8961,51.9199,51.9424,51.9626,51.981,51.9977,52.0122,52.0252,52.0365,52.0455,52.0532,52.0586,52.0626,52.0644,52.0644,52.0626,52.0586,52.0532,52.0455,52.0365,52.0252,52.0122,51.9977,51.981,51.9626,51.9424,51.9199,51.8961,51.87,51.8425,51.8135,51.7821,51.7493,51.7143,51.6771,51.6391,51.5988,51.5572,51.513,51.4678,51.4201,51.3715,51.3209,51.2681,51.2141,51.1582,51.1008,51.0417,50.9808,50.9182,50.8542,50.7881,50.7207,50.6514,50.5805,50.5084,50.4348,50.359,50.2819,50.2035,50.1232,50.0417,49.9584,49.8741,49.7871,49.7001,49.6106,49.5199,49.4275,49.3339,49.2391,49.1423,49.0446,48.9448,48.844,48.7422,48.6379,48.5331,48.4264,48.3181,48.2089,48.0979,47.9858,47.8721,47.7569,47.6404,47.5222,47.4029,47.2817,47.1589,47.0351,46.9094,46.7822,0,0,0,0,0,0,0,0,0,0,0,0,0,0,0,0,0,0,0,0,0,0,0,0,0,0,0,0,0,0,0,0,0,0,0,0,0,0,0,0,0,0,0,0,0,0,0,0,0,0,0,0,0,0,0,0,0,0,0,
0,0,0,0,0,0,0,0,0,0,0,0,0,0,0,0,0,0,0,0,0,0,0,0,0,0,0,0,0,0,0,0,0,0,0,0,0,0,0,0,0,0,0,0,0,0,0,0,0,0,0,0,0,0,0,0,0,0,0,0,47.3698,47.4982,47.6249,47.7502,47.8738,47.9957,48.1162,48.2355,48.3528,48.4688,48.5832,48.6964,48.8082,48.918,49.0268,49.1339,49.2398,49.3443,49.4472,49.5481,49.6486,49.747,49.8439,49.9391,50.0335,50.1256,50.2166,50.3064,50.3942,50.4805,50.5654,50.6483,50.7306,50.8107,50.8894,50.9657,51.0411,51.1153,51.1872,51.2577,51.3266,51.3936,51.4592,51.523,51.5851,51.6458,51.7043,51.7615,51.8163,51.87,51.9218,51.9718,52.0196,52.066,52.1107,52.1535,52.1946,52.2338,52.2713,52.3068,52.3406,52.3726,52.4028,52.4308,52.4574,52.4817,52.5041,52.5252,52.544,52.561,52.5761,52.589,52.6005,52.6101,52.6175,52.623,52.6271,52.629,52.629,52.6271,52.623,52.6175,52.6101,52.6005,52.589,52.5761,52.561,52.544,52.5252,52.5041,52.4817,52.4574,52.4308,52.4028,52.3726,52.3406,52.3068,52.2713,52.2338,52.1946,52.1535,52.1107,52.066,52.0196,51.9718,51.9218,51.87,51.8163,51.7615,51.7043,51.6458,51.5851,51.523,51.4592,51.3936,51.3266,51.2577,51.1872,51.1153,51.0411,50.9657,50.8894,50.8107,50.7306,50.6483,50.5654,50.4805,50.3942,50.3064,50.2166,50.1256,50.0335,49.9391,49.8439,49.747,49.6486,49.5481,49.4472,49.3443,49.2398,49.1339,49.0268,48.918,48.8082,48.6964,48.5832,48.4688,48.3528,48.2355,48.1162,47.9957,47.8738,47.7502,47.6249,47.4982,47.3698,0,0,0,0,0,0,0,0,0,0,0,0,0,0,0,0,0,0,0,0,0,0,0,0,0,0,0,0,0,0,0,0,0,0,0,0,0,0,0,0,0,0,0,0,0,0,0,0,0,0,0,0,0,0,0,0,0,0,0,0,
0,0,0,0,0,0,0,0,0,0,0,0,0,0,0,0,0,0,0,0,0,0,0,0,0,0,0,0,0,0,0,0,0,0,0,0,0,0,0,0,0,0,0,0,0,0,0,0,0,0,0,0,0,0,0,0,0,0,0,0,0,47.9603,48.0894,48.2173,48.3434,48.4682,48.5913,48.7127,48.8325,48.9513,49.0682,49.1838,49.2972,49.4099,49.5208,49.6301,49.7381,49.8446,49.9495,50.0529,50.1549,50.2549,50.3541,50.4511,50.5475,50.6413,50.7341,50.8255,50.9151,51.0032,51.0899,51.1748,51.258,51.3396,51.4201,51.4984,51.5756,51.6506,51.724,51.7958,51.8662,51.9345,52.0015,52.0666,52.1299,52.192,52.2517,52.31,52.3659,52.4207,52.4735,52.5241,52.5732,52.621,52.6666,52.7102,52.7522,52.7921,52.8303,52.8667,52.9011,52.9338,52.9641,52.993,53.02,53.0453,53.0682,53.0893,53.1085,53.1261,53.1416,53.1547,53.1664,53.1763,53.1838,53.1894,53.1936,53.1955,53.1955,53.1936,53.1894,53.1838,53.1763,53.1664,53.1547,53.1416,53.1261,53.1085,53.0893,53.0682,53.0453,53.02,52.993,52.9641,52.9338,52.9011,52.8667,52.8303,52.7921,52.7522,52.7102,52.6666,52.621,52.5732,52.5241,52.4735,52.4207,52.3659,52.31,52.2517,52.192,52.1299,52.0666,52.0015,51.9345,51.8662,51.7958,51.724,51.6506,51.5756,51.4984,51.4201,51.3396,51.258,51.1748,51.0899,51.0032,50.9151,50.8255,50.7341,50.6413,50.5475,50.4511,50.3541,50.2549,50.1549,50.0529,49.9495,49.8446,49.7381,49.6301,49.5208,49.4099,49.2972,49.1838,49.0682,48.9513,48.8325,48.7127,48.5913,48.4682,48.3434,48.2173,48.0894,47.9603,0,0,0,0,0,0,0,0,0,0,0,0,0,0,0,0,0,0,0,0,0,0,0,0,0,0,0,0,0,0,0,0,0,0,0,0,0,0,0,0,0,0,0,0,0,0,0,0,0,0,0,0,0,0,0,0,0,0,0,0,0,
0,0,0,0,0,0,0,0,0,0,0,0,0,0,0,0,0,0,0,0,0,0,0,0,0,0,0,0,0,0,0,0,0,0,0,0,0,0,0,0,0,0,0,0,0,0,0,0,0,0,0,0,0,0,0,0,0,0,0,0,0,0,0,48.6833,48.8125,48.9399,49.0655,49.1893,49.3119,49.4326,49.5524,49.6699,49.7864,49.901,50.014,50.1258,50.236,50.3449,50.4516,50.5573,50.661,50.7635,50.864,50.9638,51.0615,51.1577,51.2523,51.3456,51.4368,51.5271,51.6153,51.7014,51.7867,51.8699,51.9518,52.0316,52.1106,52.187,52.262,52.3356,52.4071,52.4769,52.5452,52.6119,52.6761,52.7392,52.8002,52.8596,52.9173,52.973,53.0269,53.0786,53.1292,53.1775,53.224,53.2686,53.3113,53.3522,53.3914,53.4281,53.4637,53.4966,53.528,53.5575,53.5851,53.6104,53.6341,53.6557,53.6753,53.6933,53.7091,53.7225,53.7344,53.7444,53.7525,53.7582,53.7621,53.764,53.764,53.7621,53.7582,53.7525,53.7444,53.7344,53.7225,53.7091,53.6933,53.6753,53.6557,53.6341,53.6104,53.5851,53.5575,53.528,53.4966,53.4637,53.4281,53.3914,53.3522,53.3113,53.2686,53.224,53.1775,53.1292,53.0786,53.0269,52.973,52.9173,52.8596,52.8002,52.7392,52.6761,52.6119,52.5452,52.4769,52.4071,52.3356,52.262,52.187,52.1106,52.0316,51.9518,51.8699,51.7867,51.7014,51.6153,51.5271,51.4368,51.3456,51.2523,51.1577,51.0615,50.9638,50.864,50.7635,50.661,50.5573,50.4516,50.3449,50.236,50.1258,50.014,49.901,49.7864,49.6699,49.5524,49.4326,49.3119,49.1893,49.0655,48.9399,48.8125,48.6833,0,0,0,0,0,0,0,0,0,0,0,0,0,0,0,0,0,0,0,0,0,0,0,0,0,0,0,0,0,0,0,0,0,0,0,0,0,0,0,0,0,0,0,0,0,0,0,0,0,0,0,0,0,0,0,0,0,0,0,0,0,0,0,
0,0,0,0,0,0,0,0,0,0,0,0,0,0,0,0,0,0,0,0,0,0,0,0,0,0,0,0,0,0,0,0,0,0,0,0,0,0,0,0,0,0,0,0,0,0,0,0,0,0,0,0,0,0,0,0,0,0,0,0,0,0,0,0,49.2797,49.4097,49.5385,49.6648,49.7903,49.9138,50.036,50.156,50.2748,50.3919,50.5076,50.6215,50.7337,50.8448,50.954,51.0616,51.1676,51.2725,51.375,51.4766,51.5763,51.6743,51.771,51.866,51.9592,52.0511,52.1413,52.2295,52.3163,52.4011,52.485,52.5666,52.6468,52.7249,52.8019,52.8764,52.9493,53.0206,53.0904,53.1579,53.2238,53.2885,53.3511,53.4114,53.4703,53.5272,53.5822,53.6354,53.6867,53.736,53.7834,53.8289,53.8725,53.9146,53.9544,53.9919,54.0278,54.0617,54.0938,54.1242,54.1521,54.1783,54.2021,54.2241,54.2444,54.2625,54.279,54.2927,54.3049,54.3147,54.3229,54.3292,54.3331,54.3351,54.3351,54.3331,54.3292,54.3229,54.3147,54.3049,54.2927,54.279,54.2625,54.2444,54.2241,54.2021,54.1783,54.1521,54.1242,54.0938,54.0617,54.0278,53.9919,53.9544,53.9146,53.8725,53.8289,53.7834,53.736,53.6867,53.6354,53.5822,53.5272,53.4703,53.4114,53.3511,53.2885,53.2238,53.1579,53.0904,53.0206,52.9493,52.8764,52.8019,52.7249,52.6468,52.5666,52.485,52.4011,52.3163,52.2295,52.1413,52.0511,51.9592,51.866,51.771,51.6743,51.5763,51.4766,51.375,51.2725,51.1676,51.0616,50.954,50.8448,50.7337,50.6215,50.5076,50.3919,50.2748,50.156,50.036,49.9138,49.7903,49.6648,49.5385,49.4097,49.2797,0,0,0,0,0,0,0,0,0,0,0,0,0,0,0,0,0,0,0,0,0,0,0,0,0,0,0,0,0,0,0,0,0,0,0,0,0,0,0,0,0,0,0,0,0,0,0,0,0,0,0,0,0,0,0,0,0,0,0,0,0,0,0,0,
0,0,0,0,0,0,0,0,0,0,0,0,0,0,0,0,0,0,0,0,0,0,0,0,0,0,0,0,0,0,0,0,0,0,0,0,0,0,0,0,0,0,0,0,0,0,0,0,0,0,0,0,0,0,0,0,0,0,0,0,0,0,0,0,0,0,50.0101,50.1399,50.2676,50.3941,50.5184,50.6415,50.7627,50.8822,51.0004,51.1168,51.2313,51.3445,51.456,51.5662,51.6744,51.7811,51.8863,51.9897,52.0913,52.1919,52.2905,52.387,52.4826,52.5763,52.6681,52.7583,52.8468,52.9338,53.0188,53.1026,53.1839,53.2641,53.3419,53.4188,53.4934,53.5659,53.6371,53.7063,53.7737,53.8392,53.9027,53.9648,54.0246,54.083,54.139,54.1936,54.2456,54.2961,54.3448,54.3909,54.4355,54.4784,54.5191,54.5578,54.5945,54.6292,54.6618,54.6926,54.7214,54.7477,54.7725,54.7953,54.8153,54.8341,54.8506,54.865,54.8775,54.8878,54.8959,54.9019,54.9063,54.9083,54.9083,54.9063,54.9019,54.8959,54.8878,54.8775,54.865,54.8506,54.8341,54.8153,54.7953,54.7725,54.7477,54.7214,54.6926,54.6618,54.6292,54.5945,54.5578,54.5191,54.4784,54.4355,54.3909,54.3448,54.2961,54.2456,54.1936,54.139,54.083,54.0246,53.9648,53.9027,53.8392,53.7737,53.7063,53.6371,53.5659,53.4934,53.4188,53.3419,53.2641,53.1839,53.1026,53.0188,52.9338,52.8468,52.7583,52.6681,52.5763,52.4826,52.387,52.2905,52.1919,52.0913,51.9897,51.8863,51.7811,51.6744,51.5662,51.456,51.3445,51.2313,51.1168,51.0004,50.8822,50.7627,50.6415,50.5184,50.3941,50.2676,50.1399,50.0101,0,0,0,0,0,0,0,0,0,0,0,0,0,0,0,0,0,0,0,0,0,0,0,0,0,0,0,0,0,0,0,0,0,0,0,0,0,0,0,0,0,0,0,0,0,0,0,0,0,0,0,0,0,0,0,0,0,0,0,0,0,0,0,0,0,0,
0,0,0,0,0,0,0,0,0,0,0,0,0,0,0,0,0,0,0,0,0,0,0,0,0,0,0,0,0,0,0,0,0,0,0,0,0,0,0,0,0,0,0,0,0,0,0,0,0,0,0,0,0,0,0,0,0,0,0,0,0,0,0,0,0,0,0,50.613,50.7443,50.8732,51.0001,51.1259,51.2495,51.3721,51.4927,51.6117,51.7289,51.8442,51.9581,52.0707,52.1812,52.2902,52.3976,52.5031,52.6072,52.7095,52.8104,52.9092,53.0063,53.1019,53.1958,53.2878,53.3785,53.4672,53.5542,53.6394,53.7226,53.8043,53.8843,53.9622,54.0384,54.1125,54.185,54.2559,54.325,54.3919,54.4569,54.5199,54.5814,54.6404,54.6978,54.7534,54.8065,54.8584,54.908,54.9554,55.001,55.0445,55.086,55.1259,55.163,55.1989,55.2324,55.2633,55.2928,55.3202,55.3451,55.3684,55.3892,55.4084,55.4248,55.4395,55.4526,55.4629,55.4711,55.478,55.4821,55.4842,55.4842,55.4821,55.478,55.4711,55.4629,55.4526,55.4395,55.4248,55.4084,55.3892,55.3684,55.3451,55.3202,55.2928,55.2633,55.2324,55.1989,55.163,55.1259,55.086,55.0445,55.001,54.9554,54.908,54.8584,54.8065,54.7534,54.6978,54.6404,54.5814,54.5199,54.4569,54.3919,54.325,54.2559,54.185,54.1125,54.0384,53.9622,53.8843,53.8043,53.7226,53.6394,53.5542,53.4672,53.3785,53.2878,53.1958,53.1019,53.0063,52.9092,52.8104,52.7095,52.6072,52.5031,52.3976,52.2902,52.1812,52.0707,51.9581,51.8442,51.7289,51.6117,51.4927,51.3721,51.2495,51.1259,51.0001,50.8732,50.7443,50.613,0,0,0,0,0,0,0,0,0,0,0,0,0,0,0,0,0,0,0,0,0,0,0,0,0,0,0,0,0,0,0,0,0,0,0,0,0,0,0,0,0,0,0,0,0,0,0,0,0,0,0,0,0,0,0,0,0,0,0,0,0,0,0,0,0,0,0,
0,0,0,0,0,0,0,0,0,0,0,0,0,0,0,0,0,0,0,0,0,0,0,0,0,0,0,0,0,0,0,0,0,0,0,0,0,0,0,0,0,0,0,0,0,0,0,0,0,0,0,0,0,0,0,0,0,0,0,0,0,0,0,0,0,0,0,0,51.2187,51.3509,51.481,51.6096,51.7362,51.861,51.9842,52.106,52.2258,52.3438,52.4603,52.575,52.6883,52.7993,52.9091,53.0169,53.1231,53.2276,53.3305,53.4318,53.531,53.6284,53.7245,53.8184,53.9106,54.0012,54.09,54.1773,54.2627,54.3456,54.4275,54.5071,54.5854,54.6608,54.735,54.8075,54.8773,54.9457,55.0126,55.0767,55.1396,55.1999,55.2588,55.3155,55.3702,55.4225,55.4732,55.5218,55.5683,55.6132,55.6557,55.6961,55.7343,55.7707,55.8048,55.8366,55.867,55.8946,55.9205,55.9439,55.9652,55.9849,56.0021,56.0168,56.0302,56.041,56.0494,56.0557,56.0599,56.0623,56.0623,56.0599,56.0557,56.0494,56.041,56.0302,56.0168,56.0021,55.9849,55.9652,55.9439,55.9205,55.8946,55.867,55.8366,55.8048,55.7707,55.7343,55.6961,55.6557,55.6132,55.5683,55.5218,55.4732,55.4225,55.3702,55.3155,55.2588,55.1999,55.1396,55.0767,55.0126,54.9457,54.8773,54.8075,54.735,54.6608,54.5854,54.5071,54.4275,54.3456,54.2627,54.1773,54.09,54.0012,53.9106,53.8184,53.7245,53.6284,53.531,53.4318,53.3305,53.2276,53.1231,53.0169,52.9091,52.7993,52.6883,52.575,52.4603,52.3438,52.2258,52.106,51.9842,51.861,51.7362,51.6096,51.481,51.3509,51.2187,0,0,0,0,0,0,0,0,0,0,0,0,0,0,0,0,0,0,0,0,0,0,0,0,0,0,0,0,0,0,0,0,0,0,0,0,0,0,0,0,0,0,0,0,0,0,0,0,0,0,0,0,0,0,0,0,0,0,0,0,0,0,0,0,0,0,0,0,
