90,90,90,90,90,90,90,90,90,90,90,90,90,90,90,90,90,90,90,90,90,90,90,90,90,90,90,90,90,90,90,90,90,90,90,90,90,90,90,90,90,90,90,90,90,90,90,90,90,90,90,90,90,90,90,90,90,90,90,90,90,90,90,90,90,90,90,90,55.0745,54.2839,53.4954,52.707,51.92,51.135,50.35,49.5655,48.7827,47.9995,47.2181,46.4361,45.6544,44.8727,44.0917,43.3114,42.5296,41.7484,40.9676,40.1859,39.4053,38.623,37.8408,37.0584,36.2754,35.4918,34.7083,33.9241,33.1386,32.3533,31.5676,30.78,29.9926,29.204,28.4152,27.6259,26.8354,26.0444,25.2529,24.46,23.6665,22.8729,22.0785,21.2826,20.4868,19.6894,18.8911,18.0934,17.2944,16.4953,15.6944,14.8931,14.0923,13.2902,12.4872,11.6837,10.8808,10.0765,9.2721,8.46712,7.66182,6.85638,6.05042,5.24415,4.43783,3.63126,2.82449,2.01752,1.21061,0.403531,-0.403531,-1.21061,-2.01752,-2.82449,-3.63126,-4.43783,-5.24415,-6.05042,-6.85638,-7.66182,-8.46712,-9.2721,-10.0765,-10.8808,-11.6837,-12.4872,-13.2902,-14.0923,-14.8931,-15.6944,-16.4953,-17.2944,-18.0934,-18.8911,-19.6894,-20.4868,-21.2826,-22.0785,-22.8729,-23.6665,-24.46,-25.2529,-26.0444,-26.8354,-27.6259,-28.4152,-29.204,-29.9926,-30.78,-31.5676,-32.3533,-33.1386,-33.9241,-34.7083,-35.4918,-36.2754,-37.0584,-37.8408,-38.623,-39.4053,-40.1859,-40.9676,-41.7484,-42.5296,-43.3114,-44.0917,-44.8727,-45.6544,-46.4361,-47.2181,-47.9995,-48.7827,-49.5655,-50.35,-51.135,-51.92,-52.707,-53.4954,-54.2839,-55.0745,90,90,90,90,90,90,90,90,90,90,90,90,90,90,90,90,90,90,90,90,90,90,90,90,90,90,90,90,90,90,90,90,90,90,90,90,90,90,90,90,90,90,90,90,90,90,90,90,90,90,90,90,90,90,90,90,90,90,90,90,90,90,90,90,90,90,90,90,
90,90,90,90,90,90,90,90,90,90,90,90,90,90,90,90,90,90,90,90,90,90,90,90,90,90,90,90,90,90,90,90,90,90,90,90,90,90,90,90,90,90,90,90,90,90,90,90,90,90,90,90,90,90,90,90,90,90,90,90,90,90,90,90,90,90,90,55.2561,54.4721,53.6891,52.9081,52.1282,51.3491,50.5713,49.7942,49.0176,48.2422,47.4665,46.6919,45.9182,45.144,44.3701,43.5975,42.8244,42.0512,41.278,40.5047,39.7311,38.9574,38.1841,37.4097,36.6357,35.8604,35.0855,34.3093,33.5333,32.7568,31.9795,31.2017,30.4238,29.6444,28.8644,28.0842,27.3037,26.5211,25.739,24.956,24.1721,23.3876,22.6027,21.8171,21.0304,20.2435,19.4558,18.6666,17.878,17.0885,16.2973,15.507,14.7153,13.9229,13.1302,12.337,11.544,10.7497,9.95526,9.16034,8.36511,7.56941,6.77351,5.97732,5.18075,4.38414,3.58729,2.79027,1.99319,1.19592,0.398643,-0.398643,-1.19592,-1.99319,-2.79027,-3.58729,-4.38414,-5.18075,-5.97732,-6.77351,-7.56941,-8.36511,-9.16034,-9.95526,-10.7497,-11.544,-12.337,-13.1302,-13.9229,-14.7153,-15.507,-16.2973,-17.0885,-17.878,-18.6666,-19.4558,-20.2435,-21.0304,-21.8171,-22.6027,-23.3876,-24.1721,-24.956,-25.739,-26.5211,-27.3037,-28.0842,-28.8644,-29.6444,-30.4238,-31.2017,-31.9795,-32.7568,-33.5333,-34.3093,-35.0855,-35.8604,-36.6357,-37.4097,-38.1841,-38.9574,-39.7311,-40.5047,-41.278,-42.0512,-42.8244,-43.5975,-44.3701,-45.144,-45.9182,-46.6919,-47.4665,-48.2422,-49.0176,-49.7942,-50.5713,-51.3491,-52.1282,-52.9081,-53.6891,-54.4721,-55.2561,90,90,90,90,90,90,90,90,90,90,90,90,90,90,90,90,90,90,90,90,90,90,90,90,90,90,90,90,90,90,90,90,90,90,90,90,90,90,90,90,90,90,90,90,90,90,90,90,90,90,90,90,90,90,90,90,90,90,90,90,90,90,90,90,90,90,90,
90,90,90,90,90,90,90,90,90,90,90,90,90,90,90,90,90,90,90,90,90,90,90,90,90,90,90,90,90,90,90,90,90,90,90,90,90,90,90,90,90,90,90,90,90,90,90,90,90,90,90,90,90,90,90,90,90,90,90,90,90,90,90,90,90,90,55.4452,54.6668,53.8908,53.1159,52.342,51.5691,50.7975,50.0268,49.2574,48.488,47.7204,46.9527,46.1854,45.4191,44.6524,43.8867,43.1211,42.3549,41.5902,40.8247,40.0592,39.293,38.5273,37.7613,36.9952,36.228,35.4611,34.6946,33.9262,33.1581,32.3895,31.6202,30.8505,30.08,29.3097,28.538,27.7661,26.9927,26.2195,25.4459,24.6711,23.8958,23.1197,22.3439,21.5659,20.789,20.0097,19.2307,18.4514,17.6707,16.8899,16.1089,15.3265,14.5438,13.7606,12.977,12.1939,11.4093,10.6241,9.83875,9.05306,8.26711,7.48064,6.69408,5.90717,5.11997,4.33265,3.54512,2.75752,1.96974,1.18185,0.393959,-0.393959,-1.18185,-1.96974,-2.75752,-3.54512,-4.33265,-5.11997,-5.90717,-6.69408,-7.48064,-8.26711,-9.05306,-9.83875,-10.6241,-11.4093,-12.1939,-12.977,-13.7606,-14.5438,-15.3265,-16.1089,-16.8899,-17.6707,-18.4514,-19.2307,-20.0097,-20.789,-21.5659,-22.3439,-23.1197,-23.8958,-24.6711,-25.4459,-26.2195,-26.9927,-27.7661,-28.538,-29.3097,-30.08,-30.8505,-31.6202,-32.3895,-33.1581,-33.9262,-34.6946,-35.4611,-36.228,-36.9952,-37.7613,-38.5273,-39.293,-40.0592,-40.8247,-41.5902,-42.3549,-43.1211,-43.8867,-44.6524,-45.4191,-46.1854,-46.9527,-47.7204,-48.488,-49.2574,-50.0268,-50.7975,-51.5691,-52.342,-53.1159,-53.8908,-54.6668,-55.4452,90,90,90,90,90,90,90,90,90,90,90,90,90,90,90,90,90,90,90,90,90,90,90,90,90,90,90,90,90,90,90,90,90,90,90,90,90,90,90,90,90,90,90,90,90,90,90,90,90,90,90,90,90,90,90,90,90,90,90,90,90,90,90,90,90,90,
90,90,90,90,90,90,90,90,90,90,90,90,90,90,90,90,90,90,90,90,90,90,90,90,90,90,90,90,90,90,90,90,90,90,90,90,90,90,90,90,90,90,90,90,90,90,90,90,90,90,90,90,90,90,90,90,90,90,90,90,90,90,90,90,56.4161,55.6429,54.8699,54.0993,53.33,52.5624,51.7953,51.0304,50.2664,49.5026,48.7402,47.9784,47.2179,46.4579,45.6978,44.9388,44.1794,43.421,42.6622,41.9041,41.1463,40.3878,39.63,38.8715,38.1129,37.3542,36.596,35.8362,35.0768,34.3178,33.5575,32.7965,32.0361,31.2741,30.5127,29.7504,28.9873,28.2236,27.4598,26.695,25.9299,25.1637,24.3972,23.6299,22.8621,22.0944,21.3258,20.5562,19.7855,19.0148,18.2439,17.4719,16.6996,15.9274,15.1536,14.3795,13.605,12.8301,12.0547,11.28,10.5037,9.72704,8.95007,8.17293,7.39553,6.61782,5.83988,5.06158,4.28328,3.50467,2.72602,1.94722,1.16836,0.389458,-0.389458,-1.16836,-1.94722,-2.72602,-3.50467,-4.28328,-5.06158,-5.83988,-6.61782,-7.39553,-8.17293,-8.95007,-9.72704,-10.5037,-11.28,-12.0547,-12.8301,-13.605,-14.3795,-15.1536,-15.9274,-16.6996,-17.4719,-18.2439,-19.0148,-19.7855,-20.5562,-21.3258,-22.0944,-22.8621,-23.6299,-24.3972,-25.1637,-25.9299,-26.695,-27.4598,-28.2236,-28.9873,-29.7504,-30.5127,-31.2741,-32.0361,-32.7965,-33.5575,-34.3178,-35.0768,-35.8362,-36.596,-37.3542,-38.1129,-38.8715,-39.63,-40.3878,-41.1463,-41.9041,-42.6622,-43.421,-44.1794,-44.9388,-45.6978,-46.4579,-47.2179,-47.9784,-48.7402,-49.5026,-50.2664,-51.0304,-51.7953,-52.5624,-53.33,-54.0993,-54.8699,-55.6429,-56.4161,90,90,90,90,90,90,90,90,90,90,90,90,90,90,90,90,90,90,90,90,90,90,90,90,90,90,90,90,90,90,90,90,90,90,90,90,90,90,90,90,90,90,90,90,90,90,90,90,90,90,90,90,90,90,90,90,90,90,90,90,90,90,90,90,
90,90,90,90,90,90,90,90,90,90,90,90,90,90,90,90,90,90,90,90,90,90,90,90,90,90,90,90,90,90,90,90,90,90,90,90,90,90,90,90,90,90,90,90,90,90,90,90,90,90,90,90,90,90,90,90,90,90,90,90,90,90,90,56.6154,55.8459,55.0792,54.3144,53.5504,52.7882,52.0279,51.2681,50.5098,49.7525,48.9968,48.2411,47.4869,46.7332,45.9796,45.2272,44.4745,43.7229,42.9717,42.2201,41.4688,40.7176,39.9672,39.2162,38.4653,37.7137,36.9625,36.2114,35.4595,34.7079,33.9549,33.2028,32.4491,31.6962,30.9418,30.1875,29.4325,28.6774,27.9215,27.1655,26.4077,25.6501,24.8923,24.1338,23.3745,22.6145,21.8549,21.0941,20.3324,19.5701,18.8074,18.0448,17.2809,16.5171,15.7518,14.9875,14.2217,13.4557,12.6892,11.9222,11.155,10.3871,9.61947,8.85118,8.08259,7.31366,6.54455,5.77513,5.00547,4.23572,3.46578,2.69575,1.92559,1.15541,0.385139,-0.385139,-1.15541,-1.92559,-2.69575,-3.46578,-4.23572,-5.00547,-5.77513,-6.54455,-7.31366,-8.08259,-8.85118,-9.61947,-10.3871,-11.155,-11.9222,-12.6892,-13.4557,-14.2217,-14.9875,-15.7518,-16.5171,-17.2809,-18.0448,-18.8074,-19.5701,-20.3324,-21.0941,-21.8549,-22.6145,-23.3745,-24.1338,-24.8923,-25.6501,-26.4077,-27.1655,-27.9215,-28.6774,-29.4325,-30.1875,-30.9418,-31.6962,-32.4491,-33.2028,-33.9549,-34.7079,-35.4595,-36.2114,-36.9625,-37.7137,-38.4653,-39.2162,-39.9672,-40.7176,-41.4688,-42.2201,-42.9717,-43.7229,-44.4745,-45.2272,-45.9796,-46.7332,-47.4869,-48.2411,-48.9968,-49.7525,-50.5098,-51.2681,-52.0279,-52.7882,-53.5504,-54.3144,-55.0792,-55.8459,-56.6154,90,90,90,90,90,90,90,90,90,90,90,90,90,90,90,90,90,90,90,90,90,90,90,90,90,90,90,90,90,90,90,90,90,90,90,90,90,90,90,90,90,90,90,90,90,90,90,90,90,90,90,90,90,90,90,90,90,90,90,90,90,90,90,
90,90,90,90,90,90,90,90,90,90,90,90,90,90,90,90,90,90,90,90,90,90,90,90,90,90,90,90,90,90,90,90,90,90,90,90,90,90,90,90,90,90,90,90,90,90,90,90,90,90,90,90,90,90,90,90,90,90,90,90,90,57.5872,56.8212,56.0576,55.2957,54.5359,53.7776,53.0205,52.2654,51.5116,50.7595,50.0078,49.2577,48.5079,47.7596,47.0114,46.2651,45.5189,44.7727,44.0276,43.2823,42.5381,41.7936,41.0494,40.3054,39.5616,38.8173,38.0731,37.3288,36.5853,35.8403,35.0959,34.3508,33.6061,32.8598,32.1146,31.3677,30.6218,29.8744,29.1263,28.3791,27.6303,26.8814,26.132,25.382,24.6311,23.8799,23.1285,22.3768,21.6238,20.8709,20.1168,19.3631,18.6083,17.8527,17.0977,16.3408,15.5844,14.827,14.0694,13.3112,12.5529,11.7941,11.0359,10.2761,9.51625,8.75605,7.99557,7.23497,6.47402,5.71287,4.95151,4.19006,3.4284,2.66664,1.90482,1.14291,0.380981,-0.380981,-1.14291,-1.90482,-2.66664,-3.4284,-4.19006,-4.95151,-5.71287,-6.47402,-7.23497,-7.99557,-8.75605,-9.51625,-10.2761,-11.0359,-11.7941,-12.5529,-13.3112,-14.0694,-14.827,-15.5844,-16.3408,-17.0977,-17.8527,-18.6083,-19.3631,-20.1168,-20.8709,-21.6238,-22.3768,-23.1285,-23.8799,-24.6311,-25.382,-26.132,-26.8814,-27.6303,-28.3791,-29.1263,-29.8744,-30.6218,-31.3677,-32.1146,-32.8598,-33.6061,-34.3508,-35.0959,-35.8403,-36.5853,-37.3288,-38.0731,-38.8173,-39.5616,-40.3054,-41.0494,-41.7936,-42.5381,-43.2823,-44.0276,-44.7727,-45.5189,-46.2651,-47.0114,-47.7596,-48.5079,-49.2577,-50.0078,-50.7595,-51.5116,-52.2654,-53.0205,-53.7776,-54.5359,-55.2957,-56.0576,-56.8212,-57.5872,90,90,90,90,90,90,90,90,90,90,90,90,90,90,90,90,90,90,90,90,90,90,90,90,90,90,90,90,90,90,90,90,90,90,90,90,90,90,90,90,90,90,90,90,90,90,90,90,90,90,90,90,90,90,90,90,90,90,90,90,90,
90,90,90,90,90,90,90,90,90,90,90,90,90,90,90,90,90,90,90,90,90,90,90,90,90,90,90,90,90,90,90,90,90,90,90,90,90,90,90,90,90,90,90,90,90,90,90,90,90,90,90,90,90,90,90,90,90,90,90,90,57.7958,57.0342,56.275,55.5177,54.7625,54.0101,53.258,52.5085,51.7603,51.0128,50.267,49.5223,48.7793,48.0366,47.2948,46.5538,45.8129,45.0734,44.3351,43.5961,42.8576,42.1196,41.382,40.6447,39.9071,39.1704,38.4326,37.6954,36.9585,36.2203,35.4834,34.7452,34.0074,33.2688,32.5302,31.7915,31.0524,30.3127,29.5724,28.8323,28.091,27.3494,26.6078,25.8654,25.1228,24.3797,23.636,22.8917,22.1475,21.4018,20.6562,19.9098,19.1634,18.4161,17.6679,16.9204,16.1711,15.4225,14.6728,13.9237,13.1735,12.4229,11.672,10.9205,10.1688,9.41667,8.66434,7.91199,7.15921,6.40619,5.65299,4.89959,4.14612,3.39245,2.63869,1.88478,1.13089,0.376982,-0.376982,-1.13089,-1.88478,-2.63869,-3.39245,-4.14612,-4.89959,-5.65299,-6.40619,-7.15921,-7.91199,-8.66434,-9.41667,-10.1688,-10.9205,-11.672,-12.4229,-13.1735,-13.9237,-14.6728,-15.4225,-16.1711,-16.9204,-17.6679,-18.4161,-19.1634,-19.9098,-20.6562,-21.4018,-22.1475,-22.8917,-23.636,-24.3797,-25.1228,-25.8654,-26.6078,-27.3494,-28.091,-28.8323,-29.5724,-30.3127,-31.0524,-31.7915,-32.5302,-33.2688,-34.0074,-34.7452,-35.4834,-36.2203,-36.9585,-37.6954,-38.4326,-39.1704,-39.9071,-40.6447,-41.382,-42.1196,-42.8576,-43.5961,-44.3351,-45.0734,-45.8129,-46.5538,-47.2948,-48.0366,-48.7793,-49.5223,-50.267,-51.0128,-51.7603,-52.5085,-53.258,-54.0101,-54.7625,-55.5177,-56.275,-57.0342,-57.7958,90,90,90,90,90,90,90,90,90,90,90,90,90,90,90,90,90,90,90,90,90,90,90,90,90,90,90,90,90,90,90,90,90,90,90,90,90,90,90,90,90,90,90,90,90,90,90,90,90,90,90,90,90,90,90,90,90,90,90,90,
90,90,90,90,90,90,90,90,90,90,90,90,90,90,90,90,90,90,90,90,90,90,90,90,90,90,90,90,90,90,90,90,90,90,90,90,90,90,90,90,90,90,90,90,90,90,90,90,90,90,90,90,90,90,90,90,90,90,90,58.0105,57.2537,56.4993,55.7467,54.9971,54.2481,53.5017,52.757,52.0136,51.2722,50.5308,49.7919,49.0535,48.3167,47.5804,46.845,46.111,45.3772,44.6436,43.9112,43.1794,42.4476,41.7163,40.9848,40.2543,39.5228,38.7924,38.0615,37.3308,36.6002,35.8692,35.1387,34.4071,33.6759,32.9443,32.2123,31.4801,30.7473,30.0148,29.2818,28.5474,27.8139,27.0793,26.3439,25.609,24.8732,24.1368,23.4,22.6638,21.9257,21.1882,20.4487,19.7103,18.9704,18.2303,17.4904,16.7493,16.0082,15.2669,14.5247,13.7822,13.0393,12.2962,11.5535,10.8096,10.0654,9.32078,8.57626,7.83128,7.08611,6.34082,5.59527,4.84962,4.10381,3.35777,2.61175,1.86553,1.11934,0.373131,-0.373131,-1.11934,-1.86553,-2.61175,-3.35777,-4.10381,-4.84962,-5.59527,-6.34082,-7.08611,-7.83128,-8.57626,-9.32078,-10.0654,-10.8096,-11.5535,-12.2962,-13.0393,-13.7822,-14.5247,-15.2669,-16.0082,-16.7493,-17.4904,-18.2303,-18.9704,-19.7103,-20.4487,-21.1882,-21.9257,-22.6638,-23.4,-24.1368,-24.8732,-25.609,-26.3439,-27.0793,-27.8139,-28.5474,-29.2818,-30.0148,-30.7473,-31.4801,-32.2123,-32.9443,-33.6759,-34.4071,-35.1387,-35.8692,-36.6002,-37.3308,-38.0615,-38.7924,-39.5228,-40.2543,-40.9848,-41.7163,-42.4476,-43.1794,-43.9112,-44.6436,-45.3772,-46.111,-46.845,-47.5804,-48.3167,-49.0535,-49.7919,-50.5308,-51.2722,-52.0136,-52.757,-53.5017,-54.2481,-54.9971,-55.7467,-56.4993,-57.2537,-58.0105,90,90,90,90,90,90,90,90,90,90,90,90,90,90,90,90,90,90,90,90,90,90,90,90,90,90,90,90,90,90,90,90,90,90,90,90,90,90,90,90,90,90,90,90,90,90,90,90,90,90,90,90,90,90,90,90,90,90,90,
90,90,90,90,90,90,90,90,90,90,90,90,90,90,90,90,90,90,90,90,90,90,90,90,90,90,90,90,90,90,90,90,90,90,90,90,90,90,90,90,90,90,90,90,90,90,90,90,90,90,90,90,90,90,90,90,90,90,58.2319,57.4799,56.7295,55.9815,55.2361,54.4925,53.7505,53.0102,52.2714,51.5346,50.7999,50.0652,49.3323,48.6013,47.8701,47.1399,46.4114,45.6837,44.9556,44.2289,43.5023,42.7764,42.051,41.3262,40.6013,39.8768,39.1521,38.4276,37.7035,36.9784,36.2547,35.53,34.8058,34.0806,33.3553,32.6306,31.9052,31.1798,30.4536,29.727,29.001,28.274,27.5461,26.8187,26.0905,25.3616,24.6327,23.9033,23.1731,22.4427,21.7125,20.9817,20.249,19.5177,18.7856,18.0524,17.3186,16.5853,15.8514,15.1163,14.3821,13.6466,12.911,12.175,11.4387,10.7021,9.96606,9.22851,8.49118,7.75359,7.01575,6.2778,5.5397,4.80132,4.0629,3.32439,2.58572,1.84703,1.10822,0.369415,-0.369415,-1.10822,-1.84703,-2.58572,-3.32439,-4.0629,-4.80132,-5.5397,-6.2778,-7.01575,-7.75359,-8.49118,-9.22851,-9.96606,-10.7021,-11.4387,-12.175,-12.911,-13.6466,-14.3821,-15.1163,-15.8514,-16.5853,-17.3186,-18.0524,-18.7856,-19.5177,-20.249,-20.9817,-21.7125,-22.4427,-23.1731,-23.9033,-24.6327,-25.3616,-26.0905,-26.8187,-27.5461,-28.274,-29.001,-29.727,-30.4536,-31.1798,-31.9052,-32.6306,-33.3553,-34.0806,-34.8058,-35.53,-36.2547,-36.9784,-37.7035,-38.4276,-39.1521,-39.8768,-40.6013,-41.3262,-42.051,-42.7764,-43.5023,-44.2289,-44.9556,-45.6837,-46.4114,-47.1399,-47.8701,-48.6013,-49.3323,-50.0652,-50.7999,-51.5346,-52.2714,-53.0102,-53.7505,-54.4925,-55.2361,-55.9815,-56.7295,-57.4799,-58.2319,90,90,90,90,90,90,90,90,90,90,90,90,90,90,90,90,90,90,90,90,90,90,90,90,90,90,90,90,90,90,90,90,90,90,90,90,90,90,90,90,90,90,90,90,90,90,90,90,90,90,90,90,90,90,90,90,90,90,
90,90,90,90,90,90,90,90,90,90,90,90,90,90,90,90,90,90,90,90,90,90,90,90,90,90,90,90,90,90,90,90,90,90,90,90,90,90,90,90,90,90,90,90,90,90,90,90,90,90,90,90,90,90,90,90,59.2119,58.4607,57.7117,56.9655,56.2221,55.4807,54.7409,54.0042,53.2682,52.5348,51.8025,51.0722,50.3427,49.6147,48.8884,48.1627,47.4381,46.7147,45.9916,45.2694,44.5481,43.8276,43.1073,42.3876,41.6686,40.949,40.2305,39.5118,38.7936,38.0757,37.357,36.6386,35.9209,35.2023,34.4838,33.7653,33.0469,32.328,31.6089,30.8898,30.17,29.4501,28.7294,28.0089,27.2879,26.5662,25.8451,25.1229,24.4002,23.6772,22.9537,22.2306,21.506,20.7817,20.0568,19.3312,18.6057,17.8802,17.1531,16.4269,15.6995,14.9714,14.2438,13.5154,12.7866,12.0575,11.3291,10.5995,9.86946,9.13905,8.40914,7.67871,6.948,6.21711,5.48609,4.75489,4.02356,3.29216,2.5607,1.82913,1.09753,0.365833,-0.365833,-1.09753,-1.82913,-2.5607,-3.29216,-4.02356,-4.75489,-5.48609,-6.21711,-6.948,-7.67871,-8.40914,-9.13905,-9.86946,-10.5995,-11.3291,-12.0575,-12.7866,-13.5154,-14.2438,-14.9714,-15.6995,-16.4269,-17.1531,-17.8802,-18.6057,-19.3312,-20.0568,-20.7817,-21.506,-22.2306,-22.9537,-23.6772,-24.4002,-25.1229,-25.8451,-26.5662,-27.2879,-28.0089,-28.7294,-29.4501,-30.17,-30.8898,-31.6089,-32.328,-33.0469,-33.7653,-34.4838,-35.2023,-35.9209,-36.6386,-37.357,-38.0757,-38.7936,-39.5118,-40.2305,-40.949,-41.6686,-42.3876,-43.1073,-43.8276,-44.5481,-45.2694,-45.9916,-46.7147,-47.4381,-48.1627,-48.8884,-49.6147,-50.3427,-51.0722,-51.8025,-52.5348,-53.2682,-54.0042,-54.7409,-55.4807,-56.2221,-56.9655,-57.7117,-58.4607,-59.2119,90,90,90,90,90,90,90,90,90,90,90,90,90,90,90,90,90,90,90,90,90,90,90,90,90,90,90,90,90,90,90,90,90,90,90,90,90,90,90,90,90,90,90,90,90,90,90,90,90,90,90,90,90,90,90,90,
90,90,90,90,90,90,90,90,90,90,90,90,90,90,90,90,90,90,90,90,90,90,90,90,90,90,90,90,90,90,90,90,90,90,90,90,90,90,90,90,90,90,90,90,90,90,90,90,90,90,90,90,90,90,90,59.4422,58.6949,57.9498,57.2077,56.4684,55.7311,54.9957,54.2624,53.532,52.8027,52.0746,51.3486,50.6241,49.901,49.1793,48.4588,47.739,47.0204,46.3028,45.5857,44.8701,44.1543,43.4399,42.7256,42.0115,41.298,40.5847,39.8724,39.1595,38.447,37.7349,37.0226,36.3101,35.5978,34.8856,34.1738,33.4608,32.7485,32.0357,31.3222,30.6093,29.8952,29.1815,28.4678,27.7533,27.0386,26.3237,25.6081,24.8919,24.1762,23.4597,22.7424,22.0254,21.3074,20.5894,19.8708,19.1524,18.4335,17.7137,16.9939,16.273,15.5524,14.8317,14.1107,13.3889,12.6667,11.9445,11.2227,10.4998,9.7765,9.05358,8.33003,7.60638,6.88255,6.15846,5.43435,4.71006,3.98567,3.26111,2.5365,1.81188,1.08714,0.362373,-0.362373,-1.08714,-1.81188,-2.5365,-3.26111,-3.98567,-4.71006,-5.43435,-6.15846,-6.88255,-7.60638,-8.33003,-9.05358,-9.7765,-10.4998,-11.2227,-11.9445,-12.6667,-13.3889,-14.1107,-14.8317,-15.5524,-16.273,-16.9939,-17.7137,-18.4335,-19.1524,-19.8708,-20.5894,-21.3074,-22.0254,-22.7424,-23.4597,-24.1762,-24.8919,-25.6081,-26.3237,-27.0386,-27.7533,-28.4678,-29.1815,-29.8952,-30.6093,-31.3222,-32.0357,-32.7485,-33.4608,-34.1738,-34.8856,-35.5978,-36.3101,-37.0226,-37.7349,-38.447,-39.1595,-39.8724,-40.5847,-41.298,-42.0115,-42.7256,-43.4399,-44.1543,-44.8701,-45.5857,-46.3028,-47.0204,-47.739,-48.4588,-49.1793,-49.901,-50.6241,-51.3486,-52.0746,-52.8027,-53.532,-54.2624,-54.9957,-55.7311,-56.4684,-57.2077,-57.9498,-58.6949,-59.4422,90,90,90,90,90,90,90,90,90,90,90,90,90,90,90,90,90,90,90,90,90,90,90,90,90,90,90,90,90,90,90,90,90,90,90,90,90,90,90,90,90,90,90,90,90,90,90,90,90,90,90,90,90,90,90,
90,90,90,90,90,90,90,90,90,90,90,90,90,90,90,90,90,90,90,90,90,90,90,90,90,90,90,90,90,90,90,90,90,90,90,90,90,90,90,90,90,90,90,90,90,90,90,90,90,90,90,90,90,90,59.6789,58.9352,58.1939,57.4555,56.7197,55.9864,55.2558,54.526,53.7994,53.074,52.3509,51.6295,50.9091,50.1902,49.4734,48.7574,48.0427,47.3286,46.6157,45.9045,45.1933,44.4829,43.7736,43.0639,42.3562,41.6475,40.9401,40.2328,39.5255,38.8187,38.1124,37.4054,36.6988,35.9925,35.2859,34.5798,33.873,33.1666,32.4597,31.7527,31.0459,30.3386,29.6305,28.9224,28.2148,27.5059,26.7974,26.0882,25.3793,24.6693,23.9595,23.2489,22.5387,21.8269,21.1158,20.4038,19.6916,18.9793,18.2664,17.553,16.8394,16.1259,15.4116,14.697,13.9817,13.2671,12.5513,11.8354,11.1202,10.4037,9.68689,8.97046,8.25352,7.53657,6.81928,6.10185,5.38438,4.66676,3.94896,3.2311,2.51313,1.79516,1.07713,0.359044,-0.359044,-1.07713,-1.79516,-2.51313,-3.2311,-3.94896,-4.66676,-5.38438,-6.10185,-6.81928,-7.53657,-8.25352,-8.97046,-9.68689,-10.4037,-11.1202,-11.8354,-12.5513,-13.2671,-13.9817,-14.697,-15.4116,-16.1259,-16.8394,-17.553,-18.2664,-18.9793,-19.6916,-20.4038,-21.1158,-21.8269,-22.5387,-23.2489,-23.9595,-24.6693,-25.3793,-26.0882,-26.7974,-27.5059,-28.2148,-28.9224,-29.6305,-30.3386,-31.0459,-31.7527,-32.4597,-33.1666,-33.873,-34.5798,-35.2859,-35.9925,-36.6988,-37.4054,-38.1124,-38.8187,-39.5255,-40.2328,-40.9401,-41.6475,-42.3562,-43.0639,-43.7736,-44.4829,-45.1933,-45.9045,-46.6157,-47.3286,-48.0427,-48.7574,-49.4734,-50.1902,-50.9091,-51.6295,-52.3509,-53.074,-53.7994,-54.526,-55.2558,-55.9864,-56.7197,-57.4555,-58.1939,-58.9352,-59.6789,90,90,90,90,90,90,90,90,90,90,90,90,90,90,90,90,90,90,90,90,90,90,90,90,90,90,90,90,90,90,90,90,90,90,90,90,90,90,90,90,90,90,90,90,90,90,90,90,90,90,90,90,90,90,
90,90,90,90,90,90,90,90,90,90,90,90,90,90,90,90,90,90,90,90,90,90,90,90,90,90,90,90,90,90,90,90,90,90,90,90,90,90,90,90,90,90,90,90,90,90,90,90,90,90,90,90,90,59.9225,59.1822,58.4441,57.7093,56.9769,56.247,55.5198,54.7946,54.0714,53.3508,52.6314,51.9138,51.1979,50.4841,49.7708,49.0595,48.3491,47.6399,46.9321,46.2248,45.5187,44.8137,44.1086,43.4044,42.7011,41.9981,41.2958,40.5932,39.8918,39.1904,38.4891,37.7877,37.0873,36.3862,35.6849,34.9846,34.2834,33.5829,32.8817,32.1805,31.4796,30.7778,30.0765,29.3743,28.6724,27.9695,27.2673,26.5643,25.8611,25.1578,24.4543,23.7497,23.0456,22.3404,21.6355,20.9299,20.2242,19.5179,18.8115,18.1048,17.398,16.6904,15.9821,15.2747,14.5664,13.8572,13.1488,12.4392,11.7304,11.0204,10.311,9.60048,8.89045,8.17977,7.46908,6.7583,6.04726,5.33612,4.62484,3.91355,3.20212,2.49056,1.77908,1.0674,0.355812,-0.355812,-1.0674,-1.77908,-2.49056,-3.20212,-3.91355,-4.62484,-5.33612,-6.04726,-6.7583,-7.46908,-8.17977,-8.89045,-9.60048,-10.311,-11.0204,-11.7304,-12.4392,-13.1488,-13.8572,-14.5664,-15.2747,-15.9821,-16.6904,-17.398,-18.1048,-18.8115,-19.5179,-20.2242,-20.9299,-21.6355,-22.3404,-23.0456,-23.7497,-24.4543,-25.1578,-25.8611,-26.5643,-27.2673,-27.9695,-28.6724,-29.3743,-30.0765,-30.7778,-31.4796,-32.1805,-32.8817,-33.5829,-34.2834,-34.9846,-35.6849,-36.3862,-37.0873,-37.7877,-38.4891,-39.1904,-39.8918,-40.5932,-41.2958,-41.9981,-42.7011,-43.4044,-44.1086,-44.8137,-45.5187,-46.2248,-46.9321,-47.6399,-48.3491,-49.0595,-49.7708,-50.4841,-51.1979,-51.9138,-52.6314,-53.3508,-54.0714,-54.7946,-55.5198,-56.247,-56.9769,-57.7093,-58.4441,-59.1822,-59.9225,90,90,90,90,90,90,90,90,90,90,90,90,90,90,90,90,90,90,90,90,90,90,90,90,90,90,90,90,90,90,90,90,90,90,90,90,90,90,90,90,90,90,90,90,90,90,90,90,90,90,90,90,90,
90,90,90,90,90,90,90,90,90,90,90,90,90,90,90,90,90,90,90,90,90,90,90,90,90,90,90,90,90,90,90,90,90,90,90,90,90,90,90,90,90,90,90,90,90,90,90,90,90,90,90,90,60.1721,59.4345,58.7,57.9683,57.2394,56.5129,55.7888,55.0674,54.3482,53.6309,52.9155,52.202,51.4904,50.7804,50.0721,49.3642,48.6589,47.9539,47.2502,46.5478,45.8461,45.145,44.4456,43.746,43.0475,42.3493,41.6519,40.9548,40.258,39.5623,38.8657,38.1701,37.4746,36.7791,36.0834,35.3881,34.6928,33.997,33.3016,32.6058,31.9109,31.2148,30.5185,29.8228,29.1265,28.43,27.7332,27.0363,26.3387,25.6409,24.9434,24.2453,23.5471,22.8485,22.1489,21.4496,20.75,20.0507,19.3501,18.6497,17.9485,17.2477,16.546,15.8444,15.142,14.4396,13.7371,13.0346,12.331,11.6282,10.9242,10.2208,9.51712,8.81228,8.10835,7.40384,6.69921,5.99436,5.28941,4.58449,3.87926,3.17404,2.46883,1.76345,1.0581,0.352701,-0.352701,-1.0581,-1.76345,-2.46883,-3.17404,-3.87926,-4.58449,-5.28941,-5.99436,-6.69921,-7.40384,-8.10835,-8.81228,-9.51712,-10.2208,-10.9242,-11.6282,-12.331,-13.0346,-13.7371,-14.4396,-15.142,-15.8444,-16.546,-17.2477,-17.9485,-18.6497,-19.3501,-20.0507,-20.75,-21.4496,-22.1489,-22.8485,-23.5471,-24.2453,-24.9434,-25.6409,-26.3387,-27.0363,-27.7332,-28.43,-29.1265,-29.8228,-30.5185,-31.2148,-31.9109,-32.6058,-33.3016,-33.997,-34.6928,-35.3881,-36.0834,-36.7791,-37.4746,-38.1701,-38.8657,-39.5623,-40.258,-40.9548,-41.6519,-42.3493,-43.0475,-43.746,-44.4456,-45.145,-45.8461,-46.5478,-47.2502,-47.9539,-48.6589,-49.3642,-50.0721,-50.7804,-51.4904,-52.202,-52.9155,-53.6309,-54.3482,-55.0674,-55.7888,-56.5129,-57.2394,-57.9683,-58.7,-59.4345,-60.1721,90,90,90,90,90,90,90,90,90,90,90,90,90,90,90,90,90,90,90,90,90,90,90,90,90,90,90,90,90,90,90,90,90,90,90,90,90,90,90,90,90,90,90,90,90,90,90,90,90,90,90,90,
90,90,90,90,90,90,90,90,90,90,90,90,90,90,90,90,90,90,90,90,90,90,90,90,90,90,90,90,90,90,90,90,90,90,90,90,90,90,90,90,90,90,90,90,90,90,90,90,90,90,90,60.4274,59.6922,58.9609,58.2322,57.5066,56.7837,56.0636,55.3451,54.6295,53.9154,53.2039,52.4944,51.7867,51.0803,50.3756,49.6725,48.9704,48.2705,47.5708,46.8725,46.1755,45.4792,44.7835,44.0889,43.3949,42.7018,42.0091,41.3168,40.6253,39.9335,39.2429,38.5514,37.8611,37.1708,36.4805,35.7906,35.1006,34.4098,33.7195,33.0301,32.3398,31.6497,30.9593,30.2685,29.5775,28.887,28.1952,27.5039,26.8122,26.1209,25.4288,24.7362,24.0434,23.3508,22.6576,21.9642,21.2707,20.5765,19.8827,19.1876,18.4925,17.7979,17.1027,16.4066,15.7106,15.0146,14.3179,13.6212,12.9244,12.2267,11.5295,10.8313,10.1339,9.43599,8.73782,8.03919,7.34071,6.64203,5.94323,5.24434,4.54524,3.84614,3.147,2.44766,1.7484,1.04905,0.349685,-0.349685,-1.04905,-1.7484,-2.44766,-3.147,-3.84614,-4.54524,-5.24434,-5.94323,-6.64203,-7.34071,-8.03919,-8.73782,-9.43599,-10.1339,-10.8313,-11.5295,-12.2267,-12.9244,-13.6212,-14.3179,-15.0146,-15.7106,-16.4066,-17.1027,-17.7979,-18.4925,-19.1876,-19.8827,-20.5765,-21.2707,-21.9642,-22.6576,-23.3508,-24.0434,-24.7362,-25.4288,-26.1209,-26.8122,-27.5039,-28.1952,-28.887,-29.5775,-30.2685,-30.9593,-31.6497,-32.3398,-33.0301,-33.7195,-34.4098,-35.1006,-35.7906,-36.4805,-37.1708,-37.8611,-38.5514,-39.2429,-39.9335,-40.6253,-41.3168,-42.0091,-42.7018,-43.3949,-44.0889,-44.7835,-45.4792,-46.1755,-46.8725,-47.5708,-48.2705,-48.9704,-49.6725,-50.3756,-51.0803,-51.7867,-52.4944,-53.2039,-53.9154,-54.6295,-55.3451,-56.0636,-56.7837,-57.5066,-58.2322,-58.9609,-59.6922,-60.4274,90,90,90,90,90,90,90,90,90,90,90,90,90,90,90,90,90,90,90,90,90,90,90,90,90,90,90,90,90,90,90,90,90,90,90,90,90,90,90,90,90,90,90,90,90,90,90,90,90,90,90,
90,90,90,90,90,90,90,90,90,90,90,90,90,90,90,90,90,90,90,90,90,90,90,90,90,90,90,90,90,90,90,90,90,90,90,90,90,90,90,90,90,90,90,90,90,90,90,90,90,90,60.6884,59.9561,59.2275,58.5018,57.779,57.059,56.3422,55.6273,54.9145,54.2045,53.4966,52.7902,52.0858,51.3832,50.6825,49.9829,49.2855,48.5892,47.8939,47.2,46.5069,45.8146,45.1236,44.4338,43.7434,43.0547,42.367,41.6792,40.9918,40.3052,39.6194,38.9333,38.2479,37.5619,36.8768,36.1915,35.5062,34.8213,34.1365,33.4514,32.7665,32.0816,31.3963,30.7112,30.0256,29.3398,28.6547,27.9689,27.2826,26.5963,25.9097,25.2226,24.5362,23.8486,23.1612,22.4732,21.7852,21.0967,20.4085,19.7192,19.0303,18.3408,17.6516,16.9618,16.2719,15.5814,14.8903,14.1999,13.5087,12.8172,12.1259,11.4334,10.7418,10.0498,9.35754,8.66501,7.97247,7.27961,6.58678,5.89373,5.2006,4.50736,3.81405,3.1207,2.42727,1.73377,1.04031,0.346767,-0.346767,-1.04031,-1.73377,-2.42727,-3.1207,-3.81405,-4.50736,-5.2006,-5.89373,-6.58678,-7.27961,-7.97247,-8.66501,-9.35754,-10.0498,-10.7418,-11.4334,-12.1259,-12.8172,-13.5087,-14.1999,-14.8903,-15.5814,-16.2719,-16.9618,-17.6516,-18.3408,-19.0303,-19.7192,-20.4085,-21.0967,-21.7852,-22.4732,-23.1612,-23.8486,-24.5362,-25.2226,-25.9097,-26.5963,-27.2826,-27.9689,-28.6547,-29.3398,-30.0256,-30.7112,-31.3963,-32.0816,-32.7665,-33.4514,-34.1365,-34.8213,-35.5062,-36.1915,-36.8768,-37.5619,-38.2479,-38.9333,-39.6194,-40.3052,-40.9918,-41.6792,-42.367,-43.0547,-43.7434,-44.4338,-45.1236,-45.8146,-46.5069,-47.2,-47.8939,-48.5892,-49.2855,-49.9829,-50.6825,-51.3832,-52.0858,-52.7902,-53.4966,-54.2045,-54.9145,-55.6273,-56.3422,-57.059,-57.779,-58.5018,-59.2275,-59.9561,-60.6884,90,90,90,90,90,90,90,90,90,90,90,90,90,90,90,90,90,90,90,90,90,90,90,90,90,90,90,90,90,90,90,90,90,90,90,90,90,90,90,90,90,90,90,90,90,90,90,90,90,90,
90,90,90,90,90,90,90,90,90,90,90,90,90,90,90,90,90,90,90,90,90,90,90,90,90,90,90,90,90,90,90,90,90,90,90,90,90,90,90,90,90,90,90,90,90,90,90,90,90,60.9545,60.2254,59.4996,58.7768,58.0567,57.3398,56.6249,55.9136,55.2041,54.4975,53.7925,53.0896,52.3887,51.6898,50.9923,50.2972,49.6032,48.9109,48.219,47.5288,46.84,46.152,45.4654,44.779,44.0938,43.4092,42.7252,42.0422,41.3591,40.6775,39.9952,39.3142,38.6335,37.9524,37.272,36.5917,35.9113,35.2316,34.5512,33.8714,33.1909,32.5112,31.8313,31.1512,30.4707,29.7905,29.1099,28.4295,27.7486,27.0678,26.3864,25.705,25.0236,24.3414,23.6598,22.9771,22.2944,21.612,20.9288,20.2458,19.5624,18.8786,18.1943,17.5103,16.8257,16.141,15.456,14.7708,14.0849,13.3998,12.7139,12.0277,11.3416,10.6552,9.96864,9.28181,8.59471,7.90769,7.22056,6.53326,5.84577,5.15837,4.47078,3.78307,3.0953,2.40755,1.71965,1.0318,0.343947,-0.343947,-1.0318,-1.71965,-2.40755,-3.0953,-3.78307,-4.47078,-5.15837,-5.84577,-6.53326,-7.22056,-7.90769,-8.59471,-9.28181,-9.96864,-10.6552,-11.3416,-12.0277,-12.7139,-13.3998,-14.0849,-14.7708,-15.456,-16.141,-16.8257,-17.5103,-18.1943,-18.8786,-19.5624,-20.2458,-20.9288,-21.612,-22.2944,-22.9771,-23.6598,-24.3414,-25.0236,-25.705,-26.3864,-27.0678,-27.7486,-28.4295,-29.1099,-29.7905,-30.4707,-31.1512,-31.8313,-32.5112,-33.1909,-33.8714,-34.5512,-35.2316,-35.9113,-36.5917,-37.272,-37.9524,-38.6335,-39.3142,-39.9952,-40.6775,-41.3591,-42.0422,-42.7252,-43.4092,-44.0938,-44.779,-45.4654,-46.152,-46.84,-47.5288,-48.219,-48.9109,-49.6032,-50.2972,-50.9923,-51.6898,-52.3887,-53.0896,-53.7925,-54.4975,-55.2041,-55.9136,-56.6249,-57.3398,-58.0567,-58.7768,-59.4996,-60.2254,-60.9545,90,90,90,90,90,90,90,90,90,90,90,90,90,90,90,90,90,90,90,90,90,90,90,90,90,90,90,90,90,90,90,90,90,90,90,90,90,90,90,90,90,90,90,90,90,90,90,90,90,
90,90,90,90,90,90,90,90,90,90,90,90,90,90,90,90,90,90,90,90,90,90,90,90,90,90,90,90,90,90,90,90,90,90,90,90,90,90,90,90,90,90,90,90,90,90,90,90,61.2269,60.5001,59.777,59.0562,58.3393,57.6246,56.9127,56.2043,55.4979,54.7938,54.092,53.393,52.6956,52.0001,51.3061,50.6135,49.9238,49.2348,48.5463,47.86,47.1753,46.4915,45.808,45.1259,44.445,43.7644,43.0849,42.406,41.7276,41.0497,40.3722,39.6956,39.0188,38.3428,37.6664,36.9909,36.3153,35.6399,34.965,34.289,33.614,32.939,32.2638,31.5884,30.9139,30.2379,29.5623,28.8874,28.2117,27.5354,26.8597,26.1837,25.507,24.8304,24.1537,23.4762,22.7994,22.1216,21.4441,20.7658,20.0877,19.4093,18.7304,18.0519,17.3729,16.6934,16.0138,15.3347,14.6546,13.9746,13.2939,12.6131,11.9329,11.252,10.5708,9.88945,9.20786,8.52682,7.84507,7.16329,6.48143,5.79939,5.11736,4.43524,3.75299,3.07071,2.38843,1.70602,1.02365,0.341212,-0.341212,-1.02365,-1.70602,-2.38843,-3.07071,-3.75299,-4.43524,-5.11736,-5.79939,-6.48143,-7.16329,-7.84507,-8.52682,-9.20786,-9.88945,-10.5708,-11.252,-11.9329,-12.6131,-13.2939,-13.9746,-14.6546,-15.3347,-16.0138,-16.6934,-17.3729,-18.0519,-18.7304,-19.4093,-20.0877,-20.7658,-21.4441,-22.1216,-22.7994,-23.4762,-24.1537,-24.8304,-25.507,-26.1837,-26.8597,-27.5354,-28.2117,-28.8874,-29.5623,-30.2379,-30.9139,-31.5884,-32.2638,-32.939,-33.614,-34.289,-34.965,-35.6399,-36.3153,-36.9909,-37.6664,-38.3428,-39.0188,-39.6956,-40.3722,-41.0497,-41.7276,-42.406,-43.0849,-43.7644,-44.445,-45.1259,-45.808,-46.4915,-47.1753,-47.86,-48.5463,-49.2348,-49.9238,-50.6135,-51.3061,-52.0001,-52.6956,-53.393,-54.092,-54.7938,-55.4979,-56.2043,-56.9127,-57.6246,-58.3393,-59.0562,-59.777,-60.5001,-61.2269,90,90,90,90,90,90,90,90,90,90,90,90,90,90,90,90,90,90,90,90,90,90,90,90,90,90,90,90,90,90,90,90,90,90,90,90,90,90,90,90,90,90,90,90,90,90,90,90,
90,90,90,90,90,90,90,90,90,90,90,90,90,90,90,90,90,90,90,90,90,90,90,90,90,90,90,90,90,90,90,90,90,90,90,90,90,90,90,90,90,90,90,90,90,90,90,61.5055,60.7804,60.0592,59.3407,58.6263,57.9143,57.2056,56.4994,55.7958,55.0947,54.3958,53.6995,53.0052,52.313,51.6219,50.9338,50.2465,49.5606,48.8769,48.1938,47.5124,46.8319,46.153,45.4744,44.7972,44.1208,43.4451,42.7701,42.0961,41.4223,40.7494,40.0764,39.4039,38.7322,38.0608,37.3896,36.7187,36.0473,35.3765,34.7058,34.0358,33.3652,32.6948,32.024,31.354,30.6828,30.0123,29.3418,28.6707,28.0005,27.3287,26.6572,25.9861,25.3148,24.6427,23.9711,23.299,22.6265,21.9542,21.2809,20.6079,19.9349,19.2612,18.588,17.9143,17.2402,16.5655,15.8917,15.2166,14.5423,13.8665,13.1915,12.5165,11.8405,11.1647,10.4893,9.81296,9.13724,8.46045,7.78434,7.1077,6.4312,5.75443,5.0776,4.40077,3.72387,3.04687,2.36985,1.69277,1.01568,0.338557,-0.338557,-1.01568,-1.69277,-2.36985,-3.04687,-3.72387,-4.40077,-5.0776,-5.75443,-6.4312,-7.1077,-7.78434,-8.46045,-9.13724,-9.81296,-10.4893,-11.1647,-11.8405,-12.5165,-13.1915,-13.8665,-14.5423,-15.2166,-15.8917,-16.5655,-17.2402,-17.9143,-18.588,-19.2612,-19.9349,-20.6079,-21.2809,-21.9542,-22.6265,-23.299,-23.9711,-24.6427,-25.3148,-25.9861,-26.6572,-27.3287,-28.0005,-28.6707,-29.3418,-30.0123,-30.6828,-31.354,-32.024,-32.6948,-33.3652,-34.0358,-34.7058,-35.3765,-36.0473,-36.7187,-37.3896,-38.0608,-38.7322,-39.4039,-40.0764,-40.7494,-41.4223,-42.0961,-42.7701,-43.4451,-44.1208,-44.7972,-45.4744,-46.153,-46.8319,-47.5124,-48.1938,-48.8769,-49.5606,-50.2465,-50.9338,-51.6219,-52.313,-53.0052,-53.6995,-54.3958,-55.0947,-55.7958,-56.4994,-57.2056,-57.9143,-58.6263,-59.3407,-60.0592,-60.7804,-61.5055,90,90,90,90,90,90,90,90,90,90,90,90,90,90,90,90,90,90,90,90,90,90,90,90,90,90,90,90,90,90,90,90,90,90,90,90,90,90,90,90,90,90,90,90,90,90,90,
90,90,90,90,90,90,90,90,90,90,90,90,90,90,90,90,90,90,90,90,90,90,90,90,90,90,90,90,90,90,90,90,90,90,90,90,90,90,90,90,90,90,90,90,90,90,61.7892,61.0658,60.3469,59.6309,58.9183,58.2086,57.5024,56.7983,56.0978,55.3995,54.7031,54.0101,53.3188,52.6293,51.9413,51.2558,50.572,49.8899,49.2092,48.5297,47.8513,47.1752,46.499,45.8249,45.1511,44.4787,43.8066,43.1352,42.4655,41.7954,41.1265,40.458,39.7894,39.1219,38.4547,37.7872,37.1211,36.4542,35.7874,35.1213,34.4552,33.7893,33.1232,32.4577,31.7917,31.1253,30.4594,29.7939,29.1274,28.4613,27.795,27.1288,26.4619,25.7949,25.1284,24.4616,23.794,23.1265,22.4588,21.7911,21.1232,20.4547,19.7871,19.1181,18.4495,17.7805,17.1111,16.4417,15.7721,15.1023,14.433,13.7627,13.0924,12.4222,11.7513,11.0809,10.4097,9.73906,9.06821,8.39713,7.72532,7.05395,6.38243,5.71092,5.03919,4.36745,3.69566,3.02372,2.35186,1.67987,1.00792,0.335989,-0.335989,-1.00792,-1.67987,-2.35186,-3.02372,-3.69566,-4.36745,-5.03919,-5.71092,-6.38243,-7.05395,-7.72532,-8.39713,-9.06821,-9.73906,-10.4097,-11.0809,-11.7513,-12.4222,-13.0924,-13.7627,-14.433,-15.1023,-15.7721,-16.4417,-17.1111,-17.7805,-18.4495,-19.1181,-19.7871,-20.4547,-21.1232,-21.7911,-22.4588,-23.1265,-23.794,-24.4616,-25.1284,-25.7949,-26.4619,-27.1288,-27.795,-28.4613,-29.1274,-29.7939,-30.4594,-31.1253,-31.7917,-32.4577,-33.1232,-33.7893,-34.4552,-35.1213,-35.7874,-36.4542,-37.1211,-37.7872,-38.4547,-39.1219,-39.7894,-40.458,-41.1265,-41.7954,-42.4655,-43.1352,-43.8066,-44.4787,-45.1511,-45.8249,-46.499,-47.1752,-47.8513,-48.5297,-49.2092,-49.8899,-50.572,-51.2558,-51.9413,-52.6293,-53.3188,-54.0101,-54.7031,-55.3995,-56.0978,-56.7983,-57.5024,-58.2086,-58.9183,-59.6309,-60.3469,-61.0658,-61.7892,90,90,90,90,90,90,90,90,90,90,90,90,90,90,90,90,90,90,90,90,90,90,90,90,90,90,90,90,90,90,90,90,90,90,90,90,90,90,90,90,90,90,90,90,90,90,
90,90,90,90,90,90,90,90,90,90,90,90,90,90,90,90,90,90,90,90,90,90,90,90,90,90,90,90,90,90,90,90,90,90,90,90,90,90,90,90,90,90,90,90,90,62.0781,61.3564,60.6391,59.9257,59.2151,58.5078,57.8034,57.1022,56.4037,55.708,55.0146,54.3234,53.6349,52.9483,52.2638,51.5815,50.9001,50.2213,49.5433,48.8677,48.1929,47.5192,46.8471,46.1761,45.5061,44.837,44.1688,43.5014,42.8348,42.1688,41.5041,40.8388,40.1747,39.511,38.8477,38.1849,37.5224,36.8596,36.1977,35.5359,34.8738,34.2122,33.5501,32.8887,32.2273,31.5658,30.9042,30.243,29.581,28.9194,28.2575,27.5958,26.9338,26.2719,25.6099,24.9477,24.2852,23.6224,22.9599,22.2967,21.6333,20.9696,20.3066,19.6424,18.9787,18.3149,17.6504,16.9861,16.3215,15.657,14.9921,14.3271,13.6615,12.996,12.3305,11.6648,10.9993,10.3335,9.66673,9.0006,8.33504,7.66822,7.00175,6.33515,5.66856,5.00184,4.33504,3.66827,3.00128,2.33445,1.66741,1.00048,0.333496,-0.333496,-1.00048,-1.66741,-2.33445,-3.00128,-3.66827,-4.33504,-5.00184,-5.66856,-6.33515,-7.00175,-7.66822,-8.33504,-9.0006,-9.66673,-10.3335,-10.9993,-11.6648,-12.3305,-12.996,-13.6615,-14.3271,-14.9921,-15.657,-16.3215,-16.9861,-17.6504,-18.3149,-18.9787,-19.6424,-20.3066,-20.9696,-21.6333,-22.2967,-22.9599,-23.6224,-24.2852,-24.9477,-25.6099,-26.2719,-26.9338,-27.5958,-28.2575,-28.9194,-29.581,-30.243,-30.9042,-31.5658,-32.2273,-32.8887,-33.5501,-34.2122,-34.8738,-35.5359,-36.1977,-36.8596,-37.5224,-38.1849,-38.8477,-39.511,-40.1747,-40.8388,-41.5041,-42.1688,-42.8348,-43.5014,-44.1688,-44.837,-45.5061,-46.1761,-46.8471,-47.5192,-48.1929,-48.8677,-49.5433,-50.2213,-50.9001,-51.5815,-52.2638,-52.9483,-53.6349,-54.3234,-55.0146,-55.708,-56.4037,-57.1022,-57.8034,-58.5078,-59.2151,-59.9257,-60.6391,-61.3564,-62.0781,90,90,90,90,90,90,90,90,90,90,90,90,90,90,90,90,90,90,90,90,90,90,90,90,90,90,90,90,90,90,90,90,90,90,90,90,90,90,90,90,90,90,90,90,90,
90,90,90,90,90,90,90,90,90,90,90,90,90,90,90,90,90,90,90,90,90,90,90,90,90,90,90,90,90,90,90,90,90,90,90,90,90,90,90,90,90,90,90,90,62.372,61.6527,60.9371,60.2245,59.5161,58.8107,58.109,57.4095,56.7133,56.0199,55.3291,54.6408,53.9551,53.2712,52.5895,51.909,51.2317,50.5553,49.8805,49.2081,48.5365,47.8656,47.197,46.5295,45.863,45.1971,44.532,43.869,43.2051,42.5431,41.8813,41.2207,40.5607,39.9007,39.2413,38.5823,37.9231,37.2649,36.6065,35.9488,35.2908,34.6336,33.976,33.3184,32.6613,32.0038,31.3469,30.6897,30.0326,29.3752,28.7177,28.0605,27.403,26.7457,26.088,25.4298,24.7721,24.1142,23.4559,22.797,22.1387,21.4804,20.8212,20.1623,19.5035,18.8441,18.1844,17.5244,16.8647,16.205,15.5452,14.8845,14.224,13.5637,12.9026,12.2417,11.5813,10.9203,10.259,9.59759,8.93603,8.27424,7.61279,6.95115,6.28931,5.62747,4.96561,4.30358,3.64159,2.97959,2.31743,1.65536,0.993222,0.331074,-0.331074,-0.993222,-1.65536,-2.31743,-2.97959,-3.64159,-4.30358,-4.96561,-5.62747,-6.28931,-6.95115,-7.61279,-8.27424,-8.93603,-9.59759,-10.259,-10.9203,-11.5813,-12.2417,-12.9026,-13.5637,-14.224,-14.8845,-15.5452,-16.205,-16.8647,-17.5244,-18.1844,-18.8441,-19.5035,-20.1623,-20.8212,-21.4804,-22.1387,-22.797,-23.4559,-24.1142,-24.7721,-25.4298,-26.088,-26.7457,-27.403,-28.0605,-28.7177,-29.3752,-30.0326,-30.6897,-31.3469,-32.0038,-32.6613,-33.3184,-33.976,-34.6336,-35.2908,-35.9488,-36.6065,-37.2649,-37.9231,-38.5823,-39.2413,-39.9007,-40.5607,-41.2207,-41.8813,-42.5431,-43.2051,-43.869,-44.532,-45.1971,-45.863,-46.5295,-47.197,-47.8656,-48.5365,-49.2081,-49.8805,-50.5553,-51.2317,-51.909,-52.5895,-53.2712,-53.9551,-54.6408,-55.3291,-56.0199,-56.7133,-57.4095,-58.109,-58.8107,-59.5161,-60.2245,-60.9371,-61.6527,-62.372,90,90,90,90,90,90,90,90,90,90,90,90,90,90,90,90,90,90,90,90,90,90,90,90,90,90,90,90,90,90,90,90,90,90,90,90,90,90,90,90,90,90,90,90,
90,90,90,90,90,90,90,90,90,90,90,90,90,90,90,90,90,90,90,90,90,90,90,90,90,90,90,90,90,90,90,90,90,90,90,90,90,90,90,90,90,90,90,62.6717,61.9539,61.2396,60.529,59.8223,59.1189,58.4185,57.7218,57.0277,56.3366,55.6475,54.9617,54.2778,53.5969,52.9174,52.2401,51.5656,50.8921,50.2202,49.5503,48.8817,48.2146,47.5486,46.8839,46.2203,45.5583,44.8968,44.2369,43.5772,42.9185,42.2599,41.6027,40.9462,40.2897,39.6337,38.979,38.3235,37.6686,37.0145,36.3609,35.7069,35.0537,34.4002,33.7467,33.0936,32.4403,31.7873,31.1347,30.4815,29.8287,29.1753,28.5223,27.8684,27.2159,26.5623,25.9086,25.2551,24.6018,23.9476,23.2941,22.6403,21.9855,21.331,20.6767,20.0223,19.3674,18.713,18.0575,17.4024,16.747,16.0917,15.4361,14.7805,14.1243,13.4683,12.8124,12.1556,11.4998,10.843,10.1861,9.52987,8.87271,8.21613,7.55907,6.90191,6.24483,5.5876,4.93041,4.2731,3.61581,2.95844,2.30106,1.64362,0.986193,0.328726,-0.328726,-0.986193,-1.64362,-2.30106,-2.95844,-3.61581,-4.2731,-4.93041,-5.5876,-6.24483,-6.90191,-7.55907,-8.21613,-8.87271,-9.52987,-10.1861,-10.843,-11.4998,-12.1556,-12.8124,-13.4683,-14.1243,-14.7805,-15.4361,-16.0917,-16.747,-17.4024,-18.0575,-18.713,-19.3674,-20.0223,-20.6767,-21.331,-21.9855,-22.6403,-23.2941,-23.9476,-24.6018,-25.2551,-25.9086,-26.5623,-27.2159,-27.8684,-28.5223,-29.1753,-29.8287,-30.4815,-31.1347,-31.7873,-32.4403,-33.0936,-33.7467,-34.4002,-35.0537,-35.7069,-36.3609,-37.0145,-37.6686,-38.3235,-38.979,-39.6337,-40.2897,-40.9462,-41.6027,-42.2599,-42.9185,-43.5772,-44.2369,-44.8968,-45.5583,-46.2203,-46.8839,-47.5486,-48.2146,-48.8817,-49.5503,-50.2202,-50.8921,-51.5656,-52.2401,-52.9174,-53.5969,-54.2778,-54.9617,-55.6475,-56.3366,-57.0277,-57.7218,-58.4185,-59.1189,-59.8223,-60.529,-61.2396,-61.9539,-62.6717,90,90,90,90,90,90,90,90,90,90,90,90,90,90,90,90,90,90,90,90,90,90,90,90,90,90,90,90,90,90,90,90,90,90,90,90,90,90,90,90,90,90,90,
90,90,90,90,90,90,90,90,90,90,90,90,90,90,90,90,90,90,90,90,90,90,90,90,90,90,90,90,90,90,90,90,90,90,90,90,90,90,90,90,90,90,62.9771,62.2601,61.5472,60.8384,60.1327,59.431,58.7329,58.038,57.3456,56.6564,55.9699,55.2858,54.6043,53.9258,53.2492,52.5744,51.9019,51.2306,50.562,49.8949,49.2287,48.5645,47.9017,47.2401,46.5797,45.921,45.2623,44.6052,43.9491,43.2934,42.639,41.985,41.3317,40.679,40.0266,39.3752,38.7239,38.073,37.4221,36.7722,36.1219,35.4722,34.8225,34.1733,33.5241,32.8751,32.2262,31.5768,30.9279,30.279,29.6295,28.9809,28.3318,27.6824,27.0337,26.3843,25.7352,25.0853,24.4366,23.7863,23.1372,22.487,21.8369,21.1872,20.5369,19.8865,19.2357,18.5853,17.9347,17.2838,16.6322,15.9812,15.3303,14.6789,14.0269,13.3759,12.7242,12.0725,11.42,10.7682,10.1163,9.46361,8.8115,8.15919,7.50669,6.85424,6.2016,5.54898,4.89626,4.24355,3.59073,2.93791,2.28508,1.63218,0.97932,0.326448,-0.326448,-0.97932,-1.63218,-2.28508,-2.93791,-3.59073,-4.24355,-4.89626,-5.54898,-6.2016,-6.85424,-7.50669,-8.15919,-8.8115,-9.46361,-10.1163,-10.7682,-11.42,-12.0725,-12.7242,-13.3759,-14.0269,-14.6789,-15.3303,-15.9812,-16.6322,-17.2838,-17.9347,-18.5853,-19.2357,-19.8865,-20.5369,-21.1872,-21.8369,-22.487,-23.1372,-23.7863,-24.4366,-25.0853,-25.7352,-26.3843,-27.0337,-27.6824,-28.3318,-28.9809,-29.6295,-30.279,-30.9279,-31.5768,-32.2262,-32.8751,-33.5241,-34.1733,-34.8225,-35.4722,-36.1219,-36.7722,-37.4221,-38.073,-38.7239,-39.3752,-40.0266,-40.679,-41.3317,-41.985,-42.639,-43.2934,-43.9491,-44.6052,-45.2623,-45.921,-46.5797,-47.2401,-47.9017,-48.5645,-49.2287,-49.8949,-50.562,-51.2306,-51.9019,-52.5744,-53.2492,-53.9258,-54.6043,-55.2858,-55.9699,-56.6564,-57.3456,-58.038,-58.7329,-59.431,-60.1327,-60.8384,-61.5472,-62.2601,-62.9771,90,90,90,90,90,90,90,90,90,90,90,90,90,90,90,90,90,90,90,90,90,90,90,90,90,90,90,90,90,90,90,90,90,90,90,90,90,90,90,90,90,90,
90,90,90,90,90,90,90,90,90,90,90,90,90,90,90,90,90,90,90,90,90,90,90,90,90,90,90,90,90,90,90,90,90,90,90,90,90,90,90,90,90,63.2873,62.5715,61.8596,61.1522,60.4486,59.748,59.0515,58.3579,57.6676,56.9804,56.2954,55.6138,54.9349,54.2576,53.5833,52.9108,52.2409,51.5726,50.9065,50.2415,49.5787,48.9167,48.2573,47.5981,46.9408,46.2846,45.6291,44.9753,44.3225,43.6701,43.0187,42.3676,41.7174,41.0685,40.4197,39.7716,39.1237,38.4763,37.8293,37.1824,36.5364,35.8897,35.2439,34.5984,33.9532,33.3075,32.6627,32.0173,31.372,30.7274,30.0827,29.4369,28.792,28.1472,27.5015,26.8572,26.2116,25.5663,24.9208,24.2753,23.6295,22.9842,22.3386,21.6931,21.0465,20.4009,19.7542,19.1082,18.4618,17.8152,17.168,16.5214,15.875,15.2273,14.5809,13.9337,13.2858,12.6389,11.9911,11.3436,10.6959,10.0482,9.40031,8.75231,8.10402,7.45599,6.80782,6.15956,5.51141,4.86316,4.21478,3.56636,2.91802,2.2696,1.62113,0.972663,0.324234,-0.324234,-0.972663,-1.62113,-2.2696,-2.91802,-3.56636,-4.21478,-4.86316,-5.51141,-6.15956,-6.80782,-7.45599,-8.10402,-8.75231,-9.40031,-10.0482,-10.6959,-11.3436,-11.9911,-12.6389,-13.2858,-13.9337,-14.5809,-15.2273,-15.875,-16.5214,-17.168,-17.8152,-18.4618,-19.1082,-19.7542,-20.4009,-21.0465,-21.6931,-22.3386,-22.9842,-23.6295,-24.2753,-24.9208,-25.5663,-26.2116,-26.8572,-27.5015,-28.1472,-28.792,-29.4369,-30.0827,-30.7274,-31.372,-32.0173,-32.6627,-33.3075,-33.9532,-34.5984,-35.2439,-35.8897,-36.5364,-37.1824,-37.8293,-38.4763,-39.1237,-39.7716,-40.4197,-41.0685,-41.7174,-42.3676,-43.0187,-43.6701,-44.3225,-44.9753,-45.6291,-46.2846,-46.9408,-47.5981,-48.2573,-48.9167,-49.5787,-50.2415,-50.9065,-51.5726,-52.2409,-52.9108,-53.5833,-54.2576,-54.9349,-55.6138,-56.2954,-56.9804,-57.6676,-58.3579,-59.0515,-59.748,-60.4486,-61.1522,-61.8596,-62.5715,-63.2873,90,90,90,90,90,90,90,90,90,90,90,90,90,90,90,90,90,90,90,90,90,90,90,90,90,90,90,90,90,90,90,90,90,90,90,90,90,90,90,90,90,
90,90,90,90,90,90,90,90,90,90,90,90,90,90,90,90,90,90,90,90,90,90,90,90,90,90,90,90,90,90,90,90,90,90,90,90,90,90,90,90,90,62.8882,62.1772,61.4704,60.7681,60.0693,59.3744,58.6823,57.9932,57.3076,56.6246,55.9453,55.2679,54.5931,53.9208,53.2507,52.5829,51.9164,51.2527,50.5908,49.93,49.2712,48.6139,47.9581,47.3036,46.6499,45.9974,45.3466,44.6964,44.0467,43.3991,42.7509,42.1046,41.4581,40.8129,40.1674,39.5231,38.8795,38.2359,37.5929,36.9497,36.3071,35.6649,35.023,34.3809,33.7391,33.0975,32.4562,31.8153,31.1735,30.532,29.8908,29.2496,28.6089,27.9678,27.3263,26.685,26.0437,25.4024,24.7609,24.119,23.4777,22.8358,22.194,21.5522,20.9104,20.2683,19.6263,18.9839,18.3414,17.6993,17.056,16.414,15.7707,15.1277,14.4849,13.8417,13.1986,12.5554,11.9118,11.2688,10.6251,9.98132,9.33821,8.6942,8.05067,7.40664,6.76277,6.11884,5.47486,4.83086,4.1868,3.54272,2.8986,2.25455,1.6104,0.966212,0.322078,-0.322078,-0.966212,-1.6104,-2.25455,-2.8986,-3.54272,-4.1868,-4.83086,-5.47486,-6.11884,-6.76277,-7.40664,-8.05067,-8.6942,-9.33821,-9.98132,-10.6251,-11.2688,-11.9118,-12.5554,-13.1986,-13.8417,-14.4849,-15.1277,-15.7707,-16.414,-17.056,-17.6993,-18.3414,-18.9839,-19.6263,-20.2683,-20.9104,-21.5522,-22.194,-22.8358,-23.4777,-24.119,-24.7609,-25.4024,-26.0437,-26.685,-27.3263,-27.9678,-28.6089,-29.2496,-29.8908,-30.532,-31.1735,-31.8153,-32.4562,-33.0975,-33.7391,-34.3809,-35.023,-35.6649,-36.3071,-36.9497,-37.5929,-38.2359,-38.8795,-39.5231,-40.1674,-40.8129,-41.4581,-42.1046,-42.7509,-43.3991,-44.0467,-44.6964,-45.3466,-45.9974,-46.6499,-47.3036,-47.9581,-48.6139,-49.2712,-49.93,-50.5908,-51.2527,-51.9164,-52.5829,-53.2507,-53.9208,-54.5931,-55.2679,-55.9453,-56.6246,-57.3076,-57.9932,-58.6823,-59.3744,-60.0693,-60.7681,-61.4704,-62.1772,-62.8882,90,90,90,90,90,90,90,90,90,90,90,90,90,90,90,90,90,90,90,90,90,90,90,90,90,90,90,90,90,90,90,90,90,90,90,90,90,90,90,90,90,
90,90,90,90,90,90,90,90,90,90,90,90,90,90,90,90,90,90,90,90,90,90,90,90,90,90,90,90,90,90,90,90,90,90,90,90,90,90,90,90,63.2093,62.4997,61.7943,61.0928,60.3952,59.701,59.0103,58.3232,57.6393,56.9579,56.2799,55.6047,54.9317,54.2614,53.5932,52.9276,52.2639,51.6019,50.9423,50.2839,49.6276,48.9728,48.3196,47.6668,47.0163,46.3667,45.7188,45.0715,44.4254,43.7794,43.1348,42.4918,41.8486,41.2058,40.5643,39.923,39.2824,38.6414,38.0021,37.3623,36.723,36.0847,35.4457,34.8072,34.1694,33.531,32.8938,32.2557,31.6179,30.9801,30.343,29.7053,29.0682,28.4306,27.7933,27.1553,26.5178,25.8801,25.2426,24.6054,23.9675,23.33,22.6917,22.0542,21.4158,20.7777,20.1392,19.5016,18.8629,18.2248,17.5862,16.9476,16.3084,15.6697,15.0312,14.3923,13.7526,13.1141,12.4747,11.8357,11.1958,10.5566,9.91742,9.27739,8.63788,7.99831,7.35865,6.7189,6.07923,5.43942,4.79947,4.15961,3.51973,2.87981,2.2399,1.59996,0.959974,0.319988,-0.319988,-0.959974,-1.59996,-2.2399,-2.87981,-3.51973,-4.15961,-4.79947,-5.43942,-6.07923,-6.7189,-7.35865,-7.99831,-8.63788,-9.27739,-9.91742,-10.5566,-11.1958,-11.8357,-12.4747,-13.1141,-13.7526,-14.3923,-15.0312,-15.6697,-16.3084,-16.9476,-17.5862,-18.2248,-18.8629,-19.5016,-20.1392,-20.7777,-21.4158,-22.0542,-22.6917,-23.33,-23.9675,-24.6054,-25.2426,-25.8801,-26.5178,-27.1553,-27.7933,-28.4306,-29.0682,-29.7053,-30.343,-30.9801,-31.6179,-32.2557,-32.8938,-33.531,-34.1694,-34.8072,-35.4457,-36.0847,-36.723,-37.3623,-38.0021,-38.6414,-39.2824,-39.923,-40.5643,-41.2058,-41.8486,-42.4918,-43.1348,-43.7794,-44.4254,-45.0715,-45.7188,-46.3667,-47.0163,-47.6668,-48.3196,-48.9728,-49.6276,-50.2839,-50.9423,-51.6019,-52.2639,-52.9276,-53.5932,-54.2614,-54.9317,-55.6047,-56.2799,-56.9579,-57.6393,-58.3232,-59.0103,-59.701,-60.3952,-61.0928,-61.7943,-62.4997,-63.2093,90,90,90,90,90,90,90,90,90,90,90,90,90,90,90,90,90,90,90,90,90,90,90,90,90,90,90,90,90,90,90,90,90,90,90,90,90,90,90,90,
90,90,90,90,90,90,90,90,90,90,90,90,90,90,90,90,90,90,90,90,90,90,90,90,90,90,90,90,90,90,90,90,90,90,90,90,90,90,90,63.5363,62.8276,62.1222,61.4221,60.7256,60.0326,59.3431,58.6573,57.9748,57.2953,56.6184,55.9448,55.2737,54.6047,53.9384,53.2752,52.6129,51.9536,51.2957,50.6399,49.986,49.3336,48.6828,48.033,47.3846,46.7382,46.0925,45.4475,44.8038,44.1617,43.5197,42.8787,42.2392,41.599,40.9602,40.3223,39.6846,39.0477,38.4109,37.7746,37.1385,36.5034,35.8677,35.233,34.5977,33.9638,33.3291,32.6946,32.0604,31.4265,30.7924,30.1586,29.5249,28.8907,28.2569,27.6232,26.9897,26.3556,25.7219,25.0879,24.4538,23.8197,23.1861,22.552,21.9173,21.2831,20.6492,20.0142,19.38,18.7456,18.111,17.4763,16.8417,16.2061,15.5719,14.937,14.3015,13.6664,13.0316,12.3959,11.7604,11.1257,10.4902,9.85473,9.21918,8.5834,7.94756,7.31209,6.67638,6.0406,5.40486,4.76904,4.13324,3.49742,2.86149,2.22565,1.58978,0.953866,0.317955,-0.317955,-0.953866,-1.58978,-2.22565,-2.86149,-3.49742,-4.13324,-4.76904,-5.40486,-6.0406,-6.67638,-7.31209,-7.94756,-8.5834,-9.21918,-9.85473,-10.4902,-11.1257,-11.7604,-12.3959,-13.0316,-13.6664,-14.3015,-14.937,-15.5719,-16.2061,-16.8417,-17.4763,-18.111,-18.7456,-19.38,-20.0142,-20.6492,-21.2831,-21.9173,-22.552,-23.1861,-23.8197,-24.4538,-25.0879,-25.7219,-26.3556,-26.9897,-27.6232,-28.2569,-28.8907,-29.5249,-30.1586,-30.7924,-31.4265,-32.0604,-32.6946,-33.3291,-33.9638,-34.5977,-35.233,-35.8677,-36.5034,-37.1385,-37.7746,-38.4109,-39.0477,-39.6846,-40.3223,-40.9602,-41.599,-42.2392,-42.8787,-43.5197,-44.1617,-44.8038,-45.4475,-46.0925,-46.7382,-47.3846,-48.033,-48.6828,-49.3336,-49.986,-50.6399,-51.2957,-51.9536,-52.6129,-53.2752,-53.9384,-54.6047,-55.2737,-55.9448,-56.6184,-57.2953,-57.9748,-58.6573,-59.3431,-60.0326,-60.7256,-61.4221,-62.1222,-62.8276,-63.5363,90,90,90,90,90,90,90,90,90,90,90,90,90,90,90,90,90,90,90,90,90,90,90,90,90,90,90,90,90,90,90,90,90,90,90,90,90,90,90,
90,90,90,90,90,90,90,90,90,90,90,90,90,90,90,90,90,90,90,90,90,90,90,90,90,90,90,90,90,90,90,90,90,90,90,90,90,90,63.8683,63.1598,62.4559,61.7558,61.0602,60.3682,59.6801,58.9951,58.3132,57.6357,56.9601,56.2881,55.6184,54.9516,54.2875,53.6251,52.9652,52.3078,51.6518,50.9982,50.3464,49.6963,49.0478,48.4003,47.7544,47.1104,46.4673,45.825,45.1845,44.5442,43.905,43.2669,42.6298,41.9933,41.3576,40.7218,40.0874,39.4532,38.8192,38.1865,37.5533,36.9213,36.2893,35.6572,35.0257,34.3945,33.7631,33.1326,32.5014,31.8709,31.2401,30.6101,29.9795,29.349,28.7191,28.0882,27.4581,26.8282,26.1974,25.567,24.937,24.3063,23.6762,23.046,22.4153,21.7851,21.1545,20.5238,19.8933,19.2625,18.6313,18.0002,17.3696,16.7386,16.1072,15.4763,14.8449,14.2139,13.5822,12.9508,12.3195,11.6883,11.0564,10.4252,9.79335,9.16201,8.52995,7.89836,7.26666,6.63495,6.00317,5.37135,4.73939,4.10753,3.47565,2.84374,2.21184,1.57983,0.947946,0.315974,-0.315974,-0.947946,-1.57983,-2.21184,-2.84374,-3.47565,-4.10753,-4.73939,-5.37135,-6.00317,-6.63495,-7.26666,-7.89836,-8.52995,-9.16201,-9.79335,-10.4252,-11.0564,-11.6883,-12.3195,-12.9508,-13.5822,-14.2139,-14.8449,-15.4763,-16.1072,-16.7386,-17.3696,-18.0002,-18.6313,-19.2625,-19.8933,-20.5238,-21.1545,-21.7851,-22.4153,-23.046,-23.6762,-24.3063,-24.937,-25.567,-26.1974,-26.8282,-27.4581,-28.0882,-28.7191,-29.349,-29.9795,-30.6101,-31.2401,-31.8709,-32.5014,-33.1326,-33.7631,-34.3945,-35.0257,-35.6572,-36.2893,-36.9213,-37.5533,-38.1865,-38.8192,-39.4532,-40.0874,-40.7218,-41.3576,-41.9933,-42.6298,-43.2669,-43.905,-44.5442,-45.1845,-45.825,-46.4673,-47.1104,-47.7544,-48.4003,-49.0478,-49.6963,-50.3464,-50.9982,-51.6518,-52.3078,-52.9652,-53.6251,-54.2875,-54.9516,-55.6184,-56.2881,-56.9601,-57.6357,-58.3132,-58.9951,-59.6801,-60.3682,-61.0602,-61.7558,-62.4559,-63.1598,-63.8683,90,90,90,90,90,90,90,90,90,90,90,90,90,90,90,90,90,90,90,90,90,90,90,90,90,90,90,90,90,90,90,90,90,90,90,90,90,90,
90,90,90,90,90,90,90,90,90,90,90,90,90,90,90,90,90,90,90,90,90,90,90,90,90,90,90,90,90,90,90,90,90,90,90,90,90,64.2054,63.4972,62.7937,62.0941,61.3993,60.708,60.0205,59.3365,58.6567,57.9793,57.3055,56.6348,55.9667,55.3012,54.6382,53.9784,53.3203,52.6647,52.0106,51.3589,50.709,50.061,49.4146,48.7694,48.1257,47.4841,46.8434,46.2036,45.5651,44.9274,44.2914,43.656,43.0213,42.3871,41.7544,41.1216,40.4898,39.8592,39.228,38.598,37.9681,37.339,36.7099,36.081,35.4525,34.8245,34.1963,33.5685,32.9411,32.3136,31.6867,31.059,30.4321,29.8057,29.178,28.5512,27.9244,27.2978,26.6711,26.0442,25.417,24.7902,24.1635,23.5363,22.91,22.2826,21.656,21.0285,20.4017,19.7743,19.1475,18.5199,17.8929,17.2655,16.6385,16.0106,15.383,14.7558,14.128,13.5006,12.8733,12.2454,11.6176,10.9899,10.3622,9.73456,9.1067,8.47886,7.85076,7.22263,6.59463,5.96665,5.33864,4.71063,4.08258,3.45447,2.82641,2.1983,1.57027,0.942144,0.31405,-0.31405,-0.942144,-1.57027,-2.1983,-2.82641,-3.45447,-4.08258,-4.71063,-5.33864,-5.96665,-6.59463,-7.22263,-7.85076,-8.47886,-9.1067,-9.73456,-10.3622,-10.9899,-11.6176,-12.2454,-12.8733,-13.5006,-14.128,-14.7558,-15.383,-16.0106,-16.6385,-17.2655,-17.8929,-18.5199,-19.1475,-19.7743,-20.4017,-21.0285,-21.656,-22.2826,-22.91,-23.5363,-24.1635,-24.7902,-25.417,-26.0442,-26.6711,-27.2978,-27.9244,-28.5512,-29.178,-29.8057,-30.4321,-31.059,-31.6867,-32.3136,-32.9411,-33.5685,-34.1963,-34.8245,-35.4525,-36.081,-36.7099,-37.339,-37.9681,-38.598,-39.228,-39.8592,-40.4898,-41.1216,-41.7544,-42.3871,-43.0213,-43.656,-44.2914,-44.9274,-45.5651,-46.2036,-46.8434,-47.4841,-48.1257,-48.7694,-49.4146,-50.061,-50.709,-51.3589,-52.0106,-52.6647,-53.3203,-53.9784,-54.6382,-55.3012,-55.9667,-56.6348,-57.3055,-57.9793,-58.6567,-59.3365,-60.0205,-60.708,-61.3993,-62.0941,-62.7937,-63.4972,-64.2054,90,90,90,90,90,90,90,90,90,90,90,90,90,90,90,90,90,90,90,90,90,90,90,90,90,90,90,90,90,90,90,90,90,90,90,90,90,
90,90,90,90,90,90,90,90,90,90,90,90,90,90,90,90,90,90,90,90,90,90,90,90,90,90,90,90,90,90,90,90,90,90,90,90,90,63.8395,63.1364,62.4374,61.7431,61.0522,60.3658,59.6831,59.0039,58.3275,57.6548,56.9852,56.3183,55.6543,54.9932,54.3344,53.6777,53.0238,52.3719,51.722,51.0735,50.4273,49.7835,49.1403,48.4988,47.8593,47.2209,46.5834,45.9473,45.3125,44.6786,44.0453,43.4137,42.7823,42.1518,41.5219,40.8929,40.2644,39.6367,39.0093,38.3827,37.7557,37.13,36.5038,35.8782,35.2532,34.6281,34.0035,33.3792,32.7554,32.1312,31.5069,30.8829,30.2594,29.6356,29.0122,28.3885,27.7654,27.1413,26.5183,25.8945,25.2711,24.6478,24.0241,23.4008,22.777,22.1541,21.5304,20.9064,20.2828,19.6593,19.0358,18.4119,17.7881,17.1646,16.541,15.917,15.2927,14.6694,14.045,13.4208,12.7968,12.1729,11.5492,10.9249,10.3005,9.67682,9.05245,8.42786,7.80388,7.17973,6.55548,5.93117,5.30685,4.68253,4.05824,3.4339,2.80962,2.1852,1.56087,0.936518,0.312177,-0.312177,-0.936518,-1.56087,-2.1852,-2.80962,-3.4339,-4.05824,-4.68253,-5.30685,-5.93117,-6.55548,-7.17973,-7.80388,-8.42786,-9.05245,-9.67682,-10.3005,-10.9249,-11.5492,-12.1729,-12.7968,-13.4208,-14.045,-14.6694,-15.2927,-15.917,-16.541,-17.1646,-17.7881,-18.4119,-19.0358,-19.6593,-20.2828,-20.9064,-21.5304,-22.1541,-22.777,-23.4008,-24.0241,-24.6478,-25.2711,-25.8945,-26.5183,-27.1413,-27.7654,-28.3885,-29.0122,-29.6356,-30.2594,-30.8829,-31.5069,-32.1312,-32.7554,-33.3792,-34.0035,-34.6281,-35.2532,-35.8782,-36.5038,-37.13,-37.7557,-38.3827,-39.0093,-39.6367,-40.2644,-40.8929,-41.5219,-42.1518,-42.7823,-43.4137,-44.0453,-44.6786,-45.3125,-45.9473,-46.5834,-47.2209,-47.8593,-48.4988,-49.1403,-49.7835,-50.4273,-51.0735,-51.722,-52.3719,-53.0238,-53.6777,-54.3344,-54.9932,-55.6543,-56.3183,-56.9852,-57.6548,-58.3275,-59.0039,-59.6831,-60.3658,-61.0522,-61.7431,-62.4374,-63.1364,-63.8395,90,90,90,90,90,90,90,90,90,90,90,90,90,90,90,90,90,90,90,90,90,90,90,90,90,90,90,90,90,90,90,90,90,90,90,90,90,
90,90,90,90,90,90,90,90,90,90,90,90,90,90,90,90,90,90,90,90,90,90,90,90,90,90,90,90,90,90,90,90,90,90,90,90,64.1871,63.4841,62.7854,62.0917,61.4014,60.7152,60.0332,59.3542,58.6796,58.0073,57.339,56.6731,56.0103,55.3504,54.6934,54.0383,53.3857,52.7355,52.0872,51.4409,50.7969,50.1544,49.5131,48.8736,48.2367,47.5998,46.965,46.3312,45.6982,45.0666,44.4363,43.8062,43.1778,42.5496,41.9223,41.2961,40.6699,40.0451,39.4202,38.7961,38.1727,37.549,36.9261,36.3037,35.6815,35.0593,34.4377,33.8165,33.1951,32.5741,31.9534,31.3321,30.7115,30.0916,29.4707,28.8503,28.2302,27.6097,26.9892,26.3692,25.7491,25.1287,24.5091,23.8885,23.2682,22.6482,22.0283,21.4077,20.7879,20.1675,19.5471,18.9273,18.3066,17.6864,17.0661,16.4456,15.8255,15.2052,14.5843,13.9646,13.3435,12.7234,12.1028,11.4823,10.8618,10.2407,9.62035,8.99984,8.37924,7.75851,7.1379,6.51729,5.89662,5.27594,4.65527,4.03457,3.41392,2.79318,2.17253,1.55177,0.931063,0.310354,-0.310354,-0.931063,-1.55177,-2.17253,-2.79318,-3.41392,-4.03457,-4.65527,-5.27594,-5.89662,-6.51729,-7.1379,-7.75851,-8.37924,-8.99984,-9.62035,-10.2407,-10.8618,-11.4823,-12.1028,-12.7234,-13.3435,-13.9646,-14.5843,-15.2052,-15.8255,-16.4456,-17.0661,-17.6864,-18.3066,-18.9273,-19.5471,-20.1675,-20.7879,-21.4077,-22.0283,-22.6482,-23.2682,-23.8885,-24.5091,-25.1287,-25.7491,-26.3692,-26.9892,-27.6097,-28.2302,-28.8503,-29.4707,-30.0916,-30.7115,-31.3321,-31.9534,-32.5741,-33.1951,-33.8165,-34.4377,-35.0593,-35.6815,-36.3037,-36.9261,-37.549,-38.1727,-38.7961,-39.4202,-40.0451,-40.6699,-41.2961,-41.9223,-42.5496,-43.1778,-43.8062,-44.4363,-45.0666,-45.6982,-46.3312,-46.965,-47.5998,-48.2367,-48.8736,-49.5131,-50.1544,-50.7969,-51.4409,-52.0872,-52.7355,-53.3857,-54.0383,-54.6934,-55.3504,-56.0103,-56.6731,-57.339,-58.0073,-58.6796,-59.3542,-60.0332,-60.7152,-61.4014,-62.0917,-62.7854,-63.4841,-64.1871,90,90,90,90,90,90,90,90,90,90,90,90,90,90,90,90,90,90,90,90,90,90,90,90,90,90,90,90,90,90,90,90,90,90,90,90,
90,90,90,90,90,90,90,90,90,90,90,90,90,90,90,90,90,90,90,90,90,90,90,90,90,90,90,90,90,90,90,90,90,90,90,64.5394,63.8365,63.1382,62.444,61.7546,61.069,60.3871,59.7093,59.0349,58.364,57.6963,57.032,56.3698,55.7115,55.0553,54.4013,53.7506,53.1017,52.455,51.8107,51.1679,50.527,49.8881,49.2503,48.6148,47.9804,47.3476,46.7159,46.0851,45.4557,44.8277,44.2005,43.574,42.9482,42.3235,41.6995,41.0759,40.4533,39.8312,39.2099,38.589,37.9683,37.3479,36.7287,36.1086,35.4897,34.8713,34.2524,33.6339,33.0159,32.3977,31.7801,31.1625,30.5448,29.9273,29.31,28.6927,28.0758,27.4586,26.8416,26.2245,25.6076,24.9908,24.3735,23.7565,23.1398,22.5231,21.9063,21.2893,20.6725,20.0551,19.4381,18.8214,18.2044,17.5873,16.9701,16.3533,15.7363,15.1195,14.5026,13.8851,13.2686,12.6516,12.0341,11.4174,10.8,10.1828,9.56546,8.94881,8.33146,7.71461,7.09729,6.48019,5.86297,5.24582,4.62875,4.01152,3.39441,2.77721,2.16009,1.54288,0.925712,0.308582,-0.308582,-0.925712,-1.54288,-2.16009,-2.77721,-3.39441,-4.01152,-4.62875,-5.24582,-5.86297,-6.48019,-7.09729,-7.71461,-8.33146,-8.94881,-9.56546,-10.1828,-10.8,-11.4174,-12.0341,-12.6516,-13.2686,-13.8851,-14.5026,-15.1195,-15.7363,-16.3533,-16.9701,-17.5873,-18.2044,-18.8214,-19.4381,-20.0551,-20.6725,-21.2893,-21.9063,-22.5231,-23.1398,-23.7565,-24.3735,-24.9908,-25.6076,-26.2245,-26.8416,-27.4586,-28.0758,-28.6927,-29.31,-29.9273,-30.5448,-31.1625,-31.7801,-32.3977,-33.0159,-33.6339,-34.2524,-34.8713,-35.4897,-36.1086,-36.7287,-37.3479,-37.9683,-38.589,-39.2099,-39.8312,-40.4533,-41.0759,-41.6995,-42.3235,-42.9482,-43.574,-44.2005,-44.8277,-45.4557,-46.0851,-46.7159,-47.3476,-47.9804,-48.6148,-49.2503,-49.8881,-50.527,-51.1679,-51.8107,-52.455,-53.1017,-53.7506,-54.4013,-55.0553,-55.7115,-56.3698,-57.032,-57.6963,-58.364,-59.0349,-59.7093,-60.3871,-61.069,-61.7546,-62.444,-63.1382,-63.8365,-64.5394,90,90,90,90,90,90,90,90,90,90,90,90,90,90,90,90,90,90,90,90,90,90,90,90,90,90,90,90,90,90,90,90,90,90,90,
90,90,90,90,90,90,90,90,90,90,90,90,90,90,90,90,90,90,90,90,90,90,90,90,90,90,90,90,90,90,90,90,90,90,90,64.1944,63.4958,62.802,62.1124,61.4269,60.7455,60.0681,59.3944,58.7242,58.0572,57.3937,56.7329,56.075,55.4204,54.7681,54.1181,53.4704,52.8254,52.1821,51.5413,50.9015,50.2646,49.6296,48.9948,48.3628,47.7318,47.102,46.4738,45.846,45.2201,44.5951,43.9709,43.3474,42.7246,42.1035,41.4825,40.862,40.2425,39.6234,39.0053,38.387,37.7694,37.1527,36.5357,35.9192,35.303,34.6873,34.0721,33.4563,32.8416,32.2268,31.6112,30.997,30.3826,29.7679,29.1539,28.5397,27.9256,27.3118,26.6976,26.0836,25.4699,24.8556,24.2418,23.6283,23.0145,22.4007,21.7871,21.1731,20.5592,19.946,19.3322,18.7182,18.1048,17.4907,16.8771,16.264,15.6497,15.0359,14.4227,13.8089,13.1946,12.5814,11.9674,11.3538,10.7402,10.1266,9.51233,8.89871,8.28512,7.67131,7.05776,6.44399,5.83027,5.21653,4.60282,3.98914,3.37541,2.76167,2.14796,1.53425,0.920594,0.30685,-0.30685,-0.920594,-1.53425,-2.14796,-2.76167,-3.37541,-3.98914,-4.60282,-5.21653,-5.83027,-6.44399,-7.05776,-7.67131,-8.28512,-8.89871,-9.51233,-10.1266,-10.7402,-11.3538,-11.9674,-12.5814,-13.1946,-13.8089,-14.4227,-15.0359,-15.6497,-16.264,-16.8771,-17.4907,-18.1048,-18.7182,-19.3322,-19.946,-20.5592,-21.1731,-21.7871,-22.4007,-23.0145,-23.6283,-24.2418,-24.8556,-25.4699,-26.0836,-26.6976,-27.3118,-27.9256,-28.5397,-29.1539,-29.7679,-30.3826,-30.997,-31.6112,-32.2268,-32.8416,-33.4563,-34.0721,-34.6873,-35.303,-35.9192,-36.5357,-37.1527,-37.7694,-38.387,-39.0053,-39.6234,-40.2425,-40.862,-41.4825,-42.1035,-42.7246,-43.3474,-43.9709,-44.5951,-45.2201,-45.846,-46.4738,-47.102,-47.7318,-48.3628,-48.9948,-49.6296,-50.2646,-50.9015,-51.5413,-52.1821,-52.8254,-53.4704,-54.1181,-54.7681,-55.4204,-56.075,-56.7329,-57.3937,-58.0572,-58.7242,-59.3944,-60.0681,-60.7455,-61.4269,-62.1124,-62.802,-63.4958,-64.1944,90,90,90,90,90,90,90,90,90,90,90,90,90,90,90,90,90,90,90,90,90,90,90,90,90,90,90,90,90,90,90,90,90,90,90,
90,90,90,90,90,90,90,90,90,90,90,90,90,90,90,90,90,90,90,90,90,90,90,90,90,90,90,90,90,90,90,90,90,90,64.5567,63.8582,63.1644,62.4748,61.7891,61.1084,60.4309,59.7576,59.088,58.4217,57.7588,57.0992,56.4423,55.7879,55.1371,54.4882,53.8417,53.1978,52.5562,51.9164,51.2794,50.6435,50.0095,49.3768,48.7464,48.1168,47.4898,46.8629,46.2375,45.6136,44.9907,44.3686,43.7473,43.1273,42.5075,41.8888,41.2713,40.6538,40.0373,39.4218,38.8057,38.1909,37.5759,36.9623,36.3482,35.7345,35.1218,34.5088,33.8957,33.2832,32.6711,32.0594,31.4475,30.8362,30.2245,29.613,29.0017,28.3902,27.7793,27.1679,26.5571,25.9462,25.3355,24.7247,24.1142,23.5035,22.8922,22.2821,21.6713,21.0607,20.4501,19.8391,19.2285,18.618,18.0075,17.3969,16.7868,16.1757,15.5652,14.955,14.3444,13.7342,13.1236,12.5132,11.9022,11.2922,10.6814,10.0716,9.4609,8.85022,8.24017,7.6293,7.0192,6.40882,5.7984,5.18805,4.57765,3.96729,3.35688,2.74661,2.13621,1.52584,0.915499,0.305173,-0.305173,-0.915499,-1.52584,-2.13621,-2.74661,-3.35688,-3.96729,-4.57765,-5.18805,-5.7984,-6.40882,-7.0192,-7.6293,-8.24017,-8.85022,-9.4609,-10.0716,-10.6814,-11.2922,-11.9022,-12.5132,-13.1236,-13.7342,-14.3444,-14.955,-15.5652,-16.1757,-16.7868,-17.3969,-18.0075,-18.618,-19.2285,-19.8391,-20.4501,-21.0607,-21.6713,-22.2821,-22.8922,-23.5035,-24.1142,-24.7247,-25.3355,-25.9462,-26.5571,-27.1679,-27.7793,-28.3902,-29.0017,-29.613,-30.2245,-30.8362,-31.4475,-32.0594,-32.6711,-33.2832,-33.8957,-34.5088,-35.1218,-35.7345,-36.3482,-36.9623,-37.5759,-38.1909,-38.8057,-39.4218,-40.0373,-40.6538,-41.2713,-41.8888,-42.5075,-43.1273,-43.7473,-44.3686,-44.9907,-45.6136,-46.2375,-46.8629,-47.4898,-48.1168,-48.7464,-49.3768,-50.0095,-50.6435,-51.2794,-51.9164,-52.5562,-53.1978,-53.8417,-54.4882,-55.1371,-55.7879,-56.4423,-57.0992,-57.7588,-58.4217,-59.088,-59.7576,-60.4309,-61.1084,-61.7891,-62.4748,-63.1644,-63.8582,-64.5567,90,90,90,90,90,90,90,90,90,90,90,90,90,90,90,90,90,90,90,90,90,90,90,90,90,90,90,90,90,90,90,90,90,90,
90,90,90,90,90,90,90,90,90,90,90,90,90,90,90,90,90,90,90,90,90,90,90,90,90,90,90,90,90,90,90,90,90,64.9245,64.2252,63.5309,62.8412,62.1561,61.4754,60.7982,60.1248,59.4559,58.7901,58.1273,57.4682,56.8121,56.159,55.509,54.8615,54.2159,53.5733,52.9333,52.2945,51.6589,51.0242,50.3921,49.7609,49.1321,48.5045,47.8782,47.2535,46.6304,46.0079,45.3869,44.7673,44.1481,43.5301,42.9125,42.2966,41.6804,41.0657,40.4516,39.8377,39.2246,38.6119,37.9996,37.3876,36.7764,36.1654,35.5552,34.9446,34.335,33.7251,33.1156,32.5061,31.8966,31.2878,30.679,30.0705,29.4617,28.8532,28.2453,27.637,27.0289,26.4204,25.8127,25.2047,24.5971,23.9894,23.3811,22.7737,22.1663,21.5583,20.9508,20.3431,19.7352,19.1281,18.5204,17.9133,17.3054,16.6979,16.0904,15.4832,14.8758,14.2687,13.6613,13.0542,12.4464,11.8391,11.2317,10.6246,10.0175,9.41032,8.80317,8.19597,7.58865,6.98167,6.37448,5.76735,5.16027,4.55308,3.94607,3.33895,2.73185,2.12475,1.51769,0.910639,0.303536,-0.303536,-0.910639,-1.51769,-2.12475,-2.73185,-3.33895,-3.94607,-4.55308,-5.16027,-5.76735,-6.37448,-6.98167,-7.58865,-8.19597,-8.80317,-9.41032,-10.0175,-10.6246,-11.2317,-11.8391,-12.4464,-13.0542,-13.6613,-14.2687,-14.8758,-15.4832,-16.0904,-16.6979,-17.3054,-17.9133,-18.5204,-19.1281,-19.7352,-20.3431,-20.9508,-21.5583,-22.1663,-22.7737,-23.3811,-23.9894,-24.5971,-25.2047,-25.8127,-26.4204,-27.0289,-27.637,-28.2453,-28.8532,-29.4617,-30.0705,-30.679,-31.2878,-31.8966,-32.5061,-33.1156,-33.7251,-34.335,-34.9446,-35.5552,-36.1654,-36.7764,-37.3876,-37.9996,-38.6119,-39.2246,-39.8377,-40.4516,-41.0657,-41.6804,-42.2966,-42.9125,-43.5301,-44.1481,-44.7673,-45.3869,-46.0079,-46.6304,-47.2535,-47.8782,-48.5045,-49.1321,-49.7609,-50.3921,-51.0242,-51.6589,-52.2945,-52.9333,-53.5733,-54.2159,-54.8615,-55.509,-56.159,-56.8121,-57.4682,-58.1273,-58.7901,-59.4559,-60.1248,-60.7982,-61.4754,-62.1561,-62.8412,-63.5309,-64.2252,-64.9245,90,90,90,90,90,90,90,90,90,90,90,90,90,90,90,90,90,90,90,90,90,90,90,90,90,90,90,90,90,90,90,90,90,
90,90,90,90,90,90,90,90,90,90,90,90,90,90,90,90,90,90,90,90,90,90,90,90,90,90,90,90,90,90,90,90,65.2975,64.5981,63.9029,63.213,62.5274,61.8463,61.1696,60.4968,59.8277,59.1617,58.5002,57.8417,57.1861,56.5337,55.8844,55.2372,54.593,53.9516,53.3122,52.675,52.04,51.4075,50.7762,50.1468,49.5194,48.8937,48.269,47.6464,47.0244,46.4041,45.7849,45.1671,44.5498,43.9334,43.3183,42.7039,42.0904,41.4774,40.8657,40.2539,39.6433,39.0326,38.4228,37.8134,37.2044,36.5956,35.9876,35.3803,34.7721,34.165,33.5581,32.9517,32.3452,31.7381,31.1325,30.5262,29.9207,29.3146,28.7091,28.1039,27.4982,26.8932,26.2879,25.6825,25.0777,24.4727,23.8675,23.2624,22.6577,22.0533,21.4485,20.8437,20.2392,19.6347,19.0296,18.4251,17.8207,17.2166,16.612,16.0077,15.4031,14.7991,14.1947,13.5907,12.9861,12.3819,11.7778,11.1732,10.5695,9.96506,9.36136,8.75695,8.15318,7.54921,6.94505,6.34112,5.73708,5.13318,4.52918,3.92535,3.32141,2.71751,2.11359,1.50972,0.905855,0.301942,-0.301942,-0.905855,-1.50972,-2.11359,-2.71751,-3.32141,-3.92535,-4.52918,-5.13318,-5.73708,-6.34112,-6.94505,-7.54921,-8.15318,-8.75695,-9.36136,-9.96506,-10.5695,-11.1732,-11.7778,-12.3819,-12.9861,-13.5907,-14.1947,-14.7991,-15.4031,-16.0077,-16.612,-17.2166,-17.8207,-18.4251,-19.0296,-19.6347,-20.2392,-20.8437,-21.4485,-22.0533,-22.6577,-23.2624,-23.8675,-24.4727,-25.0777,-25.6825,-26.2879,-26.8932,-27.4982,-28.1039,-28.7091,-29.3146,-29.9207,-30.5262,-31.1325,-31.7381,-32.3452,-32.9517,-33.5581,-34.165,-34.7721,-35.3803,-35.9876,-36.5956,-37.2044,-37.8134,-38.4228,-39.0326,-39.6433,-40.2539,-40.8657,-41.4774,-42.0904,-42.7039,-43.3183,-43.9334,-44.5498,-45.1671,-45.7849,-46.4041,-47.0244,-47.6464,-48.269,-48.8937,-49.5194,-50.1468,-50.7762,-51.4075,-52.04,-52.675,-53.3122,-53.9516,-54.593,-55.2372,-55.8844,-56.5337,-57.1861,-57.8417,-58.5002,-59.1617,-59.8277,-60.4968,-61.1696,-61.8463,-62.5274,-63.213,-63.9029,-64.5981,-65.2975,90,90,90,90,90,90,90,90,90,90,90,90,90,90,90,90,90,90,90,90,90,90,90,90,90,90,90,90,90,90,90,90,
90,90,90,90,90,90,90,90,90,90,90,90,90,90,90,90,90,90,90,90,90,90,90,90,90,90,90,90,90,90,90,90,64.9751,64.2798,63.5895,62.9036,62.222,61.5452,60.872,60.2028,59.538,58.876,58.2182,57.563,56.9111,56.2623,55.6164,54.9732,54.3322,53.6941,53.0583,52.4243,51.7924,51.1627,50.5346,49.9088,49.2846,48.6611,48.04,47.4201,46.8009,46.1838,45.5672,44.9522,44.3381,43.7249,43.112,42.5009,41.8901,41.2799,40.6704,40.062,39.4536,38.8462,38.2388,37.6327,37.0265,36.4206,35.8145,35.2096,34.6047,34.0001,33.3961,32.7921,32.188,31.5845,30.9809,30.3776,29.7746,29.1709,28.5684,27.9657,27.3631,26.7608,26.158,25.5557,24.9534,24.3515,23.7492,23.1475,22.5451,21.9432,21.3416,20.7393,20.1378,19.5358,18.9346,18.3327,17.7315,17.1293,16.5277,15.9267,15.3254,14.724,14.1229,13.5213,12.9202,12.3185,11.7178,11.1165,10.5153,9.91423,9.31317,8.71209,8.11167,7.51035,6.90947,6.30854,5.70765,5.10683,4.50597,3.90511,3.3043,2.70355,2.10272,1.50191,0.901143,0.300387,-0.300387,-0.901143,-1.50191,-2.10272,-2.70355,-3.3043,-3.90511,-4.50597,-5.10683,-5.70765,-6.30854,-6.90947,-7.51035,-8.11167,-8.71209,-9.31317,-9.91423,-10.5153,-11.1165,-11.7178,-12.3185,-12.9202,-13.5213,-14.1229,-14.724,-15.3254,-15.9267,-16.5277,-17.1293,-17.7315,-18.3327,-18.9346,-19.5358,-20.1378,-20.7393,-21.3416,-21.9432,-22.5451,-23.1475,-23.7492,-24.3515,-24.9534,-25.5557,-26.158,-26.7608,-27.3631,-27.9657,-28.5684,-29.1709,-29.7746,-30.3776,-30.9809,-31.5845,-32.188,-32.7921,-33.3961,-34.0001,-34.6047,-35.2096,-35.8145,-36.4206,-37.0265,-37.6327,-38.2388,-38.8462,-39.4536,-40.062,-40.6704,-41.2799,-41.8901,-42.5009,-43.112,-43.7249,-44.3381,-44.9522,-45.5672,-46.1838,-46.8009,-47.4201,-48.04,-48.6611,-49.2846,-49.9088,-50.5346,-51.1627,-51.7924,-52.4243,-53.0583,-53.6941,-54.3322,-54.9732,-55.6164,-56.2623,-56.9111,-57.563,-58.2182,-58.876,-59.538,-60.2028,-60.872,-61.5452,-62.222,-62.9036,-63.5895,-64.2798,-64.9751,90,90,90,90,90,90,90,90,90,90,90,90,90,90,90,90,90,90,90,90,90,90,90,90,90,90,90,90,90,90,90,90,
90,90,90,90,90,90,90,90,90,90,90,90,90,90,90,90,90,90,90,90,90,90,90,90,90,90,90,90,90,90,90,65.3577,64.6616,63.9703,63.284,62.6024,61.925,61.2521,60.5825,59.9173,59.2558,58.5983,57.9438,57.2922,56.644,55.9985,55.3559,54.7161,54.0783,53.4432,52.8105,52.1801,51.5509,50.9243,50.3002,49.6766,49.0554,48.4356,47.8171,47.1993,46.5842,45.9692,45.3558,44.7434,44.132,43.5214,42.9117,42.3033,41.6952,41.0877,40.4809,39.8747,39.2695,38.6644,38.0597,37.4555,36.8525,36.2494,35.6461,35.0434,34.441,33.8397,33.238,32.6363,32.0353,31.4341,30.8332,30.2325,29.6318,29.0317,28.4312,27.8315,27.2318,26.6314,26.0315,25.4323,24.833,24.2332,23.6342,23.0347,22.4353,21.8359,21.2371,20.6382,20.0391,19.44,18.8413,18.2425,17.6436,17.0452,16.4462,15.8476,15.2495,14.6506,14.0525,13.4543,12.8555,12.2572,11.6589,11.0608,10.4629,9.86503,9.26651,8.66868,8.0707,7.47273,6.87467,6.27686,5.67895,5.08112,4.48325,3.88549,3.2877,2.68987,2.0921,1.49435,0.896582,0.298873,-0.298873,-0.896582,-1.49435,-2.0921,-2.68987,-3.2877,-3.88549,-4.48325,-5.08112,-5.67895,-6.27686,-6.87467,-7.47273,-8.0707,-8.66868,-9.26651,-9.86503,-10.4629,-11.0608,-11.6589,-12.2572,-12.8555,-13.4543,-14.0525,-14.6506,-15.2495,-15.8476,-16.4462,-17.0452,-17.6436,-18.2425,-18.8413,-19.44,-20.0391,-20.6382,-21.2371,-21.8359,-22.4353,-23.0347,-23.6342,-24.2332,-24.833,-25.4323,-26.0315,-26.6314,-27.2318,-27.8315,-28.4312,-29.0317,-29.6318,-30.2325,-30.8332,-31.4341,-32.0353,-32.6363,-33.238,-33.8397,-34.441,-35.0434,-35.6461,-36.2494,-36.8525,-37.4555,-38.0597,-38.6644,-39.2695,-39.8747,-40.4809,-41.0877,-41.6952,-42.3033,-42.9117,-43.5214,-44.132,-44.7434,-45.3558,-45.9692,-46.5842,-47.1993,-47.8171,-48.4356,-49.0554,-49.6766,-50.3002,-50.9243,-51.5509,-52.1801,-52.8105,-53.4432,-54.0783,-54.7161,-55.3559,-55.9985,-56.644,-57.2922,-57.9438,-58.5983,-59.2558,-59.9173,-60.5825,-61.2521,-61.925,-62.6024,-63.284,-63.9703,-64.6616,-65.3577,90,90,90,90,90,90,90,90,90,90,90,90,90,90,90,90,90,90,90,90,90,90,90,90,90,90,90,90,90,90,90,
90,90,90,90,90,90,90,90,90,90,90,90,90,90,90,90,90,90,90,90,90,90,90,90,90,90,90,90,90,90,90,65.0481,64.3563,63.6695,62.9871,62.3093,61.6355,60.9668,60.3011,59.6394,58.9821,58.3272,57.6763,57.0283,56.3833,55.7417,55.1024,54.4655,53.8313,53.1992,52.5697,51.9423,51.3165,50.6935,50.0714,49.4509,48.8327,48.2155,47.6,46.9858,46.3722,45.7608,45.1495,44.5402,43.9313,43.3234,42.7163,42.1105,41.505,40.9006,40.296,39.6929,39.0895,38.4875,37.8855,37.2839,36.6827,36.0824,35.4817,34.8818,34.2822,33.6827,33.0838,32.4849,31.8861,31.2881,30.6897,30.0912,29.4934,28.8956,28.298,27.7008,27.1035,26.5059,25.909,25.3121,24.7148,24.118,23.5211,22.9246,22.3284,21.7317,21.1353,20.5391,19.9425,19.3467,18.7509,18.1544,17.5585,16.9625,16.3665,15.7711,15.1754,14.5794,13.9839,13.3886,12.793,12.1976,11.6019,11.007,10.4113,9.81661,9.22125,8.62588,8.03105,7.43624,6.84094,6.24593,5.65098,5.0561,4.46119,3.86628,3.27149,2.67663,2.08183,1.48697,0.892167,0.297393,-0.297393,-0.892167,-1.48697,-2.08183,-2.67663,-3.27149,-3.86628,-4.46119,-5.0561,-5.65098,-6.24593,-6.84094,-7.43624,-8.03105,-8.62588,-9.22125,-9.81661,-10.4113,-11.007,-11.6019,-12.1976,-12.793,-13.3886,-13.9839,-14.5794,-15.1754,-15.7711,-16.3665,-16.9625,-17.5585,-18.1544,-18.7509,-19.3467,-19.9425,-20.5391,-21.1353,-21.7317,-22.3284,-22.9246,-23.5211,-24.118,-24.7148,-25.3121,-25.909,-26.5059,-27.1035,-27.7008,-28.298,-28.8956,-29.4934,-30.0912,-30.6897,-31.2881,-31.8861,-32.4849,-33.0838,-33.6827,-34.2822,-34.8818,-35.4817,-36.0824,-36.6827,-37.2839,-37.8855,-38.4875,-39.0895,-39.6929,-40.296,-40.9006,-41.505,-42.1105,-42.7163,-43.3234,-43.9313,-44.5402,-45.1495,-45.7608,-46.3722,-46.9858,-47.6,-48.2155,-48.8327,-49.4509,-50.0714,-50.6935,-51.3165,-51.9423,-52.5697,-53.1992,-53.8313,-54.4655,-55.1024,-55.7417,-56.3833,-57.0283,-57.6763,-58.3272,-58.9821,-59.6394,-60.3011,-60.9668,-61.6355,-62.3093,-62.9871,-63.6695,-64.3563,-65.0481,90,90,90,90,90,90,90,90,90,90,90,90,90,90,90,90,90,90,90,90,90,90,90,90,90,90,90,90,90,90,90,
90,90,90,90,90,90,90,90,90,90,90,90,90,90,90,90,90,90,90,90,90,90,90,90,90,90,90,90,90,90,65.44,64.7472,64.0592,63.3762,62.6979,62.0243,61.3543,60.6888,60.0275,59.3691,58.7153,58.0639,57.4162,56.7717,56.1301,55.4915,54.8553,54.222,53.5911,52.9621,52.335,51.7111,51.0883,50.4673,49.8487,49.2311,48.6154,48.0016,47.3887,46.7769,46.1669,45.557,44.9492,44.3419,43.736,43.1306,42.5266,41.9229,41.3199,40.7176,40.1165,39.5151,38.9147,38.3149,37.7154,37.1165,36.518,35.9197,35.3223,34.7241,34.1276,33.5308,32.9337,32.3375,31.7409,31.1454,30.5497,29.9538,29.3584,28.7634,28.1686,27.573,26.9782,26.3835,25.7888,25.1947,24.6003,24.0058,23.4118,22.8179,22.224,21.6302,21.0361,20.4428,19.8491,19.2554,18.6617,18.069,17.4754,16.8825,16.2893,15.6961,15.1035,14.5104,13.9171,13.3244,12.7317,12.1394,11.5466,10.954,10.3616,9.76907,9.17676,8.58445,7.99268,7.40024,6.80799,6.21585,5.62376,5.03169,4.43971,3.84766,3.25563,2.66371,2.07172,1.47983,0.887896,0.295965,-0.295965,-0.887896,-1.47983,-2.07172,-2.66371,-3.25563,-3.84766,-4.43971,-5.03169,-5.62376,-6.21585,-6.80799,-7.40024,-7.99268,-8.58445,-9.17676,-9.76907,-10.3616,-10.954,-11.5466,-12.1394,-12.7317,-13.3244,-13.9171,-14.5104,-15.1035,-15.6961,-16.2893,-16.8825,-17.4754,-18.069,-18.6617,-19.2554,-19.8491,-20.4428,-21.0361,-21.6302,-22.224,-22.8179,-23.4118,-24.0058,-24.6003,-25.1947,-25.7888,-26.3835,-26.9782,-27.573,-28.1686,-28.7634,-29.3584,-29.9538,-30.5497,-31.1454,-31.7409,-32.3375,-32.9337,-33.5308,-34.1276,-34.7241,-35.3223,-35.9197,-36.518,-37.1165,-37.7154,-38.3149,-38.9147,-39.5151,-40.1165,-40.7176,-41.3199,-41.9229,-42.5266,-43.1306,-43.736,-44.3419,-44.9492,-45.557,-46.1669,-46.7769,-47.3887,-48.0016,-48.6154,-49.2311,-49.8487,-50.4673,-51.0883,-51.7111,-52.335,-52.9621,-53.5911,-54.222,-54.8553,-55.4915,-56.1301,-56.7717,-57.4162,-58.0639,-58.7153,-59.3691,-60.0275,-60.6888,-61.3543,-62.0243,-62.6979,-63.3762,-64.0592,-64.7472,-65.44,90,90,90,90,90,90,90,90,90,90,90,90,90,90,90,90,90,90,90,90,90,90,90,90,90,90,90,90,90,90,
90,90,90,90,90,90,90,90,90,90,90,90,90,90,90,90,90,90,90,90,90,90,90,90,90,90,90,90,90,65.8373,65.1431,64.4544,63.7704,63.0916,62.4165,61.7466,61.0807,60.4187,59.7605,59.1061,58.4552,57.8075,57.1636,56.5222,55.8839,55.2484,54.615,53.9851,53.3567,52.7311,52.1074,51.4854,50.8661,50.2479,49.6318,49.0171,48.4043,47.7925,47.1824,46.5736,45.966,45.3591,44.7537,44.1493,43.5455,42.943,42.3414,41.7402,41.1398,40.54,39.941,39.3425,38.7442,38.1469,37.5501,36.9536,36.3577,35.762,35.1663,34.5711,33.9763,33.3821,32.7877,32.1936,31.5996,31.0062,30.4128,29.8202,29.227,28.6341,28.0417,27.4489,26.8566,26.2643,25.6724,25.0802,24.4886,23.8969,23.305,22.7139,22.122,21.531,20.9398,20.3487,19.7577,19.167,18.5762,17.9855,17.3948,16.8041,16.2131,15.6229,15.033,14.4424,13.8527,13.2627,12.6723,12.0823,11.4924,10.9028,10.3131,9.72305,9.1337,8.54425,7.95486,7.3653,6.77591,6.18653,5.59722,5.00799,4.41866,3.82946,3.24028,2.65108,2.06194,1.47283,0.883683,0.294558,-0.294558,-0.883683,-1.47283,-2.06194,-2.65108,-3.24028,-3.82946,-4.41866,-5.00799,-5.59722,-6.18653,-6.77591,-7.3653,-7.95486,-8.54425,-9.1337,-9.72305,-10.3131,-10.9028,-11.4924,-12.0823,-12.6723,-13.2627,-13.8527,-14.4424,-15.033,-15.6229,-16.2131,-16.8041,-17.3948,-17.9855,-18.5762,-19.167,-19.7577,-20.3487,-20.9398,-21.531,-22.122,-22.7139,-23.305,-23.8969,-24.4886,-25.0802,-25.6724,-26.2643,-26.8566,-27.4489,-28.0417,-28.6341,-29.227,-29.8202,-30.4128,-31.0062,-31.5996,-32.1936,-32.7877,-33.3821,-33.9763,-34.5711,-35.1663,-35.762,-36.3577,-36.9536,-37.5501,-38.1469,-38.7442,-39.3425,-39.941,-40.54,-41.1398,-41.7402,-42.3414,-42.943,-43.5455,-44.1493,-44.7537,-45.3591,-45.966,-46.5736,-47.1824,-47.7925,-48.4043,-49.0171,-49.6318,-50.2479,-50.8661,-51.4854,-52.1074,-52.7311,-53.3567,-53.9851,-54.615,-55.2484,-55.8839,-56.5222,-57.1636,-57.8075,-58.4552,-59.1061,-59.7605,-60.4187,-61.0807,-61.7466,-62.4165,-63.0916,-63.7704,-64.4544,-65.1431,-65.8373,90,90,90,90,90,90,90,90,90,90,90,90,90,90,90,90,90,90,90,90,90,90,90,90,90,90,90,90,90,
90,90,90,90,90,90,90,90,90,90,90,90,90,90,90,90,90,90,90,90,90,90,90,90,90,90,90,90,90,65.5447,64.8539,64.1692,63.4891,62.8142,62.1432,61.4767,60.8139,60.1559,59.5012,58.8502,58.2029,57.5581,56.9172,56.2795,55.6442,55.0115,54.382,53.7539,53.1289,52.5057,51.8853,51.2667,50.6492,50.0343,49.421,48.8092,48.1989,47.5899,46.9822,46.3762,45.771,45.1669,44.5639,43.9615,43.361,42.7604,42.1608,41.562,40.964,40.3667,39.7701,39.1742,38.5788,37.9835,37.3891,36.7948,36.2008,35.6077,35.0145,34.4219,33.8296,33.2371,32.645,32.0537,31.4624,30.871,30.2797,29.6897,29.0988,28.5085,27.9182,27.3281,26.7381,26.1482,25.5587,24.9693,24.3797,23.7901,23.2014,22.612,22.0235,21.4344,20.8459,20.257,19.6687,19.0806,18.4919,17.904,17.3155,16.7274,16.1401,15.5519,14.9643,14.377,13.7895,13.2016,12.6141,12.0269,11.4398,10.853,10.2657,9.6784,9.09192,8.50467,7.91817,7.3315,6.74465,6.15796,5.57134,4.98473,4.39829,3.81178,3.22529,2.63885,2.0524,1.46598,0.879596,0.293193,-0.293193,-0.879596,-1.46598,-2.0524,-2.63885,-3.22529,-3.81178,-4.39829,-4.98473,-5.57134,-6.15796,-6.74465,-7.3315,-7.91817,-8.50467,-9.09192,-9.6784,-10.2657,-10.853,-11.4398,-12.0269,-12.6141,-13.2016,-13.7895,-14.377,-14.9643,-15.5519,-16.1401,-16.7274,-17.3155,-17.904,-18.4919,-19.0806,-19.6687,-20.257,-20.8459,-21.4344,-22.0235,-22.612,-23.2014,-23.7901,-24.3797,-24.9693,-25.5587,-26.1482,-26.7381,-27.3281,-27.9182,-28.5085,-29.0988,-29.6897,-30.2797,-30.871,-31.4624,-32.0537,-32.645,-33.2371,-33.8296,-34.4219,-35.0145,-35.6077,-36.2008,-36.7948,-37.3891,-37.9835,-38.5788,-39.1742,-39.7701,-40.3667,-40.964,-41.562,-42.1608,-42.7604,-43.361,-43.9615,-44.5639,-45.1669,-45.771,-46.3762,-46.9822,-47.5899,-48.1989,-48.8092,-49.421,-50.0343,-50.6492,-51.2667,-51.8853,-52.5057,-53.1289,-53.7539,-54.382,-55.0115,-55.6442,-56.2795,-56.9172,-57.5581,-58.2029,-58.8502,-59.5012,-60.1559,-60.8139,-61.4767,-62.1432,-62.8142,-63.4891,-64.1692,-64.8539,-65.5447,90,90,90,90,90,90,90,90,90,90,90,90,90,90,90,90,90,90,90,90,90,90,90,90,90,90,90,90,90,
90,90,90,90,90,90,90,90,90,90,90,90,90,90,90,90,90,90,90,90,90,90,90,90,90,90,90,90,65.9505,65.2594,64.5733,63.8917,63.2155,62.5444,61.8767,61.2139,60.555,59.8998,59.2486,58.601,57.957,57.3155,56.678,56.0431,55.4106,54.7812,54.1541,53.5294,52.9075,52.2876,51.6695,51.0532,50.4391,49.8264,49.2159,48.6065,47.9988,47.3921,46.7872,46.1831,45.5807,44.9789,44.3788,43.7787,43.18,42.5824,41.9851,41.3887,40.793,40.1986,39.6039,39.0104,38.4169,37.8245,37.2321,36.6397,36.0482,35.4575,34.8663,34.2758,33.686,33.0964,32.5064,31.9171,31.3283,30.7395,30.1507,29.5624,28.9738,28.3858,27.798,27.2099,26.6225,26.035,25.4475,24.8606,24.2737,23.6865,23.0998,22.5131,21.9264,21.3402,20.7544,20.1679,19.5817,18.9963,18.4104,17.8245,17.2392,16.6534,16.0679,15.4824,14.8976,14.3124,13.7276,13.1424,12.5577,11.9733,11.3884,10.8036,10.2197,9.63519,9.05083,8.46638,7.88266,7.29811,6.71412,6.13011,5.54615,4.96221,4.37832,3.79449,3.21062,2.62688,2.04311,1.45936,0.875584,0.29187,-0.29187,-0.875584,-1.45936,-2.04311,-2.62688,-3.21062,-3.79449,-4.37832,-4.96221,-5.54615,-6.13011,-6.71412,-7.29811,-7.88266,-8.46638,-9.05083,-9.63519,-10.2197,-10.8036,-11.3884,-11.9733,-12.5577,-13.1424,-13.7276,-14.3124,-14.8976,-15.4824,-16.0679,-16.6534,-17.2392,-17.8245,-18.4104,-18.9963,-19.5817,-20.1679,-20.7544,-21.3402,-21.9264,-22.5131,-23.0998,-23.6865,-24.2737,-24.8606,-25.4475,-26.035,-26.6225,-27.2099,-27.798,-28.3858,-28.9738,-29.5624,-30.1507,-30.7395,-31.3283,-31.9171,-32.5064,-33.0964,-33.686,-34.2758,-34.8663,-35.4575,-36.0482,-36.6397,-37.2321,-37.8245,-38.4169,-39.0104,-39.6039,-40.1986,-40.793,-41.3887,-41.9851,-42.5824,-43.18,-43.7787,-44.3788,-44.9789,-45.5807,-46.1831,-46.7872,-47.3921,-47.9988,-48.6065,-49.2159,-49.8264,-50.4391,-51.0532,-51.6695,-52.2876,-52.9075,-53.5294,-54.1541,-54.7812,-55.4106,-56.0431,-56.678,-57.3155,-57.957,-58.601,-59.2486,-59.8998,-60.555,-61.2139,-61.8767,-62.5444,-63.2155,-63.8917,-64.5733,-65.2594,-65.9505,90,90,90,90,90,90,90,90,90,90,90,90,90,90,90,90,90,90,90,90,90,90,90,90,90,90,90,90,
90,90,90,90,90,90,90,90,90,90,90,90,90,90,90,90,90,90,90,90,90,90,90,90,90,90,90,90,65.6697,64.982,64.2998,63.6222,62.9496,62.2818,61.6177,60.9582,60.303,59.6513,59.0029,58.3591,57.7175,57.0797,56.4445,55.8129,55.1836,54.5566,53.9331,53.3111,52.6916,52.0739,51.4589,50.8458,50.2339,49.6241,49.0158,48.409,47.8042,47.1997,46.5976,45.9957,45.3955,44.7965,44.1986,43.6013,43.0049,42.4091,41.8141,41.22,40.6267,40.0346,39.4422,38.8506,38.2594,37.6694,37.0789,36.4894,35.9003,35.3111,34.7226,34.1345,33.5466,32.9585,32.371,31.7842,31.1973,30.6106,30.0243,29.4384,28.852,28.2663,27.681,27.0951,26.5097,25.9247,25.3397,24.7546,24.1702,23.5856,23.0008,22.4165,21.8326,21.2488,20.6649,20.0811,19.4975,18.9141,18.3306,17.7474,17.164,16.5808,15.9981,15.4152,14.8323,14.2497,13.6676,13.0853,12.5024,11.9207,11.3385,10.7564,10.1746,9.59272,9.01096,8.42932,7.84755,7.26572,6.68446,6.10295,5.52158,4.94024,4.35893,3.77763,3.19645,2.61521,2.03403,1.45287,0.871691,0.290572,-0.290572,-0.871691,-1.45287,-2.03403,-2.61521,-3.19645,-3.77763,-4.35893,-4.94024,-5.52158,-6.10295,-6.68446,-7.26572,-7.84755,-8.42932,-9.01096,-9.59272,-10.1746,-10.7564,-11.3385,-11.9207,-12.5024,-13.0853,-13.6676,-14.2497,-14.8323,-15.4152,-15.9981,-16.5808,-17.164,-17.7474,-18.3306,-18.9141,-19.4975,-20.0811,-20.6649,-21.2488,-21.8326,-22.4165,-23.0008,-23.5856,-24.1702,-24.7546,-25.3397,-25.9247,-26.5097,-27.0951,-27.681,-28.2663,-28.852,-29.4384,-30.0243,-30.6106,-31.1973,-31.7842,-32.371,-32.9585,-33.5466,-34.1345,-34.7226,-35.3111,-35.9003,-36.4894,-37.0789,-37.6694,-38.2594,-38.8506,-39.4422,-40.0346,-40.6267,-41.22,-41.8141,-42.4091,-43.0049,-43.6013,-44.1986,-44.7965,-45.3955,-45.9957,-46.5976,-47.1997,-47.8042,-48.409,-49.0158,-49.6241,-50.2339,-50.8458,-51.4589,-52.0739,-52.6916,-53.3111,-53.9331,-54.5566,-55.1836,-55.8129,-56.4445,-57.0797,-57.7175,-58.3591,-59.0029,-59.6513,-60.303,-60.9582,-61.6177,-62.2818,-62.9496,-63.6222,-64.2998,-64.982,-65.6697,90,90,90,90,90,90,90,90,90,90,90,90,90,90,90,90,90,90,90,90,90,90,90,90,90,90,90,90,
90,90,90,90,90,90,90,90,90,90,90,90,90,90,90,90,90,90,90,90,90,90,90,90,90,90,90,66.0849,65.3961,64.7123,64.0337,63.3597,62.6904,62.0258,61.3656,60.7099,60.0576,59.4092,58.764,58.1226,57.4846,56.8496,56.218,55.5887,54.9627,54.3387,53.7174,53.0981,52.4813,51.8668,51.2545,50.6435,50.0343,49.4271,48.8215,48.2174,47.6142,47.013,46.4125,45.8133,45.2154,44.6186,44.0229,43.4278,42.8337,42.2405,41.6478,41.0559,40.4649,39.8745,39.2844,38.6951,38.1063,37.518,36.9298,36.3427,35.7549,35.1685,34.582,33.9963,33.4107,32.825,32.2399,31.6549,31.07,30.4857,29.9013,29.3173,28.7333,28.1496,27.5663,26.9828,26.4001,25.817,25.2346,24.6519,24.0694,23.4873,22.905,22.3229,21.7409,21.159,20.5775,19.9962,19.4151,18.8336,18.2527,17.6721,17.0913,16.5105,15.9297,15.3494,14.769,14.1891,13.6089,13.0292,12.4489,11.8691,11.2894,10.7101,10.1307,9.55086,8.97182,8.39271,7.81357,7.23446,6.65548,6.07655,5.49762,4.91877,4.33998,3.76125,3.18254,2.60384,2.02524,1.44659,0.867925,0.28931,-0.28931,-0.867925,-1.44659,-2.02524,-2.60384,-3.18254,-3.76125,-4.33998,-4.91877,-5.49762,-6.07655,-6.65548,-7.23446,-7.81357,-8.39271,-8.97182,-9.55086,-10.1307,-10.7101,-11.2894,-11.8691,-12.4489,-13.0292,-13.6089,-14.1891,-14.769,-15.3494,-15.9297,-16.5105,-17.0913,-17.6721,-18.2527,-18.8336,-19.4151,-19.9962,-20.5775,-21.159,-21.7409,-22.3229,-22.905,-23.4873,-24.0694,-24.6519,-25.2346,-25.817,-26.4001,-26.9828,-27.5663,-28.1496,-28.7333,-29.3173,-29.9013,-30.4857,-31.07,-31.6549,-32.2399,-32.825,-33.4107,-33.9963,-34.582,-35.1685,-35.7549,-36.3427,-36.9298,-37.518,-38.1063,-38.6951,-39.2844,-39.8745,-40.4649,-41.0559,-41.6478,-42.2405,-42.8337,-43.4278,-44.0229,-44.6186,-45.2154,-45.8133,-46.4125,-47.013,-47.6142,-48.2174,-48.8215,-49.4271,-50.0343,-50.6435,-51.2545,-51.8668,-52.4813,-53.0981,-53.7174,-54.3387,-54.9627,-55.5887,-56.218,-56.8496,-57.4846,-58.1226,-58.764,-59.4092,-60.0576,-60.7099,-61.3656,-62.0258,-62.6904,-63.3597,-64.0337,-64.7123,-65.3961,-66.0849,90,90,90,90,90,90,90,90,90,90,90,90,90,90,90,90,90,90,90,90,90,90,90,90,90,90,90,
90,90,90,90,90,90,90,90,90,90,90,90,90,90,90,90,90,90,90,90,90,90,90,90,90,90,90,65.8154,65.1296,64.4496,63.7745,63.1043,62.4388,61.7772,61.1202,60.4677,59.8186,59.1734,58.5319,57.8931,57.2583,56.6265,55.9971,55.3714,54.747,54.1262,53.5076,52.8913,52.2775,51.6651,51.055,50.4467,49.84,49.2354,48.632,48.03,47.4295,46.8303,46.2325,45.6359,45.0397,44.4455,43.8519,43.259,42.6671,42.0761,41.486,40.8959,40.307,39.7185,39.1306,38.5434,37.9568,37.3704,36.7845,36.1996,35.6145,35.0294,34.4452,33.8618,33.2776,32.6942,32.1114,31.5287,30.9462,30.3637,29.7816,29.1996,28.618,28.0367,27.4548,26.8741,26.2932,25.7122,25.1315,24.5513,23.971,23.3912,22.8114,22.2312,21.6516,21.0722,20.4931,19.9134,19.3348,18.7558,18.1767,17.5983,17.0201,16.442,15.8637,15.2851,14.7072,14.1298,13.5521,12.9741,12.3965,11.8191,11.2421,10.6651,10.0877,9.51112,8.93386,8.35729,7.7807,7.20406,6.62732,6.0508,5.47436,4.89794,4.32157,3.74527,3.16905,2.59282,2.01658,1.44037,0.864206,0.288079,-0.288079,-0.864206,-1.44037,-2.01658,-2.59282,-3.16905,-3.74527,-4.32157,-4.89794,-5.47436,-6.0508,-6.62732,-7.20406,-7.7807,-8.35729,-8.93386,-9.51112,-10.0877,-10.6651,-11.2421,-11.8191,-12.3965,-12.9741,-13.5521,-14.1298,-14.7072,-15.2851,-15.8637,-16.442,-17.0201,-17.5983,-18.1767,-18.7558,-19.3348,-19.9134,-20.4931,-21.0722,-21.6516,-22.2312,-22.8114,-23.3912,-23.971,-24.5513,-25.1315,-25.7122,-26.2932,-26.8741,-27.4548,-28.0367,-28.618,-29.1996,-29.7816,-30.3637,-30.9462,-31.5287,-32.1114,-32.6942,-33.2776,-33.8618,-34.4452,-35.0294,-35.6145,-36.1996,-36.7845,-37.3704,-37.9568,-38.5434,-39.1306,-39.7185,-40.307,-40.8959,-41.486,-42.0761,-42.6671,-43.259,-43.8519,-44.4455,-45.0397,-45.6359,-46.2325,-46.8303,-47.4295,-48.03,-48.632,-49.2354,-49.84,-50.4467,-51.055,-51.6651,-52.2775,-52.8913,-53.5076,-54.1262,-54.747,-55.3714,-55.9971,-56.6265,-57.2583,-57.8931,-58.5319,-59.1734,-59.8186,-60.4677,-61.1202,-61.7772,-62.4388,-63.1043,-63.7745,-64.4496,-65.1296,-65.8154,90,90,90,90,90,90,90,90,90,90,90,90,90,90,90,90,90,90,90,90,90,90,90,90,90,90,90,
90,90,90,90,90,90,90,90,90,90,90,90,90,90,90,90,90,90,90,90,90,90,90,90,90,90,66.2402,65.5525,64.8708,64.1943,63.5227,62.8557,62.1937,61.5358,60.8819,60.2323,59.5863,58.9442,58.305,57.6702,57.0376,56.4084,55.7825,55.1589,54.5381,53.9198,53.3037,52.6896,52.0783,51.4689,50.8609,50.2551,49.651,49.0485,48.4476,47.8481,47.2502,46.6531,46.0573,45.4629,44.8692,44.2771,43.6852,43.0948,42.5051,41.9162,41.3278,40.7402,40.1531,39.5671,38.9815,38.3959,37.8111,37.2273,36.6435,36.0599,35.477,34.8947,34.3122,33.7301,33.1491,32.5673,31.9865,31.4054,30.8252,30.2446,29.6648,29.0851,28.5053,27.926,27.3467,26.768,26.1885,25.6101,25.0315,24.4536,23.8751,23.2971,22.7194,22.1424,21.5643,20.9873,20.4106,19.8333,19.2565,18.6796,18.103,17.5272,16.9507,16.3749,15.7988,15.2228,14.6474,14.0716,13.4964,12.9209,12.3457,11.7707,11.1955,10.621,10.046,9.47181,8.89713,8.32237,7.74825,7.17408,6.5998,6.02563,5.45161,4.87761,4.3037,3.72974,3.15588,2.58205,2.00823,1.43444,0.860617,0.286885,-0.286885,-0.860617,-1.43444,-2.00823,-2.58205,-3.15588,-3.72974,-4.3037,-4.87761,-5.45161,-6.02563,-6.5998,-7.17408,-7.74825,-8.32237,-8.89713,-9.47181,-10.046,-10.621,-11.1955,-11.7707,-12.3457,-12.9209,-13.4964,-14.0716,-14.6474,-15.2228,-15.7988,-16.3749,-16.9507,-17.5272,-18.103,-18.6796,-19.2565,-19.8333,-20.4106,-20.9873,-21.5643,-22.1424,-22.7194,-23.2971,-23.8751,-24.4536,-25.0315,-25.6101,-26.1885,-26.768,-27.3467,-27.926,-28.5053,-29.0851,-29.6648,-30.2446,-30.8252,-31.4054,-31.9865,-32.5673,-33.1491,-33.7301,-34.3122,-34.8947,-35.477,-36.0599,-36.6435,-37.2273,-37.8111,-38.3959,-38.9815,-39.5671,-40.1531,-40.7402,-41.3278,-41.9162,-42.5051,-43.0948,-43.6852,-44.2771,-44.8692,-45.4629,-46.0573,-46.6531,-47.2502,-47.8481,-48.4476,-49.0485,-49.651,-50.2551,-50.8609,-51.4689,-52.0783,-52.6896,-53.3037,-53.9198,-54.5381,-55.1589,-55.7825,-56.4084,-57.0376,-57.6702,-58.305,-58.9442,-59.5863,-60.2323,-60.8819,-61.5358,-62.1937,-62.8557,-63.5227,-64.1943,-64.8708,-65.5525,-66.2402,90,90,90,90,90,90,90,90,90,90,90,90,90,90,90,90,90,90,90,90,90,90,90,90,90,90,
90,90,90,90,90,90,90,90,90,90,90,90,90,90,90,90,90,90,90,90,90,90,90,90,90,66.6699,65.9812,65.2971,64.6191,63.9458,63.2776,62.6143,61.9554,61.3003,60.6495,60.003,59.3601,58.7211,58.0853,57.4527,56.8232,56.197,55.5736,54.9526,54.3342,53.7184,53.1048,52.4937,51.8849,51.2776,50.6721,50.0688,49.4667,48.8671,48.2678,47.6708,47.0749,46.4803,45.8866,45.2946,44.7029,44.1125,43.5231,42.9348,42.3466,41.7598,41.1739,40.5885,40.0034,39.4195,38.8355,38.2521,37.6698,37.0877,36.5056,35.9241,35.3434,34.7627,34.1824,33.6029,33.0232,32.4433,31.8644,31.2858,30.7072,30.1288,29.5512,28.9729,28.3952,27.8182,27.2412,26.6638,26.0875,25.5105,24.9342,24.3579,23.7823,23.2066,22.6306,22.055,21.4799,20.9045,20.3293,19.7545,19.1798,18.6053,18.0312,17.457,16.8833,16.3091,15.7356,15.162,14.5887,14.0155,13.4418,12.8688,12.2959,11.7233,11.1504,10.5783,10.0057,9.43325,8.86085,8.28915,7.71677,7.14508,6.57306,6.00129,5.42953,4.8578,4.28617,3.71462,3.14303,2.57155,2.00007,1.42861,0.857137,0.285714,-0.285714,-0.857137,-1.42861,-2.00007,-2.57155,-3.14303,-3.71462,-4.28617,-4.8578,-5.42953,-6.00129,-6.57306,-7.14508,-7.71677,-8.28915,-8.86085,-9.43325,-10.0057,-10.5783,-11.1504,-11.7233,-12.2959,-12.8688,-13.4418,-14.0155,-14.5887,-15.162,-15.7356,-16.3091,-16.8833,-17.457,-18.0312,-18.6053,-19.1798,-19.7545,-20.3293,-20.9045,-21.4799,-22.055,-22.6306,-23.2066,-23.7823,-24.3579,-24.9342,-25.5105,-26.0875,-26.6638,-27.2412,-27.8182,-28.3952,-28.9729,-29.5512,-30.1288,-30.7072,-31.2858,-31.8644,-32.4433,-33.0232,-33.6029,-34.1824,-34.7627,-35.3434,-35.9241,-36.5056,-37.0877,-37.6698,-38.2521,-38.8355,-39.4195,-40.0034,-40.5885,-41.1739,-41.7598,-42.3466,-42.9348,-43.5231,-44.1125,-44.7029,-45.2946,-45.8866,-46.4803,-47.0749,-47.6708,-48.2678,-48.8671,-49.4667,-50.0688,-50.6721,-51.2776,-51.8849,-52.4937,-53.1048,-53.7184,-54.3342,-54.9526,-55.5736,-56.197,-56.8232,-57.4527,-58.0853,-58.7211,-59.3601,-60.003,-60.6495,-61.3003,-61.9554,-62.6143,-63.2776,-63.9458,-64.6191,-65.2971,-65.9812,-66.6699,90,90,90,90,90,90,90,90,90,90,90,90,90,90,90,90,90,90,90,90,90,90,90,90,90,
90,90,90,90,90,90,90,90,90,90,90,90,90,90,90,90,90,90,90,90,90,90,90,90,90,66.4147,65.7291,65.0487,64.3738,63.7039,63.0394,62.3788,61.723,61.0712,60.4238,59.7806,59.1405,58.5039,57.8712,57.2415,56.6145,55.9911,55.3698,54.7518,54.1359,53.5231,52.9123,52.3031,51.6964,51.0915,50.4884,49.8875,49.2878,48.6898,48.0933,47.4979,46.9044,46.3122,45.7205,45.1301,44.5413,43.9524,43.3655,42.7787,42.1934,41.6082,41.0239,40.4409,39.8579,39.2756,38.6935,38.1123,37.5315,36.9515,36.3711,35.792,35.213,34.6344,34.0558,33.4783,32.9004,32.3229,31.7458,31.1688,30.5924,30.0162,29.4398,28.8645,28.2888,27.7133,27.1382,26.5633,25.9883,25.4135,24.8394,24.2654,23.6911,23.1176,22.5438,21.9705,21.397,20.8236,20.2509,19.6782,19.1057,18.5335,17.9614,17.3888,16.8176,16.2457,15.6736,15.1023,14.5314,13.9604,13.3891,12.8181,12.2477,11.6774,11.1067,10.5363,9.96601,9.39596,8.82587,8.25647,7.68641,7.11695,6.547,5.97743,5.40793,4.83852,4.26916,3.6998,3.13054,2.56132,1.99211,1.42292,0.853706,0.284581,-0.284581,-0.853706,-1.42292,-1.99211,-2.56132,-3.13054,-3.6998,-4.26916,-4.83852,-5.40793,-5.97743,-6.547,-7.11695,-7.68641,-8.25647,-8.82587,-9.39596,-9.96601,-10.5363,-11.1067,-11.6774,-12.2477,-12.8181,-13.3891,-13.9604,-14.5314,-15.1023,-15.6736,-16.2457,-16.8176,-17.3888,-17.9614,-18.5335,-19.1057,-19.6782,-20.2509,-20.8236,-21.397,-21.9705,-22.5438,-23.1176,-23.6911,-24.2654,-24.8394,-25.4135,-25.9883,-26.5633,-27.1382,-27.7133,-28.2888,-28.8645,-29.4398,-30.0162,-30.5924,-31.1688,-31.7458,-32.3229,-32.9004,-33.4783,-34.0558,-34.6344,-35.213,-35.792,-36.3711,-36.9515,-37.5315,-38.1123,-38.6935,-39.2756,-39.8579,-40.4409,-41.0239,-41.6082,-42.1934,-42.7787,-43.3655,-43.9524,-44.5413,-45.1301,-45.7205,-46.3122,-46.9044,-47.4979,-48.0933,-48.6898,-49.2878,-49.8875,-50.4884,-51.0915,-51.6964,-52.3031,-52.9123,-53.5231,-54.1359,-54.7518,-55.3698,-55.9911,-56.6145,-57.2415,-57.8712,-58.5039,-59.1405,-59.7806,-60.4238,-61.0712,-61.723,-62.3788,-63.0394,-63.7039,-64.3738,-65.0487,-65.7291,-66.4147,90,90,90,90,90,90,90,90,90,90,90,90,90,90,90,90,90,90,90,90,90,90,90,90,90,
90,90,90,90,90,90,90,90,90,90,90,90,90,90,90,90,90,90,90,90,90,90,90,90,66.8535,66.1662,65.484,64.8072,64.1357,63.4693,62.8073,62.1503,61.4975,60.849,60.2043,59.5633,58.9261,58.2931,57.6627,57.0355,56.4118,55.7905,55.1725,54.5563,53.9433,53.3324,52.7237,52.1178,51.513,50.9105,50.3098,49.7112,49.1135,48.5174,47.9233,47.3307,46.7386,46.1484,45.5586,44.9706,44.3833,43.7967,43.2118,42.6269,42.0436,41.4608,40.878,40.2965,39.7155,39.1352,38.5556,37.9759,37.3973,36.8187,36.2407,35.6633,35.0858,34.5093,33.9327,33.3569,32.7808,32.2056,31.6301,31.0551,30.4804,29.9063,29.3321,28.7583,28.1846,27.6107,27.0377,26.4646,25.8918,25.3191,24.7471,24.1744,23.6025,23.0309,22.4593,21.8879,21.3166,20.7454,20.1748,19.6037,19.0334,18.4634,17.8929,17.3231,16.7532,16.1836,15.6137,15.0446,14.4759,13.9065,13.338,12.7693,12.2003,11.6323,11.064,10.4958,9.92771,9.35979,8.79195,8.22414,7.65633,7.08912,6.52161,5.95422,5.38697,4.81975,4.25258,3.68547,3.1184,2.55137,1.98435,1.41741,0.850389,0.283473,-0.283473,-0.850389,-1.41741,-1.98435,-2.55137,-3.1184,-3.68547,-4.25258,-4.81975,-5.38697,-5.95422,-6.52161,-7.08912,-7.65633,-8.22414,-8.79195,-9.35979,-9.92771,-10.4958,-11.064,-11.6323,-12.2003,-12.7693,-13.338,-13.9065,-14.4759,-15.0446,-15.6137,-16.1836,-16.7532,-17.3231,-17.8929,-18.4634,-19.0334,-19.6037,-20.1748,-20.7454,-21.3166,-21.8879,-22.4593,-23.0309,-23.6025,-24.1744,-24.7471,-25.3191,-25.8918,-26.4646,-27.0377,-27.6107,-28.1846,-28.7583,-29.3321,-29.9063,-30.4804,-31.0551,-31.6301,-32.2056,-32.7808,-33.3569,-33.9327,-34.5093,-35.0858,-35.6633,-36.2407,-36.8187,-37.3973,-37.9759,-38.5556,-39.1352,-39.7155,-40.2965,-40.878,-41.4608,-42.0436,-42.6269,-43.2118,-43.7967,-44.3833,-44.9706,-45.5586,-46.1484,-46.7386,-47.3307,-47.9233,-48.5174,-49.1135,-49.7112,-50.3098,-50.9105,-51.513,-52.1178,-52.7237,-53.3324,-53.9433,-54.5563,-55.1725,-55.7905,-56.4118,-57.0355,-57.6627,-58.2931,-58.9261,-59.5633,-60.2043,-60.849,-61.4975,-62.1503,-62.8073,-63.4693,-64.1357,-64.8072,-65.484,-66.1662,-66.8535,90,90,90,90,90,90,90,90,90,90,90,90,90,90,90,90,90,90,90,90,90,90,90,90,
90,90,90,90,90,90,90,90,90,90,90,90,90,90,90,90,90,90,90,90,90,90,90,90,66.6089,65.9243,65.2457,64.5725,63.9037,63.2403,62.5818,61.9278,61.2782,60.6325,59.9904,59.3528,58.7184,58.0874,57.46,56.8357,56.2143,55.5953,54.9797,54.3668,53.7556,53.1472,52.5407,51.9372,51.3346,50.734,50.136,49.539,48.9435,48.3502,47.7575,47.1668,46.577,45.9887,45.4012,44.8151,44.2297,43.6455,43.0619,42.4795,41.8976,41.3167,40.7363,40.1567,39.5776,38.9987,38.4211,37.8433,37.2661,36.6901,36.1136,35.5377,34.9627,34.3876,33.813,33.2386,32.6647,32.091,31.5175,30.9442,30.3719,29.7989,29.2267,28.6546,28.083,27.5112,26.9399,26.3686,25.7978,25.227,24.6565,24.0864,23.5163,22.9463,22.3767,21.8077,21.2382,20.6691,20.1001,19.5317,18.9629,18.3948,17.8264,17.2588,16.6904,16.1229,15.5558,14.9889,14.4216,13.8542,13.2879,12.7215,12.1547,11.5881,11.0219,10.4558,9.88994,9.32419,8.75852,8.19288,7.62789,7.0622,6.49694,5.93166,5.36652,4.80147,4.23642,3.67149,3.10653,2.54169,1.97684,1.41202,0.847182,0.282395,-0.282395,-0.847182,-1.41202,-1.97684,-2.54169,-3.10653,-3.67149,-4.23642,-4.80147,-5.36652,-5.93166,-6.49694,-7.0622,-7.62789,-8.19288,-8.75852,-9.32419,-9.88994,-10.4558,-11.0219,-11.5881,-12.1547,-12.7215,-13.2879,-13.8542,-14.4216,-14.9889,-15.5558,-16.1229,-16.6904,-17.2588,-17.8264,-18.3948,-18.9629,-19.5317,-20.1001,-20.6691,-21.2382,-21.8077,-22.3767,-22.9463,-23.5163,-24.0864,-24.6565,-25.227,-25.7978,-26.3686,-26.9399,-27.5112,-28.083,-28.6546,-29.2267,-29.7989,-30.3719,-30.9442,-31.5175,-32.091,-32.6647,-33.2386,-33.813,-34.3876,-34.9627,-35.5377,-36.1136,-36.6901,-37.2661,-37.8433,-38.4211,-38.9987,-39.5776,-40.1567,-40.7363,-41.3167,-41.8976,-42.4795,-43.0619,-43.6455,-44.2297,-44.8151,-45.4012,-45.9887,-46.577,-47.1668,-47.7575,-48.3502,-48.9435,-49.539,-50.136,-50.734,-51.3346,-51.9372,-52.5407,-53.1472,-53.7556,-54.3668,-54.9797,-55.5953,-56.2143,-56.8357,-57.46,-58.0874,-58.7184,-59.3528,-59.9904,-60.6325,-61.2782,-61.9278,-62.5818,-63.2403,-63.9037,-64.5725,-65.2457,-65.9243,-66.6089,90,90,90,90,90,90,90,90,90,90,90,90,90,90,90,90,90,90,90,90,90,90,90,90,
90,90,90,90,90,90,90,90,90,90,90,90,90,90,90,90,90,90,90,90,90,90,90,90,66.3708,65.6897,65.0139,64.3442,63.6789,63.0185,62.3626,61.7116,61.0646,60.422,59.7828,59.1479,58.516,57.8882,57.2631,56.6411,56.022,55.4059,54.7926,54.1816,53.5732,52.9674,52.3628,51.7611,51.1608,50.5629,49.9663,49.3719,48.7788,48.1873,47.5969,47.0079,46.42,45.8335,45.2483,44.664,44.0804,43.498,42.9163,42.3357,41.7557,41.1766,40.5976,40.0204,39.4427,38.8662,38.2896,37.7141,37.1388,36.5642,35.9896,35.4156,34.842,34.269,33.6963,33.1239,32.5514,31.9796,31.4077,30.8367,30.266,29.695,29.1242,28.5541,27.9842,27.4143,26.8445,26.2755,25.7061,25.1373,24.5688,24.0007,23.4321,22.8646,22.2963,21.7293,21.1618,20.5942,20.0276,19.4606,18.8945,18.328,17.7615,17.196,16.6297,16.0642,15.4992,14.9335,14.3684,13.8039,13.239,12.6745,12.1098,11.546,10.9818,10.4178,9.85343,9.28977,8.7262,8.16267,7.59913,7.03619,6.47283,5.90972,5.34669,4.78369,4.22073,3.65781,3.09503,2.53223,1.96944,1.40673,0.844009,0.281344,-0.281344,-0.844009,-1.40673,-1.96944,-2.53223,-3.09503,-3.65781,-4.22073,-4.78369,-5.34669,-5.90972,-6.47283,-7.03619,-7.59913,-8.16267,-8.7262,-9.28977,-9.85343,-10.4178,-10.9818,-11.546,-12.1098,-12.6745,-13.239,-13.8039,-14.3684,-14.9335,-15.4992,-16.0642,-16.6297,-17.196,-17.7615,-18.328,-18.8945,-19.4606,-20.0276,-20.5942,-21.1618,-21.7293,-22.2963,-22.8646,-23.4321,-24.0007,-24.5688,-25.1373,-25.7061,-26.2755,-26.8445,-27.4143,-27.9842,-28.5541,-29.1242,-29.695,-30.266,-30.8367,-31.4077,-31.9796,-32.5514,-33.1239,-33.6963,-34.269,-34.842,-35.4156,-35.9896,-36.5642,-37.1388,-37.7141,-38.2896,-38.8662,-39.4427,-40.0204,-40.5976,-41.1766,-41.7557,-42.3357,-42.9163,-43.498,-44.0804,-44.664,-45.2483,-45.8335,-46.42,-47.0079,-47.5969,-48.1873,-48.7788,-49.3719,-49.9663,-50.5629,-51.1608,-51.7611,-52.3628,-52.9674,-53.5732,-54.1816,-54.7926,-55.4059,-56.022,-56.6411,-57.2631,-57.8882,-58.516,-59.1479,-59.7828,-60.422,-61.0646,-61.7116,-62.3626,-63.0185,-63.6789,-64.3442,-65.0139,-65.6897,-66.3708,90,90,90,90,90,90,90,90,90,90,90,90,90,90,90,90,90,90,90,90,90,90,90,90,
90,90,90,90,90,90,90,90,90,90,90,90,90,90,90,90,90,90,90,90,90,90,90,66.8224,66.1388,65.4611,64.7887,64.1219,63.4595,62.8025,62.1496,61.5014,60.857,60.2172,59.5812,58.9483,58.3195,57.6937,57.0714,56.452,55.8357,55.2219,54.6108,54.0019,53.3958,52.7918,52.1898,51.5903,50.9924,50.3962,49.8018,49.2092,48.6178,48.0285,47.4403,46.8527,46.2675,45.6827,45.0993,44.5167,43.9354,43.3548,42.7749,42.1961,41.6178,41.0406,40.4634,39.8871,39.3117,38.7365,38.1622,37.5885,37.0147,36.4418,35.8692,35.297,34.7249,34.1532,33.5824,33.0115,32.4409,31.871,31.301,30.7316,30.1622,29.5934,29.0248,28.4561,27.8875,27.3198,26.7522,26.1843,25.6175,25.05,24.4832,23.9165,23.3504,22.7843,22.2185,21.6526,21.0874,20.5218,19.9571,19.3919,18.8272,18.2627,17.6988,17.1347,16.571,16.0067,15.4437,14.8802,14.3171,13.7544,13.1916,12.6291,12.0664,11.504,10.9418,10.3799,9.81814,9.25651,8.69497,8.13347,7.57197,7.01034,6.4494,5.88827,5.32728,4.76632,4.20541,3.64457,3.08382,2.52306,1.96231,1.40164,0.840952,0.280325,-0.280325,-0.840952,-1.40164,-1.96231,-2.52306,-3.08382,-3.64457,-4.20541,-4.76632,-5.32728,-5.88827,-6.4494,-7.01034,-7.57197,-8.13347,-8.69497,-9.25651,-9.81814,-10.3799,-10.9418,-11.504,-12.0664,-12.6291,-13.1916,-13.7544,-14.3171,-14.8802,-15.4437,-16.0067,-16.571,-17.1347,-17.6988,-18.2627,-18.8272,-19.3919,-19.9571,-20.5218,-21.0874,-21.6526,-22.2185,-22.7843,-23.3504,-23.9165,-24.4832,-25.05,-25.6175,-26.1843,-26.7522,-27.3198,-27.8875,-28.4561,-29.0248,-29.5934,-30.1622,-30.7316,-31.301,-31.871,-32.4409,-33.0115,-33.5824,-34.1532,-34.7249,-35.297,-35.8692,-36.4418,-37.0147,-37.5885,-38.1622,-38.7365,-39.3117,-39.8871,-40.4634,-41.0406,-41.6178,-42.1961,-42.7749,-43.3548,-43.9354,-44.5167,-45.0993,-45.6827,-46.2675,-46.8527,-47.4403,-48.0285,-48.6178,-49.2092,-49.8018,-50.3962,-50.9924,-51.5903,-52.1898,-52.7918,-53.3958,-54.0019,-54.6108,-55.2219,-55.8357,-56.452,-57.0714,-57.6937,-58.3195,-58.9483,-59.5812,-60.2172,-60.857,-61.5014,-62.1496,-62.8025,-63.4595,-64.1219,-64.7887,-65.4611,-66.1388,-66.8224,90,90,90,90,90,90,90,90,90,90,90,90,90,90,90,90,90,90,90,90,90,90,90,
90,90,90,90,90,90,90,90,90,90,90,90,90,90,90,90,90,90,90,90,90,90,90,66.5942,65.9138,65.2389,64.57,63.9058,63.2468,62.5921,61.9426,61.2972,60.6556,60.0184,59.3848,58.7547,58.1281,57.5049,56.8848,56.2682,55.6541,55.0425,54.4336,53.8269,53.223,52.6216,52.0218,51.4236,50.8282,50.2342,49.6416,49.0511,48.4619,47.8738,47.2878,46.7024,46.1184,45.5358,44.9546,44.3737,43.7937,43.2148,42.6371,42.06,41.4831,40.9076,40.3326,39.758,39.1844,38.6106,38.038,37.4656,36.8936,36.3222,35.7513,35.1809,34.6106,34.0412,33.4717,32.9027,32.3339,31.7655,31.1973,30.6292,30.0617,29.4944,28.9276,28.3605,27.794,27.2277,26.6617,26.0956,25.5307,24.965,24.4001,23.8353,23.2709,22.7061,22.1422,21.5783,21.0147,20.451,19.8882,19.325,18.7622,18.1994,17.6371,17.0752,16.5129,15.9514,15.3897,14.8286,14.2674,13.706,13.1451,12.5846,12.0239,11.464,10.9038,10.3432,9.78343,9.22376,8.66408,8.10455,7.54501,6.98607,6.4264,5.86748,5.30846,4.74946,4.19058,3.63171,3.07287,2.51414,1.95542,1.3967,0.83799,0.279331,-0.279331,-0.83799,-1.3967,-1.95542,-2.51414,-3.07287,-3.63171,-4.19058,-4.74946,-5.30846,-5.86748,-6.4264,-6.98607,-7.54501,-8.10455,-8.66408,-9.22376,-9.78343,-10.3432,-10.9038,-11.464,-12.0239,-12.5846,-13.1451,-13.706,-14.2674,-14.8286,-15.3897,-15.9514,-16.5129,-17.0752,-17.6371,-18.1994,-18.7622,-19.325,-19.8882,-20.451,-21.0147,-21.5783,-22.1422,-22.7061,-23.2709,-23.8353,-24.4001,-24.965,-25.5307,-26.0956,-26.6617,-27.2277,-27.794,-28.3605,-28.9276,-29.4944,-30.0617,-30.6292,-31.1973,-31.7655,-32.3339,-32.9027,-33.4717,-34.0412,-34.6106,-35.1809,-35.7513,-36.3222,-36.8936,-37.4656,-38.038,-38.6106,-39.1844,-39.758,-40.3326,-40.9076,-41.4831,-42.06,-42.6371,-43.2148,-43.7937,-44.3737,-44.9546,-45.5358,-46.1184,-46.7024,-47.2878,-47.8738,-48.4619,-49.0511,-49.6416,-50.2342,-50.8282,-51.4236,-52.0218,-52.6216,-53.223,-53.8269,-54.4336,-55.0425,-55.6541,-56.2682,-56.8848,-57.5049,-58.1281,-58.7547,-59.3848,-60.0184,-60.6556,-61.2972,-61.9426,-62.5921,-63.2468,-63.9058,-64.57,-65.2389,-65.9138,-66.5942,90,90,90,90,90,90,90,90,90,90,90,90,90,90,90,90,90,90,90,90,90,90,90,
90,90,90,90,90,90,90,90,90,90,90,90,90,90,90,90,90,90,90,90,90,90,67.0545,66.3718,65.6948,65.0233,64.3572,63.6958,63.0396,62.388,61.7407,61.098,60.4595,59.8247,59.1934,58.5663,57.9425,57.3214,56.704,56.0887,55.4771,54.8677,54.2613,53.6573,53.0551,52.4554,51.8582,51.2625,50.6688,50.076,49.4859,48.8971,48.31,47.7236,47.1392,46.5559,45.974,45.3927,44.8131,44.234,43.6565,43.0789,42.5028,41.927,41.3527,40.7784,40.2052,39.6323,39.0599,38.4883,37.917,37.3464,36.7765,36.2068,35.6371,35.0681,34.4996,33.932,33.3639,32.7966,32.2292,31.6624,31.096,30.5293,29.9636,29.3981,28.8323,28.2678,27.7029,27.1384,26.5738,26.0099,25.4459,24.8821,24.3191,23.7558,23.1929,22.6303,22.0683,21.5061,20.9439,20.3826,19.8211,19.2597,18.6988,18.1379,17.5772,17.0174,16.4569,15.8971,15.3373,14.7781,14.2181,13.6593,13.1003,12.5417,11.9828,11.4242,10.8659,10.3077,9.74979,9.19202,8.63434,8.0767,7.51906,6.96201,6.40424,5.84722,5.29009,4.73307,4.17609,3.61913,3.06225,2.50543,1.94861,1.39189,0.835139,0.278368,-0.278368,-0.835139,-1.39189,-1.94861,-2.50543,-3.06225,-3.61913,-4.17609,-4.73307,-5.29009,-5.84722,-6.40424,-6.96201,-7.51906,-8.0767,-8.63434,-9.19202,-9.74979,-10.3077,-10.8659,-11.4242,-11.9828,-12.5417,-13.1003,-13.6593,-14.2181,-14.7781,-15.3373,-15.8971,-16.4569,-17.0174,-17.5772,-18.1379,-18.6988,-19.2597,-19.8211,-20.3826,-20.9439,-21.5061,-22.0683,-22.6303,-23.1929,-23.7558,-24.3191,-24.8821,-25.4459,-26.0099,-26.5738,-27.1384,-27.7029,-28.2678,-28.8323,-29.3981,-29.9636,-30.5293,-31.096,-31.6624,-32.2292,-32.7966,-33.3639,-33.932,-34.4996,-35.0681,-35.6371,-36.2068,-36.7765,-37.3464,-37.917,-38.4883,-39.0599,-39.6323,-40.2052,-40.7784,-41.3527,-41.927,-42.5028,-43.0789,-43.6565,-44.234,-44.8131,-45.3927,-45.974,-46.5559,-47.1392,-47.7236,-48.31,-48.8971,-49.4859,-50.076,-50.6688,-51.2625,-51.8582,-52.4554,-53.0551,-53.6573,-54.2613,-54.8677,-55.4771,-56.0887,-56.704,-57.3214,-57.9425,-58.5663,-59.1934,-59.8247,-60.4595,-61.098,-61.7407,-62.388,-63.0396,-63.6958,-64.3572,-65.0233,-65.6948,-66.3718,-67.0545,90,90,90,90,90,90,90,90,90,90,90,90,90,90,90,90,90,90,90,90,90,90,
90,90,90,90,90,90,90,90,90,90,90,90,90,90,90,90,90,90,90,90,90,90,66.836,66.1564,65.4822,64.8133,64.1505,63.4918,62.8384,62.1895,61.5449,60.905,60.2692,59.6365,59.0082,58.3829,57.7613,57.1428,56.5279,55.9156,55.3058,54.6988,54.0937,53.4918,52.892,52.2943,51.6988,51.1047,50.5131,49.9228,49.3343,48.7476,48.1621,47.5782,46.9954,46.4137,45.8335,45.2542,44.6758,44.0983,43.5224,42.9469,42.3721,41.7979,41.2252,40.6526,40.081,39.5098,38.939,38.3691,37.7995,37.2306,36.662,36.0939,35.5256,34.9587,34.3915,33.825,33.2586,32.6931,32.1274,31.562,30.9973,30.4324,29.868,29.3043,28.7405,28.1769,27.6137,27.0509,26.4882,25.9257,25.3635,24.8015,24.2402,23.6787,23.1173,22.5568,21.9959,21.4353,20.8754,20.3154,19.7554,19.196,18.6367,18.0776,17.5195,16.9608,16.4021,15.8441,15.2861,14.7287,14.1712,13.6135,13.0563,12.4996,11.943,11.3862,10.8298,10.2735,9.71742,9.16148,8.60562,8.04972,7.49392,6.93807,6.38277,5.82759,5.27236,4.71716,4.16202,3.60695,3.05198,2.49699,1.94205,1.38716,0.832314,0.277429,-0.277429,-0.832314,-1.38716,-1.94205,-2.49699,-3.05198,-3.60695,-4.16202,-4.71716,-5.27236,-5.82759,-6.38277,-6.93807,-7.49392,-8.04972,-8.60562,-9.16148,-9.71742,-10.2735,-10.8298,-11.3862,-11.943,-12.4996,-13.0563,-13.6135,-14.1712,-14.7287,-15.2861,-15.8441,-16.4021,-16.9608,-17.5195,-18.0776,-18.6367,-19.196,-19.7554,-20.3154,-20.8754,-21.4353,-21.9959,-22.5568,-23.1173,-23.6787,-24.2402,-24.8015,-25.3635,-25.9257,-26.4882,-27.0509,-27.6137,-28.1769,-28.7405,-29.3043,-29.868,-30.4324,-30.9973,-31.562,-32.1274,-32.6931,-33.2586,-33.825,-34.3915,-34.9587,-35.5256,-36.0939,-36.662,-37.2306,-37.7995,-38.3691,-38.939,-39.5098,-40.081,-40.6526,-41.2252,-41.7979,-42.3721,-42.9469,-43.5224,-44.0983,-44.6758,-45.2542,-45.8335,-46.4137,-46.9954,-47.5782,-48.1621,-48.7476,-49.3343,-49.9228,-50.5131,-51.1047,-51.6988,-52.2943,-52.892,-53.4918,-54.0937,-54.6988,-55.3058,-55.9156,-56.5279,-57.1428,-57.7613,-58.3829,-59.0082,-59.6365,-60.2692,-60.905,-61.5449,-62.1895,-62.8384,-63.4918,-64.1505,-64.8133,-65.4822,-66.1564,-66.836,90,90,90,90,90,90,90,90,90,90,90,90,90,90,90,90,90,90,90,90,90,90,
90,90,90,90,90,90,90,90,90,90,90,90,90,90,90,90,90,90,90,90,90,67.3059,66.6235,65.9466,65.2757,64.6098,63.9494,63.294,62.6433,61.9966,61.3552,60.7174,60.0837,59.454,58.828,58.2051,57.5861,56.9698,56.3564,55.7462,55.1384,54.5335,53.9313,53.331,52.7333,52.1376,51.544,50.952,50.3619,49.7737,49.1872,48.6021,48.0181,47.4362,46.855,46.2749,45.6967,45.1189,44.5421,43.9671,43.3919,42.818,42.2451,41.673,41.101,40.5305,39.9605,39.3904,38.8214,38.2526,37.6851,37.1178,36.5503,35.9839,35.4177,34.852,34.2863,33.7212,33.157,32.5922,32.0282,31.4644,30.9014,30.3381,29.7755,29.2131,28.651,28.0891,27.5276,26.9657,26.4046,25.8439,25.2834,24.7231,24.1632,23.6037,23.044,22.485,21.9258,21.367,20.8082,20.2505,19.6923,19.1344,18.577,18.0197,17.4625,16.9055,16.3492,15.7929,15.2367,14.6804,14.1246,13.5694,13.0138,12.4588,11.9041,11.3491,10.7944,10.2399,9.68546,9.13128,8.57719,8.02315,7.46911,6.91566,6.36212,5.80845,5.255,4.70164,4.14833,3.5951,3.04196,2.48881,1.93567,1.38261,0.829534,0.276519,-0.276519,-0.829534,-1.38261,-1.93567,-2.48881,-3.04196,-3.5951,-4.14833,-4.70164,-5.255,-5.80845,-6.36212,-6.91566,-7.46911,-8.02315,-8.57719,-9.13128,-9.68546,-10.2399,-10.7944,-11.3491,-11.9041,-12.4588,-13.0138,-13.5694,-14.1246,-14.6804,-15.2367,-15.7929,-16.3492,-16.9055,-17.4625,-18.0197,-18.577,-19.1344,-19.6923,-20.2505,-20.8082,-21.367,-21.9258,-22.485,-23.044,-23.6037,-24.1632,-24.7231,-25.2834,-25.8439,-26.4046,-26.9657,-27.5276,-28.0891,-28.651,-29.2131,-29.7755,-30.3381,-30.9014,-31.4644,-32.0282,-32.5922,-33.157,-33.7212,-34.2863,-34.852,-35.4177,-35.9839,-36.5503,-37.1178,-37.6851,-38.2526,-38.8214,-39.3904,-39.9605,-40.5305,-41.101,-41.673,-42.2451,-42.818,-43.3919,-43.9671,-44.5421,-45.1189,-45.6967,-46.2749,-46.855,-47.4362,-48.0181,-48.6021,-49.1872,-49.7737,-50.3619,-50.952,-51.544,-52.1376,-52.7333,-53.331,-53.9313,-54.5335,-55.1384,-55.7462,-56.3564,-56.9698,-57.5861,-58.2051,-58.828,-59.454,-60.0837,-60.7174,-61.3552,-61.9966,-62.6433,-63.294,-63.9494,-64.6098,-65.2757,-65.9466,-66.6235,-67.3059,90,90,90,90,90,90,90,90,90,90,90,90,90,90,90,90,90,90,90,90,90,
90,90,90,90,90,90,90,90,90,90,90,90,90,90,90,90,90,90,90,90,90,67.0967,66.4169,65.7433,65.0749,64.4122,63.754,63.1013,62.4532,61.8096,61.1703,60.5351,59.9041,59.2765,58.6528,58.0325,57.4155,56.8012,56.1904,55.5822,54.9769,54.3734,53.7733,53.1753,52.5796,51.9855,51.3935,50.8039,50.2153,49.6289,49.044,48.4603,47.8784,47.298,46.7188,46.1406,45.5635,44.9873,44.4124,43.8384,43.2653,42.6933,42.1216,41.551,40.981,40.4116,39.8431,39.2747,38.7071,38.1404,37.5736,37.0079,36.4424,35.8767,35.3121,34.7481,34.1845,33.6209,33.0574,32.4946,31.9322,31.3697,30.8083,30.2463,29.6853,29.1244,28.5636,28.003,27.4431,26.8834,26.3234,25.7643,25.2055,24.6468,24.0886,23.5305,22.9725,22.4151,21.8576,21.3004,20.7433,20.187,19.6305,19.0745,18.5186,17.9629,17.4075,16.8521,16.2975,15.7429,15.1884,14.6344,14.0802,13.526,12.9729,12.4189,11.8659,11.3126,10.7601,10.2073,9.65472,9.10224,8.54985,7.99742,7.44572,6.89334,6.34151,5.78987,5.23824,4.68665,4.13511,3.58364,3.03218,2.4808,1.92949,1.37821,0.826905,0.275632,-0.275632,-0.826905,-1.37821,-1.92949,-2.4808,-3.03218,-3.58364,-4.13511,-4.68665,-5.23824,-5.78987,-6.34151,-6.89334,-7.44572,-7.99742,-8.54985,-9.10224,-9.65472,-10.2073,-10.7601,-11.3126,-11.8659,-12.4189,-12.9729,-13.526,-14.0802,-14.6344,-15.1884,-15.7429,-16.2975,-16.8521,-17.4075,-17.9629,-18.5186,-19.0745,-19.6305,-20.187,-20.7433,-21.3004,-21.8576,-22.4151,-22.9725,-23.5305,-24.0886,-24.6468,-25.2055,-25.7643,-26.3234,-26.8834,-27.4431,-28.003,-28.5636,-29.1244,-29.6853,-30.2463,-30.8083,-31.3697,-31.9322,-32.4946,-33.0574,-33.6209,-34.1845,-34.7481,-35.3121,-35.8767,-36.4424,-37.0079,-37.5736,-38.1404,-38.7071,-39.2747,-39.8431,-40.4116,-40.981,-41.551,-42.1216,-42.6933,-43.2653,-43.8384,-44.4124,-44.9873,-45.5635,-46.1406,-46.7188,-47.298,-47.8784,-48.4603,-49.044,-49.6289,-50.2153,-50.8039,-51.3935,-51.9855,-52.5796,-53.1753,-53.7733,-54.3734,-54.9769,-55.5822,-56.1904,-56.8012,-57.4155,-58.0325,-58.6528,-59.2765,-59.9041,-60.5351,-61.1703,-61.8096,-62.4532,-63.1013,-63.754,-64.4122,-65.0749,-65.7433,-66.4169,-67.0967,90,90,90,90,90,90,90,90,90,90,90,90,90,90,90,90,90,90,90,90,90,
90,90,90,90,90,90,90,90,90,90,90,90,90,90,90,90,90,90,90,90,90,66.8929,66.2164,65.5452,64.8797,64.2199,63.5646,62.9142,62.2687,61.6281,60.9908,60.3582,59.7291,59.1041,58.4825,57.8642,57.2492,56.6377,56.0284,55.4225,54.8191,54.2182,53.6195,53.0235,52.4292,51.8374,51.2474,50.6592,50.073,49.4877,48.9051,48.3229,47.7428,47.164,46.5862,46.0095,45.4343,44.8596,44.2862,43.7142,43.1425,42.5716,42.0014,41.4323,40.8637,40.2958,39.7289,39.1624,38.5959,38.0307,37.4654,36.9008,36.3364,35.7728,35.2097,34.6472,34.0843,33.5223,32.9607,32.3995,31.8384,31.2778,30.7171,30.157,29.5972,29.0375,28.4789,27.9196,27.3611,26.8029,26.2451,25.687,25.1297,24.5724,24.0158,23.4593,22.9029,22.347,21.791,21.2356,20.6799,20.1252,19.5705,19.016,18.4617,17.9076,17.3538,16.8007,16.2471,15.6941,15.1412,14.5887,14.0362,13.4843,12.9322,12.3805,11.829,11.2774,10.7266,10.1754,9.62435,9.07351,8.52339,7.97269,7.422,6.87189,6.32163,5.77182,5.2219,4.67201,4.12218,3.57243,3.02277,2.47309,1.92349,1.37391,0.824316,0.274773,-0.274773,-0.824316,-1.37391,-1.92349,-2.47309,-3.02277,-3.57243,-4.12218,-4.67201,-5.2219,-5.77182,-6.32163,-6.87189,-7.422,-7.97269,-8.52339,-9.07351,-9.62435,-10.1754,-10.7266,-11.2774,-11.829,-12.3805,-12.9322,-13.4843,-14.0362,-14.5887,-15.1412,-15.6941,-16.2471,-16.8007,-17.3538,-17.9076,-18.4617,-19.016,-19.5705,-20.1252,-20.6799,-21.2356,-21.791,-22.347,-22.9029,-23.4593,-24.0158,-24.5724,-25.1297,-25.687,-26.2451,-26.8029,-27.3611,-27.9196,-28.4789,-29.0375,-29.5972,-30.157,-30.7171,-31.2778,-31.8384,-32.3995,-32.9607,-33.5223,-34.0843,-34.6472,-35.2097,-35.7728,-36.3364,-36.9008,-37.4654,-38.0307,-38.5959,-39.1624,-39.7289,-40.2958,-40.8637,-41.4323,-42.0014,-42.5716,-43.1425,-43.7142,-44.2862,-44.8596,-45.4343,-46.0095,-46.5862,-47.164,-47.7428,-48.3229,-48.9051,-49.4877,-50.073,-50.6592,-51.2474,-51.8374,-52.4292,-53.0235,-53.6195,-54.2182,-54.8191,-55.4225,-56.0284,-56.6377,-57.2492,-57.8642,-58.4825,-59.1041,-59.7291,-60.3582,-60.9908,-61.6281,-62.2687,-62.9142,-63.5646,-64.2199,-64.8797,-65.5452,-66.2164,-66.8929,90,90,90,90,90,90,90,90,90,90,90,90,90,90,90,90,90,90,90,90,90,
90,90,90,90,90,90,90,90,90,90,90,90,90,90,90,90,90,90,90,90,67.3752,66.6952,66.0213,65.3535,64.6909,64.0334,63.3809,62.7329,62.0899,61.4513,60.8165,60.1865,59.5594,58.9368,58.3172,57.7012,57.0886,56.4786,55.8721,55.2678,54.6658,54.0671,53.4707,52.8761,52.2838,51.6939,51.1057,50.5189,49.9346,49.3512,48.7696,48.1897,47.6106,47.0336,46.4577,45.8824,45.3082,44.7358,44.1638,43.5924,43.0225,42.4535,41.8848,41.3171,40.7501,40.1832,39.6177,39.0527,38.4881,37.9239,37.3601,36.797,36.2342,35.6724,35.1099,34.5488,33.9879,33.4271,32.8669,32.3065,31.7472,31.1878,30.6291,30.0705,29.5117,28.9541,28.3964,27.8389,27.2813,26.7247,26.1684,25.6118,25.0558,24.5006,23.945,23.39,22.8352,22.2806,21.7263,21.1723,20.619,20.0653,19.5119,18.9589,18.4062,17.8543,17.302,16.7498,16.1984,15.6469,15.0955,14.5447,13.9939,13.4435,12.8934,12.3433,11.7935,11.2434,10.6941,10.1446,9.59516,9.04652,8.49735,7.94815,7.39966,6.85113,6.30253,5.75435,5.20607,4.65783,4.10966,3.56156,3.01354,2.46558,1.91762,1.3697,0.821811,0.273942,-0.273942,-0.821811,-1.3697,-1.91762,-2.46558,-3.01354,-3.56156,-4.10966,-4.65783,-5.20607,-5.75435,-6.30253,-6.85113,-7.39966,-7.94815,-8.49735,-9.04652,-9.59516,-10.1446,-10.6941,-11.2434,-11.7935,-12.3433,-12.8934,-13.4435,-13.9939,-14.5447,-15.0955,-15.6469,-16.1984,-16.7498,-17.302,-17.8543,-18.4062,-18.9589,-19.5119,-20.0653,-20.619,-21.1723,-21.7263,-22.2806,-22.8352,-23.39,-23.945,-24.5006,-25.0558,-25.6118,-26.1684,-26.7247,-27.2813,-27.8389,-28.3964,-28.9541,-29.5117,-30.0705,-30.6291,-31.1878,-31.7472,-32.3065,-32.8669,-33.4271,-33.9879,-34.5488,-35.1099,-35.6724,-36.2342,-36.797,-37.3601,-37.9239,-38.4881,-39.0527,-39.6177,-40.1832,-40.7501,-41.3171,-41.8848,-42.4535,-43.0225,-43.5924,-44.1638,-44.7358,-45.3082,-45.8824,-46.4577,-47.0336,-47.6106,-48.1897,-48.7696,-49.3512,-49.9346,-50.5189,-51.1057,-51.6939,-52.2838,-52.8761,-53.4707,-54.0671,-54.6658,-55.2678,-55.8721,-56.4786,-57.0886,-57.7012,-58.3172,-58.9368,-59.5594,-60.1865,-60.8165,-61.4513,-62.0899,-62.7329,-63.3809,-64.0334,-64.6909,-65.3535,-66.0213,-66.6952,-67.3752,90,90,90,90,90,90,90,90,90,90,90,90,90,90,90,90,90,90,90,90,
90,90,90,90,90,90,90,90,90,90,90,90,90,90,90,90,90,90,90,90,67.181,66.5038,65.8331,65.1671,64.507,63.8521,63.2021,62.5571,61.9161,61.28,60.648,60.0193,59.3947,58.7744,58.1572,57.5428,56.9319,56.3243,55.7197,55.1171,54.5175,53.9203,53.3257,52.733,52.1424,51.5544,50.9675,50.383,49.8,49.2184,48.6386,48.0597,47.4824,46.9068,46.3323,45.7588,45.1864,44.6149,44.0444,43.4752,42.9063,42.3387,41.7718,41.2051,40.6394,40.0744,39.5099,38.9463,38.3832,37.82,37.2576,36.6959,36.1345,35.5738,35.0131,34.4531,33.8936,33.3342,32.7752,32.2165,31.6583,31.1004,30.5432,29.9857,29.4284,28.8722,28.316,27.76,27.2039,26.6487,26.0939,25.5391,24.9846,24.4303,23.8762,23.3227,22.7691,22.2163,21.6632,21.1109,20.5589,20.0067,19.4554,18.9039,18.3527,17.8017,17.2515,16.7007,16.1507,15.6009,15.0516,14.5024,13.9529,13.404,12.8556,12.307,11.7586,11.2107,10.6624,10.1149,9.56693,9.01981,8.47217,7.92519,7.37822,6.83121,6.28405,5.73734,5.19065,4.64406,4.09752,3.55112,3.00469,2.4583,1.91199,1.36571,0.819407,0.273133,-0.273133,-0.819407,-1.36571,-1.91199,-2.4583,-3.00469,-3.55112,-4.09752,-4.64406,-5.19065,-5.73734,-6.28405,-6.83121,-7.37822,-7.92519,-8.47217,-9.01981,-9.56693,-10.1149,-10.6624,-11.2107,-11.7586,-12.307,-12.8556,-13.404,-13.9529,-14.5024,-15.0516,-15.6009,-16.1507,-16.7007,-17.2515,-17.8017,-18.3527,-18.9039,-19.4554,-20.0067,-20.5589,-21.1109,-21.6632,-22.2163,-22.7691,-23.3227,-23.8762,-24.4303,-24.9846,-25.5391,-26.0939,-26.6487,-27.2039,-27.76,-28.316,-28.8722,-29.4284,-29.9857,-30.5432,-31.1004,-31.6583,-32.2165,-32.7752,-33.3342,-33.8936,-34.4531,-35.0131,-35.5738,-36.1345,-36.6959,-37.2576,-37.82,-38.3832,-38.9463,-39.5099,-40.0744,-40.6394,-41.2051,-41.7718,-42.3387,-42.9063,-43.4752,-44.0444,-44.6149,-45.1864,-45.7588,-46.3323,-46.9068,-47.4824,-48.0597,-48.6386,-49.2184,-49.8,-50.383,-50.9675,-51.5544,-52.1424,-52.733,-53.3257,-53.9203,-54.5175,-55.1171,-55.7197,-56.3243,-56.9319,-57.5428,-58.1572,-58.7744,-59.3947,-60.0193,-60.648,-61.28,-61.9161,-62.5571,-63.2021,-63.8521,-64.507,-65.1671,-65.8331,-66.5038,-67.181,90,90,90,90,90,90,90,90,90,90,90,90,90,90,90,90,90,90,90,90,
90,90,90,90,90,90,90,90,90,90,90,90,90,90,90,90,90,90,90,67.6724,66.9921,66.3177,65.6495,64.9866,64.329,63.6766,63.0286,62.386,61.7475,61.1133,60.4837,59.8578,59.235,58.6166,58.0013,57.3896,56.7806,56.1747,55.5719,54.9711,54.3738,53.7783,53.1851,52.5942,52.0058,51.4187,50.8336,50.2509,49.6692,49.089,48.5105,47.9342,47.3582,46.7839,46.2108,45.6386,45.0676,44.4979,43.9287,43.3604,42.7933,42.227,41.6615,41.0962,40.5318,39.9686,39.4051,38.8424,38.2806,37.7193,37.1583,36.5979,36.038,35.4786,34.919,34.3604,33.8023,33.2443,32.6866,32.129,31.5722,31.0157,30.4598,29.9038,29.3479,28.7928,28.238,27.6834,27.1287,26.5747,26.0213,25.468,24.9149,24.362,23.8093,23.257,22.7051,22.1535,21.6027,21.0516,20.501,19.9502,19.3998,18.8503,18.3005,17.7516,17.2021,16.6535,16.105,15.5566,15.0086,14.4608,13.9129,13.3655,12.8184,12.2713,11.7251,11.178,10.6316,10.0857,9.53924,8.99357,8.44799,7.90239,7.35688,6.81134,6.26633,5.72089,5.17578,4.63077,4.08578,3.5409,2.99606,2.45127,1.90649,1.36173,0.817021,0.27235,-0.27235,-0.817021,-1.36173,-1.90649,-2.45127,-2.99606,-3.5409,-4.08578,-4.63077,-5.17578,-5.72089,-6.26633,-6.81134,-7.35688,-7.90239,-8.44799,-8.99357,-9.53924,-10.0857,-10.6316,-11.178,-11.7251,-12.2713,-12.8184,-13.3655,-13.9129,-14.4608,-15.0086,-15.5566,-16.105,-16.6535,-17.2021,-17.7516,-18.3005,-18.8503,-19.3998,-19.9502,-20.501,-21.0516,-21.6027,-22.1535,-22.7051,-23.257,-23.8093,-24.362,-24.9149,-25.468,-26.0213,-26.5747,-27.1287,-27.6834,-28.238,-28.7928,-29.3479,-29.9038,-30.4598,-31.0157,-31.5722,-32.129,-32.6866,-33.2443,-33.8023,-34.3604,-34.919,-35.4786,-36.038,-36.5979,-37.1583,-37.7193,-38.2806,-38.8424,-39.4051,-39.9686,-40.5318,-41.0962,-41.6615,-42.227,-42.7933,-43.3604,-43.9287,-44.4979,-45.0676,-45.6386,-46.2108,-46.7839,-47.3582,-47.9342,-48.5105,-49.089,-49.6692,-50.2509,-50.8336,-51.4187,-52.0058,-52.5942,-53.1851,-53.7783,-54.3738,-54.9711,-55.5719,-56.1747,-56.7806,-57.3896,-58.0013,-58.6166,-59.235,-59.8578,-60.4837,-61.1133,-61.7475,-62.386,-63.0286,-63.6766,-64.329,-64.9866,-65.6495,-66.3177,-66.9921,-67.6724,90,90,90,90,90,90,90,90,90,90,90,90,90,90,90,90,90,90,90,
90,90,90,90,90,90,90,90,90,90,90,90,90,90,90,90,90,90,90,67.4871,66.8093,66.1374,65.4717,64.8112,64.1558,63.5061,62.8608,62.2201,61.584,60.9525,60.3243,59.7004,59.0803,58.4637,57.8505,57.2401,56.633,56.0294,55.4279,54.8298,54.2337,53.64,53.049,52.4597,51.8723,51.2869,50.704,50.1221,49.5426,48.964,48.3873,47.8118,47.2372,46.6646,46.0927,45.5219,44.9525,44.3837,43.8162,43.2496,42.6839,42.1185,41.5542,40.9902,40.4277,39.8649,39.3035,38.7422,38.1813,37.6213,37.0616,36.5026,35.9439,35.3855,34.8278,34.2705,33.7129,33.1562,32.5999,32.0442,31.4887,30.9335,30.3782,29.8235,29.2695,28.7158,28.1624,27.6089,27.0555,26.5031,25.9508,25.3989,24.8471,24.2956,23.7446,23.1934,22.6432,22.0932,21.543,20.9933,20.444,19.8952,19.3468,18.7981,18.2497,17.702,17.1546,16.6069,16.0604,15.5132,14.9668,14.4204,13.8743,13.3283,12.7828,12.2376,11.6921,11.147,10.6022,10.0576,9.51307,8.9682,8.42403,7.87991,7.33642,6.79227,6.2486,5.70488,5.1613,4.61782,4.0744,3.53105,2.98767,2.4444,1.90121,1.35798,0.814794,0.271593,-0.271593,-0.814794,-1.35798,-1.90121,-2.4444,-2.98767,-3.53105,-4.0744,-4.61782,-5.1613,-5.70488,-6.2486,-6.79227,-7.33642,-7.87991,-8.42403,-8.9682,-9.51307,-10.0576,-10.6022,-11.147,-11.6921,-12.2376,-12.7828,-13.3283,-13.8743,-14.4204,-14.9668,-15.5132,-16.0604,-16.6069,-17.1546,-17.702,-18.2497,-18.7981,-19.3468,-19.8952,-20.444,-20.9933,-21.543,-22.0932,-22.6432,-23.1934,-23.7446,-24.2956,-24.8471,-25.3989,-25.9508,-26.5031,-27.0555,-27.6089,-28.1624,-28.7158,-29.2695,-29.8235,-30.3782,-30.9335,-31.4887,-32.0442,-32.5999,-33.1562,-33.7129,-34.2705,-34.8278,-35.3855,-35.9439,-36.5026,-37.0616,-37.6213,-38.1813,-38.7422,-39.3035,-39.8649,-40.4277,-40.9902,-41.5542,-42.1185,-42.6839,-43.2496,-43.8162,-44.3837,-44.9525,-45.5219,-46.0927,-46.6646,-47.2372,-47.8118,-48.3873,-48.964,-49.5426,-50.1221,-50.704,-51.2869,-51.8723,-52.4597,-53.049,-53.64,-54.2337,-54.8298,-55.4279,-56.0294,-56.633,-57.2401,-57.8505,-58.4637,-59.0803,-59.7004,-60.3243,-60.9525,-61.584,-62.2201,-62.8608,-63.5061,-64.1558,-64.8112,-65.4717,-66.1374,-66.8093,-67.4871,90,90,90,90,90,90,90,90,90,90,90,90,90,90,90,90,90,90,90,
90,90,90,90,90,90,90,90,90,90,90,90,90,90,90,90,90,90,90,67.3069,66.6321,65.9627,65.2992,64.6414,63.9887,63.3405,62.6973,62.0593,61.4251,60.7958,60.17,59.5482,58.93,58.3152,57.7037,57.096,56.4909,55.8886,55.2888,54.692,54.0977,53.5061,52.9163,52.3288,51.7434,51.1592,50.578,49.9978,49.4195,48.8423,48.2672,47.6929,47.12,46.5486,45.9784,45.4093,44.8412,44.2736,43.707,43.1421,42.5771,42.0134,41.4504,40.8877,40.326,39.7653,39.2048,38.6447,38.0852,37.5264,36.968,36.4099,35.8525,35.2954,34.7389,34.183,33.6271,33.0718,32.5164,31.9615,31.4073,30.8531,30.2999,29.7462,29.1935,28.6406,28.0882,27.5363,26.9845,26.4334,25.8825,25.3318,24.7814,24.231,23.6815,23.132,22.5827,22.0338,21.4855,20.9371,20.3892,19.8418,19.2947,18.7471,18.2007,17.6544,17.1084,16.5624,16.0166,15.4716,14.9259,14.3813,13.8367,13.2921,12.7477,12.2039,11.6604,11.1167,10.5731,10.0299,9.4868,8.94448,8.40166,7.8588,7.31604,6.77386,6.2316,5.68947,5.14736,4.60534,4.06339,3.52151,2.97963,2.43777,1.89605,1.35429,0.812583,0.270856,-0.270856,-0.812583,-1.35429,-1.89605,-2.43777,-2.97963,-3.52151,-4.06339,-4.60534,-5.14736,-5.68947,-6.2316,-6.77386,-7.31604,-7.8588,-8.40166,-8.94448,-9.4868,-10.0299,-10.5731,-11.1167,-11.6604,-12.2039,-12.7477,-13.2921,-13.8367,-14.3813,-14.9259,-15.4716,-16.0166,-16.5624,-17.1084,-17.6544,-18.2007,-18.7471,-19.2947,-19.8418,-20.3892,-20.9371,-21.4855,-22.0338,-22.5827,-23.132,-23.6815,-24.231,-24.7814,-25.3318,-25.8825,-26.4334,-26.9845,-27.5363,-28.0882,-28.6406,-29.1935,-29.7462,-30.2999,-30.8531,-31.4073,-31.9615,-32.5164,-33.0718,-33.6271,-34.183,-34.7389,-35.2954,-35.8525,-36.4099,-36.968,-37.5264,-38.0852,-38.6447,-39.2048,-39.7653,-40.326,-40.8877,-41.4504,-42.0134,-42.5771,-43.1421,-43.707,-44.2736,-44.8412,-45.4093,-45.9784,-46.5486,-47.12,-47.6929,-48.2672,-48.8423,-49.4195,-49.9978,-50.578,-51.1592,-51.7434,-52.3288,-52.9163,-53.5061,-54.0977,-54.692,-55.2888,-55.8886,-56.4909,-57.096,-57.7037,-58.3152,-58.93,-59.5482,-60.17,-60.7958,-61.4251,-62.0593,-62.6973,-63.3405,-63.9887,-64.6414,-65.2992,-65.9627,-66.6321,-67.3069,90,90,90,90,90,90,90,90,90,90,90,90,90,90,90,90,90,90,90,
90,90,90,90,90,90,90,90,90,90,90,90,90,90,90,90,90,90,67.8113,67.1324,66.4598,65.7933,65.1319,64.4765,63.8262,63.1803,62.5398,61.9033,61.2716,60.6442,60.0201,59.4004,58.7839,58.1714,57.562,56.9554,56.3521,55.752,55.1543,54.5587,53.9664,53.3761,52.7879,52.2016,51.6178,51.0362,50.4553,49.8772,49.3001,48.7244,48.1505,47.578,47.0062,46.436,45.867,45.2995,44.7326,44.1667,43.6012,43.0376,42.4738,41.9113,41.3495,40.7885,40.228,39.6677,39.1084,38.55,37.9917,37.4342,36.8766,36.3202,35.7641,35.2082,34.6529,34.0979,33.5428,32.9892,32.4351,31.8814,31.3284,30.7755,30.2232,29.6708,29.1194,28.5682,28.017,27.4661,26.9159,26.3658,25.8161,25.2667,24.7173,24.169,23.62,23.0719,22.5243,21.9767,21.4297,20.8826,20.3365,19.7903,19.2437,18.6982,18.153,17.6081,17.0632,16.5186,15.9748,15.4302,14.887,14.3432,13.7998,13.257,12.7147,12.1722,11.6293,11.0874,10.5453,10.0039,9.46202,8.92039,8.37946,7.83798,7.29712,6.75623,6.21526,5.67447,5.13377,4.59318,4.0527,3.51223,2.9718,2.43142,1.89105,1.35077,0.810466,0.270144,-0.270144,-0.810466,-1.35077,-1.89105,-2.43142,-2.9718,-3.51223,-4.0527,-4.59318,-5.13377,-5.67447,-6.21526,-6.75623,-7.29712,-7.83798,-8.37946,-8.92039,-9.46202,-10.0039,-10.5453,-11.0874,-11.6293,-12.1722,-12.7147,-13.257,-13.7998,-14.3432,-14.887,-15.4302,-15.9748,-16.5186,-17.0632,-17.6081,-18.153,-18.6982,-19.2437,-19.7903,-20.3365,-20.8826,-21.4297,-21.9767,-22.5243,-23.0719,-23.62,-24.169,-24.7173,-25.2667,-25.8161,-26.3658,-26.9159,-27.4661,-28.017,-28.5682,-29.1194,-29.6708,-30.2232,-30.7755,-31.3284,-31.8814,-32.4351,-32.9892,-33.5428,-34.0979,-34.6529,-35.2082,-35.7641,-36.3202,-36.8766,-37.4342,-37.9917,-38.55,-39.1084,-39.6677,-40.228,-40.7885,-41.3495,-41.9113,-42.4738,-43.0376,-43.6012,-44.1667,-44.7326,-45.2995,-45.867,-46.436,-47.0062,-47.578,-48.1505,-48.7244,-49.3001,-49.8772,-50.4553,-51.0362,-51.6178,-52.2016,-52.7879,-53.3761,-53.9664,-54.5587,-55.1543,-55.752,-56.3521,-56.9554,-57.562,-58.1714,-58.7839,-59.4004,-60.0201,-60.6442,-61.2716,-61.9033,-62.5398,-63.1803,-63.8262,-64.4765,-65.1319,-65.7933,-66.4598,-67.1324,-67.8113,90,90,90,90,90,90,90,90,90,90,90,90,90,90,90,90,90,90,
90,90,90,90,90,90,90,90,90,90,90,90,90,90,90,90,90,90,67.6397,66.9635,66.2935,65.6289,64.9704,64.317,63.6687,63.0252,62.3864,61.7525,61.1226,60.4969,59.8753,59.2571,58.6431,58.0321,57.4241,56.82,56.2179,55.6193,55.0233,54.4298,53.8387,53.2499,52.6634,52.0791,51.4964,50.916,50.3371,49.7601,49.1842,48.6101,48.0374,47.4664,46.8962,46.3272,45.7593,45.193,44.6272,44.0625,43.4986,42.9361,42.374,41.8126,41.2516,40.6917,40.1324,39.5738,39.0156,38.4584,37.9013,37.3446,36.7885,36.233,35.678,35.1234,34.5689,34.015,33.4616,32.9087,32.3563,31.8035,31.2518,30.7005,30.149,29.5983,29.0477,28.4973,27.9479,27.3981,26.8491,26.3003,25.7518,25.2033,24.6554,24.108,23.5611,23.014,22.4676,21.9212,21.3754,20.8301,20.2847,19.7395,19.1949,18.6507,18.1067,17.5628,17.0199,16.4766,15.9337,15.3912,14.8486,14.3065,13.7651,13.2235,12.6817,12.141,11.6001,11.0588,10.5184,9.97825,9.43771,8.89792,8.35822,7.81798,7.27827,6.73861,6.19949,5.66,5.12072,4.58154,4.04241,3.5033,2.96423,2.42526,1.88624,1.34732,0.808371,0.26946,-0.26946,-0.808371,-1.34732,-1.88624,-2.42526,-2.96423,-3.5033,-4.04241,-4.58154,-5.12072,-5.66,-6.19949,-6.73861,-7.27827,-7.81798,-8.35822,-8.89792,-9.43771,-9.97825,-10.5184,-11.0588,-11.6001,-12.141,-12.6817,-13.2235,-13.7651,-14.3065,-14.8486,-15.3912,-15.9337,-16.4766,-17.0199,-17.5628,-18.1067,-18.6507,-19.1949,-19.7395,-20.2847,-20.8301,-21.3754,-21.9212,-22.4676,-23.014,-23.5611,-24.108,-24.6554,-25.2033,-25.7518,-26.3003,-26.8491,-27.3981,-27.9479,-28.4973,-29.0477,-29.5983,-30.149,-30.7005,-31.2518,-31.8035,-32.3563,-32.9087,-33.4616,-34.015,-34.5689,-35.1234,-35.678,-36.233,-36.7885,-37.3446,-37.9013,-38.4584,-39.0156,-39.5738,-40.1324,-40.6917,-41.2516,-41.8126,-42.374,-42.9361,-43.4986,-44.0625,-44.6272,-45.193,-45.7593,-46.3272,-46.8962,-47.4664,-48.0374,-48.6101,-49.1842,-49.7601,-50.3371,-50.916,-51.4964,-52.0791,-52.6634,-53.2499,-53.8387,-54.4298,-55.0233,-55.6193,-56.2179,-56.82,-57.4241,-58.0321,-58.6431,-59.2571,-59.8753,-60.4969,-61.1226,-61.7525,-62.3864,-63.0252,-63.6687,-64.317,-64.9704,-65.6289,-66.2935,-66.9635,-67.6397,90,90,90,90,90,90,90,90,90,90,90,90,90,90,90,90,90,90,
90,90,90,90,90,90,90,90,90,90,90,90,90,90,90,90,90,90,67.4738,66.7999,66.1323,65.4699,64.8137,64.1623,63.5164,62.8751,62.2386,61.6063,60.9781,60.3549,59.7351,59.1188,58.5059,57.8971,57.2911,56.6882,56.0882,55.4907,54.8967,54.3047,53.7152,53.1279,52.5429,51.9598,51.3787,50.7998,50.222,49.6466,49.0722,48.4992,47.928,47.3577,46.789,46.2216,45.6553,45.0896,44.525,43.9618,43.3995,42.8372,42.2767,41.7164,41.1565,40.5978,40.0401,39.4825,38.9255,38.3691,37.8131,37.2578,36.7031,36.1487,35.5945,35.0409,34.488,33.9352,33.3827,32.831,32.2793,31.7285,31.1776,30.627,30.0768,29.5276,28.9782,28.4285,27.8803,27.3317,26.7836,26.2365,25.6891,25.1421,24.5951,24.0492,23.5031,22.9578,22.4125,21.8673,21.3227,20.7785,20.2347,19.6909,19.1475,18.605,18.062,17.5195,16.9777,16.4354,15.8939,15.3529,14.8116,14.2714,13.7305,13.1906,12.6507,12.1106,11.5707,11.0318,10.4927,9.95313,9.41437,8.87566,8.33714,7.79868,7.26024,6.72236,6.18381,5.64611,5.10812,4.57024,4.03242,3.49467,2.95692,2.41926,1.88161,1.34399,0.806412,0.268795,-0.268795,-0.806412,-1.34399,-1.88161,-2.41926,-2.95692,-3.49467,-4.03242,-4.57024,-5.10812,-5.64611,-6.18381,-6.72236,-7.26024,-7.79868,-8.33714,-8.87566,-9.41437,-9.95313,-10.4927,-11.0318,-11.5707,-12.1106,-12.6507,-13.1906,-13.7305,-14.2714,-14.8116,-15.3529,-15.8939,-16.4354,-16.9777,-17.5195,-18.062,-18.605,-19.1475,-19.6909,-20.2347,-20.7785,-21.3227,-21.8673,-22.4125,-22.9578,-23.5031,-24.0492,-24.5951,-25.1421,-25.6891,-26.2365,-26.7836,-27.3317,-27.8803,-28.4285,-28.9782,-29.5276,-30.0768,-30.627,-31.1776,-31.7285,-32.2793,-32.831,-33.3827,-33.9352,-34.488,-35.0409,-35.5945,-36.1487,-36.7031,-37.2578,-37.8131,-38.3691,-38.9255,-39.4825,-40.0401,-40.5978,-41.1565,-41.7164,-42.2767,-42.8372,-43.3995,-43.9618,-44.525,-45.0896,-45.6553,-46.2216,-46.789,-47.3577,-47.928,-48.4992,-49.0722,-49.6466,-50.222,-50.7998,-51.3787,-51.9598,-52.5429,-53.1279,-53.7152,-54.3047,-54.8967,-55.4907,-56.0882,-56.6882,-57.2911,-57.8971,-58.5059,-59.1188,-59.7351,-60.3549,-60.9781,-61.6063,-62.2386,-62.8751,-63.5164,-64.1623,-64.8137,-65.4699,-66.1323,-66.7999,-67.4738,90,90,90,90,90,90,90,90,90,90,90,90,90,90,90,90,90,90,
90,90,90,90,90,90,90,90,90,90,90,90,90,90,90,90,90,67.9907,67.3131,66.6415,65.9761,65.3161,64.6616,64.0124,63.3687,62.7291,62.0951,61.4645,60.8388,60.2164,59.599,58.9843,58.3739,57.7662,57.1621,56.5605,55.9623,55.3669,54.7739,54.1835,53.5954,53.0096,52.4262,51.8446,51.2646,50.6867,50.1108,49.5361,48.9636,48.3921,47.822,47.2532,46.6856,46.1192,45.554,44.9898,44.4267,43.8641,43.3024,42.7421,42.1826,41.6231,41.0647,40.507,39.9504,39.394,38.8377,38.2823,37.7278,37.1733,36.6196,36.0667,35.5136,34.9613,34.4094,33.8575,33.3063,32.7558,32.2051,31.6551,31.1053,30.5563,30.0072,29.4588,28.9105,28.3628,27.8149,27.268,26.721,26.1744,25.6287,25.0826,24.5375,23.9924,23.4475,22.9032,22.3591,21.815,21.2721,20.7288,20.1863,19.6436,19.1019,18.5598,18.0187,17.4771,16.9365,16.396,15.8555,15.3158,14.7762,14.2369,13.6978,13.1586,12.6198,12.0812,11.5432,11.0049,10.4674,9.9295,9.39187,8.85438,8.31699,7.78026,7.24294,6.70618,6.16936,5.63254,5.09593,4.55936,4.02279,3.48635,2.94989,2.41353,1.87713,1.34081,0.804482,0.26816,-0.26816,-0.804482,-1.34081,-1.87713,-2.41353,-2.94989,-3.48635,-4.02279,-4.55936,-5.09593,-5.63254,-6.16936,-6.70618,-7.24294,-7.78026,-8.31699,-8.85438,-9.39187,-9.9295,-10.4674,-11.0049,-11.5432,-12.0812,-12.6198,-13.1586,-13.6978,-14.2369,-14.7762,-15.3158,-15.8555,-16.396,-16.9365,-17.4771,-18.0187,-18.5598,-19.1019,-19.6436,-20.1863,-20.7288,-21.2721,-21.815,-22.3591,-22.9032,-23.4475,-23.9924,-24.5375,-25.0826,-25.6287,-26.1744,-26.721,-27.268,-27.8149,-28.3628,-28.9105,-29.4588,-30.0072,-30.5563,-31.1053,-31.6551,-32.2051,-32.7558,-33.3063,-33.8575,-34.4094,-34.9613,-35.5136,-36.0667,-36.6196,-37.1733,-37.7278,-38.2823,-38.8377,-39.394,-39.9504,-40.507,-41.0647,-41.6231,-42.1826,-42.7421,-43.3024,-43.8641,-44.4267,-44.9898,-45.554,-46.1192,-46.6856,-47.2532,-47.822,-48.3921,-48.9636,-49.5361,-50.1108,-50.6867,-51.2646,-51.8446,-52.4262,-53.0096,-53.5954,-54.1835,-54.7739,-55.3669,-55.9623,-56.5605,-57.1621,-57.7662,-58.3739,-58.9843,-59.599,-60.2164,-60.8388,-61.4645,-62.0951,-62.7291,-63.3687,-64.0124,-64.6616,-65.3161,-65.9761,-66.6415,-67.3131,-67.9907,90,90,90,90,90,90,90,90,90,90,90,90,90,90,90,90,90,
90,90,90,90,90,90,90,90,90,90,90,90,90,90,90,90,90,67.8327,67.1573,66.488,65.8249,65.1673,64.515,63.8681,63.2259,62.5888,61.9559,61.3275,60.7033,60.0834,59.4671,58.8548,58.2452,57.6393,57.0368,56.4371,55.8404,55.2464,54.655,54.0664,53.4794,52.8951,52.3128,51.7325,51.1545,50.5776,50.0032,49.4298,48.8584,48.2879,47.7188,47.1515,46.5849,46.02,45.4558,44.8926,44.3305,43.7694,43.2097,42.6499,42.0915,41.533,40.9756,40.4194,39.8635,39.3081,38.7532,38.1993,37.645,37.0921,36.5394,35.9872,35.4351,34.8839,34.3327,33.7826,33.2322,32.6827,32.1332,31.5841,31.0359,30.4877,29.9397,29.3918,28.8451,28.2985,27.7521,27.2057,26.6603,26.1148,25.5699,25.0248,24.4808,23.9368,23.3935,22.8504,22.3073,21.7648,21.2222,20.6808,20.1393,19.5983,19.0569,18.5166,17.9764,17.4366,16.8971,16.3575,15.8188,15.2802,14.7415,14.2035,13.6654,13.1277,12.5905,12.0532,11.5163,10.9795,10.4425,9.90637,9.36981,8.83399,8.29827,7.762,7.22628,6.6906,6.15486,5.6196,5.08418,4.54886,4.0136,3.47835,2.94314,2.40798,1.87283,1.33771,0.802632,0.267545,-0.267545,-0.802632,-1.33771,-1.87283,-2.40798,-2.94314,-3.47835,-4.0136,-4.54886,-5.08418,-5.6196,-6.15486,-6.6906,-7.22628,-7.762,-8.29827,-8.83399,-9.36981,-9.90637,-10.4425,-10.9795,-11.5163,-12.0532,-12.5905,-13.1277,-13.6654,-14.2035,-14.7415,-15.2802,-15.8188,-16.3575,-16.8971,-17.4366,-17.9764,-18.5166,-19.0569,-19.5983,-20.1393,-20.6808,-21.2222,-21.7648,-22.3073,-22.8504,-23.3935,-23.9368,-24.4808,-25.0248,-25.5699,-26.1148,-26.6603,-27.2057,-27.7521,-28.2985,-28.8451,-29.3918,-29.9397,-30.4877,-31.0359,-31.5841,-32.1332,-32.6827,-33.2322,-33.7826,-34.3327,-34.8839,-35.4351,-35.9872,-36.5394,-37.0921,-37.645,-38.1993,-38.7532,-39.3081,-39.8635,-40.4194,-40.9756,-41.533,-42.0915,-42.6499,-43.2097,-43.7694,-44.3305,-44.8926,-45.4558,-46.02,-46.5849,-47.1515,-47.7188,-48.2879,-48.8584,-49.4298,-50.0032,-50.5776,-51.1545,-51.7325,-52.3128,-52.8951,-53.4794,-54.0664,-54.655,-55.2464,-55.8404,-56.4371,-57.0368,-57.6393,-58.2452,-58.8548,-59.4671,-60.0834,-60.7033,-61.3275,-61.9559,-62.5888,-63.2259,-63.8681,-64.515,-65.1673,-65.8249,-66.488,-67.1573,-67.8327,90,90,90,90,90,90,90,90,90,90,90,90,90,90,90,90,90,
90,90,90,90,90,90,90,90,90,90,90,90,90,90,90,90,90,67.6804,67.0067,66.3396,65.6786,65.0232,64.3731,63.728,63.0875,62.4526,61.8217,61.1952,60.5726,59.9545,59.3397,58.729,58.1213,57.5169,56.9163,56.318,55.7229,55.1302,54.5403,53.9526,53.3676,52.7843,52.2037,51.6249,51.0478,50.4724,49.8989,49.327,48.7565,48.1875,47.6198,47.0534,46.4883,45.9239,45.3611,44.7993,44.2382,43.6781,43.1189,42.5606,42.0032,41.4461,40.8897,40.3345,39.7795,39.2248,38.6713,38.118,37.5652,37.0132,36.4612,35.91,35.3594,34.8091,34.259,33.7099,33.161,32.6117,32.0636,31.5156,30.9681,30.4212,29.8741,29.3278,28.7818,28.2362,27.6909,27.1455,26.6008,26.0569,25.513,24.9692,24.426,23.8835,23.3412,22.7991,22.2571,21.7154,21.1745,20.6342,20.0937,19.5535,19.0139,18.475,17.936,17.3972,16.8585,16.3208,15.7831,15.2453,14.7084,14.1714,13.6348,13.0982,12.5621,12.0264,11.4903,10.9547,10.4193,9.88421,9.34926,8.81446,8.27907,7.74443,7.21041,6.67575,6.14162,5.60708,5.07292,4.53874,4.00468,3.47064,2.93663,2.40267,1.86872,1.3348,0.800861,0.266951,-0.266951,-0.800861,-1.3348,-1.86872,-2.40267,-2.93663,-3.47064,-4.00468,-4.53874,-5.07292,-5.60708,-6.14162,-6.67575,-7.21041,-7.74443,-8.27907,-8.81446,-9.34926,-9.88421,-10.4193,-10.9547,-11.4903,-12.0264,-12.5621,-13.0982,-13.6348,-14.1714,-14.7084,-15.2453,-15.7831,-16.3208,-16.8585,-17.3972,-17.936,-18.475,-19.0139,-19.5535,-20.0937,-20.6342,-21.1745,-21.7154,-22.2571,-22.7991,-23.3412,-23.8835,-24.426,-24.9692,-25.513,-26.0569,-26.6008,-27.1455,-27.6909,-28.2362,-28.7818,-29.3278,-29.8741,-30.4212,-30.9681,-31.5156,-32.0636,-32.6117,-33.161,-33.7099,-34.259,-34.8091,-35.3594,-35.91,-36.4612,-37.0132,-37.5652,-38.118,-38.6713,-39.2248,-39.7795,-40.3345,-40.8897,-41.4461,-42.0032,-42.5606,-43.1189,-43.6781,-44.2382,-44.7993,-45.3611,-45.9239,-46.4883,-47.0534,-47.6198,-48.1875,-48.7565,-49.327,-49.8989,-50.4724,-51.0478,-51.6249,-52.2037,-52.7843,-53.3676,-53.9526,-54.5403,-55.1302,-55.7229,-56.318,-56.9163,-57.5169,-58.1213,-58.729,-59.3397,-59.9545,-60.5726,-61.1952,-61.8217,-62.4526,-63.0875,-63.728,-64.3731,-65.0232,-65.6786,-66.3396,-67.0067,-67.6804,90,90,90,90,90,90,90,90,90,90,90,90,90,90,90,90,90,
90,90,90,90,90,90,90,90,90,90,90,90,90,90,90,90,68.21,67.5324,66.8614,66.1967,65.5373,64.8841,64.2355,63.5926,62.9545,62.321,61.6917,61.067,60.4468,59.8299,59.217,58.6072,58.0018,57.399,56.7993,56.2023,55.609,55.0178,54.4292,53.8431,53.2592,52.6774,52.0978,51.5204,50.9446,50.3705,49.798,49.227,48.6584,48.0903,47.5239,46.9581,46.3943,45.8313,45.2694,44.7086,44.1489,43.5893,43.0314,42.4741,41.9172,41.3615,40.8061,40.2518,39.6978,39.1444,38.592,38.0397,37.4878,36.9368,36.3861,35.8355,35.2859,34.7366,34.1879,33.6394,33.0914,32.5436,31.9962,31.4491,30.9029,30.3566,29.8106,29.2652,28.7202,28.1758,27.6314,27.0875,26.5441,26.0009,25.4582,24.9157,24.3734,23.8319,23.2906,22.7494,22.2087,21.6682,21.1283,20.589,20.0498,19.5108,18.9725,18.4342,17.8967,17.3588,16.8218,16.2848,15.7481,15.2121,14.6759,14.1405,13.605,13.0694,12.5347,12,11.465,10.931,10.3966,9.86241,9.32893,8.7951,8.26137,7.7277,7.19463,6.66155,6.12839,5.59505,5.06204,4.52907,3.9961,3.4632,2.9304,2.39753,1.86473,1.33196,0.799168,0.266388,-0.266388,-0.799168,-1.33196,-1.86473,-2.39753,-2.9304,-3.4632,-3.9961,-4.52907,-5.06204,-5.59505,-6.12839,-6.66155,-7.19463,-7.7277,-8.26137,-8.7951,-9.32893,-9.86241,-10.3966,-10.931,-11.465,-12,-12.5347,-13.0694,-13.605,-14.1405,-14.6759,-15.2121,-15.7481,-16.2848,-16.8218,-17.3588,-17.8967,-18.4342,-18.9725,-19.5108,-20.0498,-20.589,-21.1283,-21.6682,-22.2087,-22.7494,-23.2906,-23.8319,-24.3734,-24.9157,-25.4582,-26.0009,-26.5441,-27.0875,-27.6314,-28.1758,-28.7202,-29.2652,-29.8106,-30.3566,-30.9029,-31.4491,-31.9962,-32.5436,-33.0914,-33.6394,-34.1879,-34.7366,-35.2859,-35.8355,-36.3861,-36.9368,-37.4878,-38.0397,-38.592,-39.1444,-39.6978,-40.2518,-40.8061,-41.3615,-41.9172,-42.4741,-43.0314,-43.5893,-44.1489,-44.7086,-45.2694,-45.8313,-46.3943,-46.9581,-47.5239,-48.0903,-48.6584,-49.227,-49.798,-50.3705,-50.9446,-51.5204,-52.0978,-52.6774,-53.2592,-53.8431,-54.4292,-55.0178,-55.609,-56.2023,-56.7993,-57.399,-58.0018,-58.6072,-59.217,-59.8299,-60.4468,-61.067,-61.6917,-62.321,-62.9545,-63.5926,-64.2355,-64.8841,-65.5373,-66.1967,-66.8614,-67.5324,-68.21,90,90,90,90,90,90,90,90,90,90,90,90,90,90,90,90,
90,90,90,90,90,90,90,90,90,90,90,90,90,90,90,90,68.0653,67.39,66.7212,66.0585,65.4013,64.7496,64.1034,63.462,62.8254,62.1937,61.5667,60.9432,60.3245,59.7097,59.0982,58.4899,57.8854,57.2847,56.6864,56.0909,55.4985,54.9091,54.3219,53.7371,53.1546,52.574,51.9957,51.4192,50.8448,50.2716,49.7009,49.1312,48.5626,47.9962,47.4304,46.8663,46.3034,45.7413,45.1807,44.6208,44.062,43.5037,42.9464,42.3904,41.8348,41.28,40.726,40.1722,39.6191,39.0666,38.5151,37.9637,37.4132,36.8627,36.3134,35.7637,35.215,34.6662,34.1185,33.5709,33.0238,32.4774,31.9309,31.3853,30.8392,30.2943,29.7492,29.2053,28.6612,28.1171,27.5742,27.0313,26.4885,25.9464,25.405,24.8634,24.322,23.7814,23.2416,22.7014,22.1615,21.6226,21.0841,20.5455,20.0075,19.4697,18.932,18.3952,17.8584,17.3222,16.7859,16.2506,15.7148,15.1796,14.6451,14.1105,13.576,13.0418,12.5081,11.9743,11.4408,10.9077,10.3747,9.84204,9.30899,8.77667,8.24445,7.7117,7.17956,6.64738,6.11574,5.58356,5.05159,4.51971,3.9879,3.4561,2.9244,2.39262,1.86092,1.32924,0.797552,0.26584,-0.26584,-0.797552,-1.32924,-1.86092,-2.39262,-2.9244,-3.4561,-3.9879,-4.51971,-5.05159,-5.58356,-6.11574,-6.64738,-7.17956,-7.7117,-8.24445,-8.77667,-9.30899,-9.84204,-10.3747,-10.9077,-11.4408,-11.9743,-12.5081,-13.0418,-13.576,-14.1105,-14.6451,-15.1796,-15.7148,-16.2506,-16.7859,-17.3222,-17.8584,-18.3952,-18.932,-19.4697,-20.0075,-20.5455,-21.0841,-21.6226,-22.1615,-22.7014,-23.2416,-23.7814,-24.322,-24.8634,-25.405,-25.9464,-26.4885,-27.0313,-27.5742,-28.1171,-28.6612,-29.2053,-29.7492,-30.2943,-30.8392,-31.3853,-31.9309,-32.4774,-33.0238,-33.5709,-34.1185,-34.6662,-35.215,-35.7637,-36.3134,-36.8627,-37.4132,-37.9637,-38.5151,-39.0666,-39.6191,-40.1722,-40.726,-41.28,-41.8348,-42.3904,-42.9464,-43.5037,-44.062,-44.6208,-45.1807,-45.7413,-46.3034,-46.8663,-47.4304,-47.9962,-48.5626,-49.1312,-49.7009,-50.2716,-50.8448,-51.4192,-51.9957,-52.574,-53.1546,-53.7371,-54.3219,-54.9091,-55.4985,-56.0909,-56.6864,-57.2847,-57.8854,-58.4899,-59.0982,-59.7097,-60.3245,-60.9432,-61.5667,-62.1937,-62.8254,-63.462,-64.1034,-64.7496,-65.4013,-66.0585,-66.7212,-67.39,-68.0653,90,90,90,90,90,90,90,90,90,90,90,90,90,90,90,90,
90,90,90,90,90,90,90,90,90,90,90,90,90,90,90,90,67.9258,67.2529,66.5858,65.9248,65.2696,64.6199,63.9754,63.3361,62.701,62.0708,61.4455,60.8243,60.2065,59.5931,58.9831,58.3773,57.7738,57.1744,56.5775,55.9838,55.3926,54.8045,54.2185,53.6346,53.0535,52.4742,51.8972,51.3219,50.7484,50.1765,49.6066,49.0378,48.4709,47.9054,47.3408,46.7779,46.2159,45.6547,45.095,44.536,43.978,43.4214,42.865,42.3098,41.7547,41.2008,40.648,40.0951,39.5433,38.9917,38.4411,37.8906,37.341,36.7914,36.2426,35.6941,35.1464,34.5989,34.0521,33.5054,32.9592,32.4132,31.868,31.323,30.7782,30.2337,29.69,29.1466,28.6037,28.0611,27.5187,26.9767,26.4353,25.8941,25.3536,24.8128,24.2729,23.7332,23.1942,22.6552,22.1164,21.5783,21.0406,20.5035,19.9662,19.4295,18.8932,18.3577,17.822,17.2864,16.7518,16.2174,15.6829,15.1486,14.615,14.0812,13.5481,13.0155,12.4827,11.9503,11.4176,10.8859,10.3539,9.82212,9.29053,8.75908,8.22773,7.69644,7.16516,6.63445,6.10308,5.57248,5.04161,4.51079,3.98008,3.44933,2.91861,2.38794,1.85728,1.3266,0.795951,0.265322,-0.265322,-0.795951,-1.3266,-1.85728,-2.38794,-2.91861,-3.44933,-3.98008,-4.51079,-5.04161,-5.57248,-6.10308,-6.63445,-7.16516,-7.69644,-8.22773,-8.75908,-9.29053,-9.82212,-10.3539,-10.8859,-11.4176,-11.9503,-12.4827,-13.0155,-13.5481,-14.0812,-14.615,-15.1486,-15.6829,-16.2174,-16.7518,-17.2864,-17.822,-18.3577,-18.8932,-19.4295,-19.9662,-20.5035,-21.0406,-21.5783,-22.1164,-22.6552,-23.1942,-23.7332,-24.2729,-24.8128,-25.3536,-25.8941,-26.4353,-26.9767,-27.5187,-28.0611,-28.6037,-29.1466,-29.69,-30.2337,-30.7782,-31.323,-31.868,-32.4132,-32.9592,-33.5054,-34.0521,-34.5989,-35.1464,-35.6941,-36.2426,-36.7914,-37.341,-37.8906,-38.4411,-38.9917,-39.5433,-40.0951,-40.648,-41.2008,-41.7547,-42.3098,-42.865,-43.4214,-43.978,-44.536,-45.095,-45.6547,-46.2159,-46.7779,-47.3408,-47.9054,-48.4709,-49.0378,-49.6066,-50.1765,-50.7484,-51.3219,-51.8972,-52.4742,-53.0535,-53.6346,-54.2185,-54.8045,-55.3926,-55.9838,-56.5775,-57.1744,-57.7738,-58.3773,-58.9831,-59.5931,-60.2065,-60.8243,-61.4455,-62.0708,-62.701,-63.3361,-63.9754,-64.6199,-65.2696,-65.9248,-66.5858,-67.2529,-67.9258,90,90,90,90,90,90,90,90,90,90,90,90,90,90,90,90,
90,90,90,90,90,90,90,90,90,90,90,90,90,90,90,90,67.7913,67.1202,66.4552,65.7962,65.1427,64.4945,63.852,63.2144,62.5812,61.9528,61.3286,60.7091,60.093,59.481,58.8726,58.2678,57.6664,57.0679,56.4722,55.8802,55.29,54.7031,54.1184,53.5357,52.9558,52.3778,51.8017,51.228,50.6554,50.0846,49.5156,48.9484,48.3819,47.8176,47.2543,46.6923,46.131,45.5715,45.0122,44.4544,43.8976,43.3411,42.7859,42.2315,41.678,41.1246,40.5726,40.021,39.4697,38.9192,38.3691,37.8199,37.2711,36.7223,36.1743,35.6271,35.0799,34.5337,33.9872,33.4419,32.8962,32.3514,31.8071,31.2629,30.7193,30.1758,29.6329,29.0904,28.5485,28.0067,27.4655,26.924,26.3837,25.8436,25.3039,24.7645,24.2254,23.6865,23.1481,22.6107,22.0728,21.5359,20.9991,20.4629,19.927,19.3911,18.856,18.3209,17.7865,17.2525,16.7187,16.1849,15.6519,15.1185,14.5861,14.0539,13.5216,12.9898,12.4584,11.9267,11.3956,10.8647,10.3335,9.80312,9.27235,8.74231,8.21178,7.68189,7.15144,6.62154,6.09158,5.56186,5.03205,4.50228,3.97251,3.44282,2.91309,2.38343,1.85377,1.32413,0.794485,0.264823,-0.264823,-0.794485,-1.32413,-1.85377,-2.38343,-2.91309,-3.44282,-3.97251,-4.50228,-5.03205,-5.56186,-6.09158,-6.62154,-7.15144,-7.68189,-8.21178,-8.74231,-9.27235,-9.80312,-10.3335,-10.8647,-11.3956,-11.9267,-12.4584,-12.9898,-13.5216,-14.0539,-14.5861,-15.1185,-15.6519,-16.1849,-16.7187,-17.2525,-17.7865,-18.3209,-18.856,-19.3911,-19.927,-20.4629,-20.9991,-21.5359,-22.0728,-22.6107,-23.1481,-23.6865,-24.2254,-24.7645,-25.3039,-25.8436,-26.3837,-26.924,-27.4655,-28.0067,-28.5485,-29.0904,-29.6329,-30.1758,-30.7193,-31.2629,-31.8071,-32.3514,-32.8962,-33.4419,-33.9872,-34.5337,-35.0799,-35.6271,-36.1743,-36.7223,-37.2711,-37.8199,-38.3691,-38.9192,-39.4697,-40.021,-40.5726,-41.1246,-41.678,-42.2315,-42.7859,-43.3411,-43.8976,-44.4544,-45.0122,-45.5715,-46.131,-46.6923,-47.2543,-47.8176,-48.3819,-48.9484,-49.5156,-50.0846,-50.6554,-51.228,-51.8017,-52.3778,-52.9558,-53.5357,-54.1184,-54.7031,-55.29,-55.8802,-56.4722,-57.0679,-57.6664,-58.2678,-58.8726,-59.481,-60.093,-60.7091,-61.3286,-61.9528,-62.5812,-63.2144,-63.852,-64.4945,-65.1427,-65.7962,-66.4552,-67.1202,-67.7913,90,90,90,90,90,90,90,90,90,90,90,90,90,90,90,90,
90,90,90,90,90,90,90,90,90,90,90,90,90,90,90,68.3373,67.6621,66.9924,66.3294,65.6718,65.0203,64.3744,63.7333,63.0971,62.4656,61.8385,61.216,60.5979,59.9839,59.3728,58.7658,58.1626,57.562,56.9652,56.3711,55.7799,55.1913,54.6057,54.0222,53.4408,52.8617,52.2848,51.7098,51.137,50.566,49.996,49.4282,48.8618,48.2969,47.7334,47.1704,46.6096,46.0496,45.4903,44.9326,44.3756,43.8193,43.2647,42.7103,42.1564,41.6036,41.0514,40.5002,39.9494,39.3988,38.8492,38.2999,37.7514,37.2034,36.6559,36.1092,35.5624,35.0163,34.4705,33.9253,33.3802,32.8358,32.2919,31.748,31.2054,30.6622,30.1196,29.578,29.0362,28.4951,27.9541,27.4134,26.8734,26.3342,25.7949,25.256,24.7173,24.1796,23.6412,23.1044,22.5672,22.031,21.4945,20.9591,20.4234,19.8885,19.3543,18.8196,18.2857,17.7527,17.2195,16.6863,16.154,15.6219,15.0897,14.5582,14.0267,13.4958,12.9653,12.4346,11.9044,11.374,10.8439,10.3141,9.78445,9.25503,8.72576,8.19659,7.66747,7.13838,6.60925,6.08065,5.55171,5.0229,4.49408,3.96531,3.43662,2.90785,2.37913,1.85048,1.32173,0.793034,0.26435,-0.26435,-0.793034,-1.32173,-1.85048,-2.37913,-2.90785,-3.43662,-3.96531,-4.49408,-5.0229,-5.55171,-6.08065,-6.60925,-7.13838,-7.66747,-8.19659,-8.72576,-9.25503,-9.78445,-10.3141,-10.8439,-11.374,-11.9044,-12.4346,-12.9653,-13.4958,-14.0267,-14.5582,-15.0897,-15.6219,-16.154,-16.6863,-17.2195,-17.7527,-18.2857,-18.8196,-19.3543,-19.8885,-20.4234,-20.9591,-21.4945,-22.031,-22.5672,-23.1044,-23.6412,-24.1796,-24.7173,-25.256,-25.7949,-26.3342,-26.8734,-27.4134,-27.9541,-28.4951,-29.0362,-29.578,-30.1196,-30.6622,-31.2054,-31.748,-32.2919,-32.8358,-33.3802,-33.9253,-34.4705,-35.0163,-35.5624,-36.1092,-36.6559,-37.2034,-37.7514,-38.2999,-38.8492,-39.3988,-39.9494,-40.5002,-41.0514,-41.6036,-42.1564,-42.7103,-43.2647,-43.8193,-44.3756,-44.9326,-45.4903,-46.0496,-46.6096,-47.1704,-47.7334,-48.2969,-48.8618,-49.4282,-49.996,-50.566,-51.137,-51.7098,-52.2848,-52.8617,-53.4408,-54.0222,-54.6057,-55.1913,-55.7799,-56.3711,-56.9652,-57.562,-58.1626,-58.7658,-59.3728,-59.9839,-60.5979,-61.216,-61.8385,-62.4656,-63.0971,-63.7333,-64.3744,-65.0203,-65.6718,-66.3294,-66.9924,-67.6621,-68.3373,90,90,90,90,90,90,90,90,90,90,90,90,90,90,90,
90,90,90,90,90,90,90,90,90,90,90,90,90,90,90,68.2107,67.5369,66.8698,66.2082,65.5528,64.9027,64.2584,63.6187,62.9838,62.3545,61.7288,61.1079,60.4911,59.8779,59.2689,58.6635,58.0611,57.4622,56.8666,56.2734,55.6837,55.0962,54.5114,53.9292,53.3488,52.7713,52.1952,51.6218,51.0498,50.4794,49.9107,49.3439,48.7783,48.2141,47.6518,47.0904,46.5303,45.9706,45.4129,44.856,44.2997,43.7449,43.1903,42.637,42.0838,41.5319,40.9807,40.4299,39.8803,39.3304,38.7816,38.2334,37.6857,37.1389,36.5921,36.0458,35.4997,34.9548,34.4098,33.8654,33.3212,32.7775,32.2343,31.6912,31.1493,30.6071,30.066,29.5243,28.9838,28.4434,27.9037,27.3637,26.825,26.286,25.7474,25.2097,24.6719,24.1348,23.5983,23.0617,22.5257,21.9902,21.455,20.9201,20.386,19.8521,19.3183,18.7855,18.2523,17.7201,17.1874,16.6557,16.1241,15.5931,15.0623,14.5316,14.0014,13.4712,12.9413,12.412,11.8826,11.3535,10.8247,10.2956,9.76726,9.23856,8.7106,8.18215,7.65376,7.12597,6.59816,6.06969,5.54206,5.01415,4.48635,3.95848,3.43069,2.90288,2.37505,1.8473,1.31946,0.791715,0.263894,-0.263894,-0.791715,-1.31946,-1.8473,-2.37505,-2.90288,-3.43069,-3.95848,-4.48635,-5.01415,-5.54206,-6.06969,-6.59816,-7.12597,-7.65376,-8.18215,-8.7106,-9.23856,-9.76726,-10.2956,-10.8247,-11.3535,-11.8826,-12.412,-12.9413,-13.4712,-14.0014,-14.5316,-15.0623,-15.5931,-16.1241,-16.6557,-17.1874,-17.7201,-18.2523,-18.7855,-19.3183,-19.8521,-20.386,-20.9201,-21.455,-21.9902,-22.5257,-23.0617,-23.5983,-24.1348,-24.6719,-25.2097,-25.7474,-26.286,-26.825,-27.3637,-27.9037,-28.4434,-28.9838,-29.5243,-30.066,-30.6071,-31.1493,-31.6912,-32.2343,-32.7775,-33.3212,-33.8654,-34.4098,-34.9548,-35.4997,-36.0458,-36.5921,-37.1389,-37.6857,-38.2334,-38.7816,-39.3304,-39.8803,-40.4299,-40.9807,-41.5319,-42.0838,-42.637,-43.1903,-43.7449,-44.2997,-44.856,-45.4129,-45.9706,-46.5303,-47.0904,-47.6518,-48.2141,-48.7783,-49.3439,-49.9107,-50.4794,-51.0498,-51.6218,-52.1952,-52.7713,-53.3488,-53.9292,-54.5114,-55.0962,-55.6837,-56.2734,-56.8666,-57.4622,-58.0611,-58.6635,-59.2689,-59.8779,-60.4911,-61.1079,-61.7288,-62.3545,-62.9838,-63.6187,-64.2584,-64.9027,-65.5528,-66.2082,-66.8698,-67.5369,-68.2107,90,90,90,90,90,90,90,90,90,90,90,90,90,90,90,
90,90,90,90,90,90,90,90,90,90,90,90,90,90,90,68.0888,67.4169,66.7514,66.0918,65.4377,64.7892,64.1468,63.5084,62.8757,62.2471,61.6235,61.004,60.3882,59.7763,59.1689,58.5643,57.9639,57.3657,56.7712,56.18,55.5911,55.0049,54.4211,53.8399,53.2611,52.6843,52.109,51.5363,50.9653,50.3961,49.8285,49.2628,48.6979,48.1348,47.5732,47.0129,46.4534,45.8949,45.3379,44.7817,44.2265,43.6724,43.1189,42.5663,42.0143,41.463,40.9126,40.3629,39.8136,39.2649,38.7168,38.1693,37.6227,37.0758,36.5301,35.9845,35.4396,34.8954,34.3511,33.8075,33.2643,32.7214,32.179,31.6374,31.0959,30.5544,30.0139,29.4735,28.9331,28.394,27.8546,27.3161,26.7779,26.2396,25.7022,25.1652,24.6286,24.0919,23.5564,23.021,22.486,21.9515,21.4167,20.8833,20.3496,19.8166,19.2841,18.7517,18.2199,17.6882,17.157,16.6265,16.0955,15.5653,15.0358,14.5063,13.9767,13.4477,12.9186,12.39,11.8618,11.334,10.8058,10.278,9.75037,9.22294,8.69565,8.16846,7.64133,7.11363,6.58708,6.05988,5.5328,5.00586,4.4789,3.95195,3.42507,2.89811,2.37119,1.84429,1.31736,0.790408,0.263468,-0.263468,-0.790408,-1.31736,-1.84429,-2.37119,-2.89811,-3.42507,-3.95195,-4.4789,-5.00586,-5.5328,-6.05988,-6.58708,-7.11363,-7.64133,-8.16846,-8.69565,-9.22294,-9.75037,-10.278,-10.8058,-11.334,-11.8618,-12.39,-12.9186,-13.4477,-13.9767,-14.5063,-15.0358,-15.5653,-16.0955,-16.6265,-17.157,-17.6882,-18.2199,-18.7517,-19.2841,-19.8166,-20.3496,-20.8833,-21.4167,-21.9515,-22.486,-23.021,-23.5564,-24.0919,-24.6286,-25.1652,-25.7022,-26.2396,-26.7779,-27.3161,-27.8546,-28.394,-28.9331,-29.4735,-30.0139,-30.5544,-31.0959,-31.6374,-32.179,-32.7214,-33.2643,-33.8075,-34.3511,-34.8954,-35.4396,-35.9845,-36.5301,-37.0758,-37.6227,-38.1693,-38.7168,-39.2649,-39.8136,-40.3629,-40.9126,-41.463,-42.0143,-42.5663,-43.1189,-43.6724,-44.2265,-44.7817,-45.3379,-45.8949,-46.4534,-47.0129,-47.5732,-48.1348,-48.6979,-49.2628,-49.8285,-50.3961,-50.9653,-51.5363,-52.109,-52.6843,-53.2611,-53.8399,-54.4211,-55.0049,-55.5911,-56.18,-56.7712,-57.3657,-57.9639,-58.5643,-59.1689,-59.7763,-60.3882,-61.004,-61.6235,-62.2471,-62.8757,-63.5084,-64.1468,-64.7892,-65.4377,-66.0918,-66.7514,-67.4169,-68.0888,90,90,90,90,90,90,90,90,90,90,90,90,90,90,90,
90,90,90,90,90,90,90,90,90,90,90,90,90,90,90,67.9722,67.3017,66.6376,65.9795,65.3273,64.6807,64.039,63.403,62.7715,62.1443,61.5219,60.9034,60.2894,59.6793,59.0726,58.4692,57.8696,57.2734,56.6799,56.0894,55.502,54.9168,54.3343,53.7541,53.176,52.6002,52.0264,51.4544,50.8849,50.3164,49.7498,49.1848,48.6209,48.0585,47.4979,46.9383,46.3795,45.8224,45.2661,44.7106,44.1561,43.603,43.0502,42.4979,41.9473,41.3967,40.847,40.298,39.7493,39.2017,38.6547,38.1078,37.5616,37.0161,36.4708,35.9258,35.3815,34.8377,34.2944,33.7519,33.2095,32.6672,32.1255,31.5845,31.0438,30.5033,29.9632,29.4239,28.8847,28.3462,27.8075,27.2702,26.7326,26.1954,25.6587,25.1224,24.5869,24.0509,23.5165,22.9815,22.4475,21.9135,21.3805,20.8477,20.3147,19.7829,19.2508,18.7199,18.1885,17.6582,17.1276,16.5975,16.0684,15.5389,15.01,14.4816,13.9533,13.425,12.8971,12.3697,11.8421,11.3149,10.788,10.2614,9.73437,9.20814,8.68148,8.15492,7.629,7.10252,6.57659,6.05002,5.52409,4.99796,4.47187,3.94577,3.4197,2.8936,2.36755,1.84139,1.31532,0.789173,0.263061,-0.263061,-0.789173,-1.31532,-1.84139,-2.36755,-2.8936,-3.4197,-3.94577,-4.47187,-4.99796,-5.52409,-6.05002,-6.57659,-7.10252,-7.629,-8.15492,-8.68148,-9.20814,-9.73437,-10.2614,-10.788,-11.3149,-11.8421,-12.3697,-12.8971,-13.425,-13.9533,-14.4816,-15.01,-15.5389,-16.0684,-16.5975,-17.1276,-17.6582,-18.1885,-18.7199,-19.2508,-19.7829,-20.3147,-20.8477,-21.3805,-21.9135,-22.4475,-22.9815,-23.5165,-24.0509,-24.5869,-25.1224,-25.6587,-26.1954,-26.7326,-27.2702,-27.8075,-28.3462,-28.8847,-29.4239,-29.9632,-30.5033,-31.0438,-31.5845,-32.1255,-32.6672,-33.2095,-33.7519,-34.2944,-34.8377,-35.3815,-35.9258,-36.4708,-37.0161,-37.5616,-38.1078,-38.6547,-39.2017,-39.7493,-40.298,-40.847,-41.3967,-41.9473,-42.4979,-43.0502,-43.603,-44.1561,-44.7106,-45.2661,-45.8224,-46.3795,-46.9383,-47.4979,-48.0585,-48.6209,-49.1848,-49.7498,-50.3164,-50.8849,-51.4544,-52.0264,-52.6002,-53.176,-53.7541,-54.3343,-54.9168,-55.502,-56.0894,-56.6799,-57.2734,-57.8696,-58.4692,-59.0726,-59.6793,-60.2894,-60.9034,-61.5219,-62.1443,-62.7715,-63.403,-64.039,-64.6807,-65.3273,-65.9795,-66.6376,-67.3017,-67.9722,90,90,90,90,90,90,90,90,90,90,90,90,90,90,90,
90,90,90,90,90,90,90,90,90,90,90,90,90,90,68.5348,67.8597,67.1908,66.5285,65.8722,65.2216,64.5762,63.936,63.301,62.6711,62.0453,61.4245,60.8077,60.1947,59.5858,58.9803,58.3787,57.7797,57.1846,56.5922,56.0032,55.4165,54.8319,54.2504,53.6717,53.0942,52.5196,51.9467,51.3757,50.8069,50.2397,49.6738,49.1094,48.5466,47.9852,47.4253,46.8666,46.3089,45.7524,45.1967,44.6422,44.0887,43.5359,42.9837,42.4328,41.8824,41.3329,40.7838,40.2358,39.6878,39.1408,38.5944,38.0482,37.5029,36.9582,36.4135,35.8696,35.3264,34.7831,34.2405,33.6982,33.1565,32.6152,32.0747,31.534,30.9942,30.4548,29.9153,29.3766,28.8385,28.3004,27.7631,27.2255,26.689,26.1525,25.6169,25.0817,24.546,24.012,23.4776,22.9438,22.4109,21.8779,21.3451,20.8133,20.2816,19.7502,19.2194,18.6891,18.1588,17.6291,17.0995,16.5708,16.0417,15.5139,14.9854,14.4577,13.9306,13.4034,12.8762,12.3499,11.8235,11.2969,10.7711,10.2451,9.71923,9.19359,8.66809,8.14269,7.61677,7.09145,6.56611,6.04128,5.51577,4.99051,4.46523,3.93995,3.4146,2.88932,2.36403,1.83869,1.31338,0.788,0.262674,-0.262674,-0.788,-1.31338,-1.83869,-2.36403,-2.88932,-3.4146,-3.93995,-4.46523,-4.99051,-5.51577,-6.04128,-6.56611,-7.09145,-7.61677,-8.14269,-8.66809,-9.19359,-9.71923,-10.2451,-10.7711,-11.2969,-11.8235,-12.3499,-12.8762,-13.4034,-13.9306,-14.4577,-14.9854,-15.5139,-16.0417,-16.5708,-17.0995,-17.6291,-18.1588,-18.6891,-19.2194,-19.7502,-20.2816,-20.8133,-21.3451,-21.8779,-22.4109,-22.9438,-23.4776,-24.012,-24.546,-25.0817,-25.6169,-26.1525,-26.689,-27.2255,-27.7631,-28.3004,-28.8385,-29.3766,-29.9153,-30.4548,-30.9942,-31.534,-32.0747,-32.6152,-33.1565,-33.6982,-34.2405,-34.7831,-35.3264,-35.8696,-36.4135,-36.9582,-37.5029,-38.0482,-38.5944,-39.1408,-39.6878,-40.2358,-40.7838,-41.3329,-41.8824,-42.4328,-42.9837,-43.5359,-44.0887,-44.6422,-45.1967,-45.7524,-46.3089,-46.8666,-47.4253,-47.9852,-48.5466,-49.1094,-49.6738,-50.2397,-50.8069,-51.3757,-51.9467,-52.5196,-53.0942,-53.6717,-54.2504,-54.8319,-55.4165,-56.0032,-56.5922,-57.1846,-57.7797,-58.3787,-58.9803,-59.5858,-60.1947,-60.8077,-61.4245,-62.0453,-62.6711,-63.301,-63.936,-64.5762,-65.2216,-65.8722,-66.5285,-67.1908,-67.8597,-68.5348,90,90,90,90,90,90,90,90,90,90,90,90,90,90,
90,90,90,90,90,90,90,90,90,90,90,90,90,90,68.4252,67.752,67.0849,66.4238,65.769,65.1196,64.4758,63.8374,63.2038,62.5751,61.9508,61.3311,60.7153,60.1034,59.4961,58.8915,58.291,57.6935,57.0995,56.5078,55.9197,55.3344,54.7513,54.1703,53.5923,53.0166,52.4425,51.8706,51.3007,50.7324,50.1662,49.6009,49.0375,48.4757,47.9153,47.3559,46.7979,46.2411,45.6852,45.1305,44.577,44.0237,43.4718,42.9206,42.3703,41.8205,41.2716,40.7235,40.1761,39.629,39.0826,38.5369,37.9917,37.4466,36.9024,36.3587,35.8154,35.2728,34.7306,34.1887,33.6473,33.1061,32.5656,32.0255,31.4855,30.9462,30.4075,29.8691,29.331,28.7935,28.2564,27.7197,27.1832,26.6473,26.1118,25.5768,25.0419,24.5076,23.9741,23.4406,22.9075,22.3749,21.8432,21.3113,20.7803,20.2497,19.7188,19.1892,18.6592,18.1302,17.6011,17.0725,16.5444,16.017,15.4897,14.9623,14.4352,13.9086,13.3825,12.8564,12.3307,11.8054,11.2798,10.7546,10.2297,9.70437,9.17984,8.65488,8.1306,7.6058,7.0816,6.55679,6.0325,5.50793,4.98338,4.45888,3.93438,3.40989,2.88532,2.36075,1.83618,1.31158,0.786964,0.262313,-0.262313,-0.786964,-1.31158,-1.83618,-2.36075,-2.88532,-3.40989,-3.93438,-4.45888,-4.98338,-5.50793,-6.0325,-6.55679,-7.0816,-7.6058,-8.1306,-8.65488,-9.17984,-9.70437,-10.2297,-10.7546,-11.2798,-11.8054,-12.3307,-12.8564,-13.3825,-13.9086,-14.4352,-14.9623,-15.4897,-16.017,-16.5444,-17.0725,-17.6011,-18.1302,-18.6592,-19.1892,-19.7188,-20.2497,-20.7803,-21.3113,-21.8432,-22.3749,-22.9075,-23.4406,-23.9741,-24.5076,-25.0419,-25.5768,-26.1118,-26.6473,-27.1832,-27.7197,-28.2564,-28.7935,-29.331,-29.8691,-30.4075,-30.9462,-31.4855,-32.0255,-32.5656,-33.1061,-33.6473,-34.1887,-34.7306,-35.2728,-35.8154,-36.3587,-36.9024,-37.4466,-37.9917,-38.5369,-39.0826,-39.629,-40.1761,-40.7235,-41.2716,-41.8205,-42.3703,-42.9206,-43.4718,-44.0237,-44.577,-45.1305,-45.6852,-46.2411,-46.7979,-47.3559,-47.9153,-48.4757,-49.0375,-49.6009,-50.1662,-50.7324,-51.3007,-51.8706,-52.4425,-53.0166,-53.5923,-54.1703,-54.7513,-55.3344,-55.9197,-56.5078,-57.0995,-57.6935,-58.291,-58.8915,-59.4961,-60.1034,-60.7153,-61.3311,-61.9508,-62.5751,-63.2038,-63.8374,-64.4758,-65.1196,-65.769,-66.4238,-67.0849,-67.752,-68.4252,90,90,90,90,90,90,90,90,90,90,90,90,90,90,
90,90,90,90,90,90,90,90,90,90,90,90,90,90,68.3207,67.6487,66.9836,66.3238,65.6705,65.0228,64.3804,63.7432,63.1105,62.483,61.8601,61.2416,60.6272,60.0167,59.4097,58.8071,58.2075,57.6106,57.0174,56.4276,55.8402,55.2558,54.6736,54.094,53.5165,52.9414,52.3683,51.7974,51.2288,50.6615,50.0954,49.5315,48.969,48.4077,47.8479,47.2894,46.7323,46.1757,45.6208,45.0666,44.5136,43.9617,43.4104,42.8597,42.3103,41.7615,41.2131,40.6655,40.1187,39.5726,39.0264,38.4811,37.9369,37.3928,36.8492,36.306,35.7637,35.2217,34.68,34.139,33.5983,33.0576,32.5176,31.9781,31.4395,30.9005,30.3627,29.8248,29.2876,28.7504,28.2141,27.6781,27.1427,26.6073,26.0723,25.5383,25.0039,24.4706,23.9377,23.4052,22.8732,22.3411,21.8099,21.2791,20.7485,20.2188,19.6892,19.1598,18.6311,18.1026,17.5743,17.047,16.5199,15.993,15.4661,14.94,14.4139,13.8883,13.3628,12.8377,12.3131,11.7882,11.2638,10.739,10.2152,9.69095,9.16691,8.64302,8.11923,7.5955,7.07179,6.54805,6.02419,5.50046,4.97669,4.45297,3.92919,3.40537,2.88152,2.35767,1.83376,1.30989,0.785939,0.261975,-0.261975,-0.785939,-1.30989,-1.83376,-2.35767,-2.88152,-3.40537,-3.92919,-4.45297,-4.97669,-5.50046,-6.02419,-6.54805,-7.07179,-7.5955,-8.11923,-8.64302,-9.16691,-9.69095,-10.2152,-10.739,-11.2638,-11.7882,-12.3131,-12.8377,-13.3628,-13.8883,-14.4139,-14.94,-15.4661,-15.993,-16.5199,-17.047,-17.5743,-18.1026,-18.6311,-19.1598,-19.6892,-20.2188,-20.7485,-21.2791,-21.8099,-22.3411,-22.8732,-23.4052,-23.9377,-24.4706,-25.0039,-25.5383,-26.0723,-26.6073,-27.1427,-27.6781,-28.2141,-28.7504,-29.2876,-29.8248,-30.3627,-30.9005,-31.4395,-31.9781,-32.5176,-33.0576,-33.5983,-34.139,-34.68,-35.2217,-35.7637,-36.306,-36.8492,-37.3928,-37.9369,-38.4811,-39.0264,-39.5726,-40.1187,-40.6655,-41.2131,-41.7615,-42.3103,-42.8597,-43.4104,-43.9617,-44.5136,-45.0666,-45.6208,-46.1757,-46.7323,-47.2894,-47.8479,-48.4077,-48.969,-49.5315,-50.0954,-50.6615,-51.2288,-51.7974,-52.3683,-52.9414,-53.5165,-54.094,-54.6736,-55.2558,-55.8402,-56.4276,-57.0174,-57.6106,-58.2075,-58.8071,-59.4097,-60.0167,-60.6272,-61.2416,-61.8601,-62.483,-63.1105,-63.7432,-64.3804,-65.0228,-65.6705,-66.3238,-66.9836,-67.6487,-68.3207,90,90,90,90,90,90,90,90,90,90,90,90,90,90,
90,90,90,90,90,90,90,90,90,90,90,90,90,90,68.2207,67.5501,66.8862,66.2284,65.5762,64.9294,64.2887,63.6524,63.0214,62.3952,61.7735,61.1559,60.5425,59.9335,59.3278,58.7258,58.1271,57.532,56.9394,56.3505,55.7644,55.1805,54.5994,54.0207,53.4441,52.8703,52.2977,51.7277,51.1596,50.5928,50.0281,49.4646,48.9031,48.3427,47.7833,47.2258,46.6692,46.1139,45.559,45.0062,44.4537,43.9023,43.3515,42.8017,42.2529,41.7045,41.1571,40.61,40.0637,39.5181,38.9731,38.4289,37.8848,37.3412,36.7985,36.2563,35.7141,35.1729,34.6314,34.0913,33.5511,33.0114,32.4719,31.9333,31.3952,30.8572,30.3195,29.7821,29.2459,28.7092,28.1739,27.6383,27.1034,26.569,26.035,25.5012,24.9681,24.4353,23.9031,23.3713,22.8395,22.3087,21.7783,21.2481,20.7183,20.1893,19.6607,19.1323,18.604,18.0764,17.5493,17.0225,16.4958,15.9698,15.444,14.9189,14.3933,13.8687,13.3442,12.8196,12.2959,11.7716,11.2481,10.7244,10.201,9.67779,9.15477,8.63132,8.10856,7.58527,7.06252,6.53923,6.01646,5.49346,4.97049,4.44739,3.92435,3.4012,2.87803,2.3548,1.83157,1.30825,0.784981,0.261659,-0.261659,-0.784981,-1.30825,-1.83157,-2.3548,-2.87803,-3.4012,-3.92435,-4.44739,-4.97049,-5.49346,-6.01646,-6.53923,-7.06252,-7.58527,-8.10856,-8.63132,-9.15477,-9.67779,-10.201,-10.7244,-11.2481,-11.7716,-12.2959,-12.8196,-13.3442,-13.8687,-14.3933,-14.9189,-15.444,-15.9698,-16.4958,-17.0225,-17.5493,-18.0764,-18.604,-19.1323,-19.6607,-20.1893,-20.7183,-21.2481,-21.7783,-22.3087,-22.8395,-23.3713,-23.9031,-24.4353,-24.9681,-25.5012,-26.035,-26.569,-27.1034,-27.6383,-28.1739,-28.7092,-29.2459,-29.7821,-30.3195,-30.8572,-31.3952,-31.9333,-32.4719,-33.0114,-33.5511,-34.0913,-34.6314,-35.1729,-35.7141,-36.2563,-36.7985,-37.3412,-37.8848,-38.4289,-38.9731,-39.5181,-40.0637,-40.61,-41.1571,-41.7045,-42.2529,-42.8017,-43.3515,-43.9023,-44.4537,-45.0062,-45.559,-46.1139,-46.6692,-47.2258,-47.7833,-48.3427,-48.9031,-49.4646,-50.0281,-50.5928,-51.1596,-51.7277,-52.2977,-52.8703,-53.4441,-54.0207,-54.5994,-55.1805,-55.7644,-56.3505,-56.9394,-57.532,-58.1271,-58.7258,-59.3278,-59.9335,-60.5425,-61.1559,-61.7735,-62.3952,-63.0214,-63.6524,-64.2887,-64.9294,-65.5762,-66.2284,-66.8862,-67.5501,-68.2207,90,90,90,90,90,90,90,90,90,90,90,90,90,90,
90,90,90,90,90,90,90,90,90,90,90,90,90,90,68.1249,67.4562,66.7935,66.137,65.486,64.8409,64.201,63.5663,62.9367,62.3113,61.6907,61.0744,60.4621,59.8539,59.2496,58.6484,58.0504,57.4562,56.8649,56.2768,55.6912,55.1087,54.5284,53.9507,53.3749,52.8016,52.2302,51.6612,51.0931,50.5276,49.9633,49.4007,48.8397,48.2801,47.7221,47.165,46.6093,46.054,45.5009,44.9481,44.3964,43.845,43.2955,42.7462,42.1983,41.65,41.1034,40.5568,40.0114,39.4667,38.9222,38.3784,37.8348,37.2921,36.7498,36.2077,35.6667,35.1257,34.5854,34.0455,33.5061,32.967,32.4283,31.8902,31.3522,30.8154,30.2782,29.7419,29.2057,28.6706,28.135,27.6004,27.0664,26.5324,25.9989,25.466,24.9338,24.4014,23.8702,23.3388,22.808,22.2781,21.7481,21.2189,20.6896,20.1615,19.6331,19.1054,18.5786,18.0514,17.5252,16.9994,16.4735,15.948,15.4232,14.8985,14.3739,13.8498,13.3262,12.8025,12.2793,11.7565,11.2334,10.7107,10.1877,9.66546,9.14285,8.62096,8.09851,7.57621,7.05393,6.53162,6.00925,5.48695,4.96461,4.44225,3.91978,3.39727,2.87473,2.35213,1.82947,1.30679,0.784092,0.261367,-0.261367,-0.784092,-1.30679,-1.82947,-2.35213,-2.87473,-3.39727,-3.91978,-4.44225,-4.96461,-5.48695,-6.00925,-6.53162,-7.05393,-7.57621,-8.09851,-8.62096,-9.14285,-9.66546,-10.1877,-10.7107,-11.2334,-11.7565,-12.2793,-12.8025,-13.3262,-13.8498,-14.3739,-14.8985,-15.4232,-15.948,-16.4735,-16.9994,-17.5252,-18.0514,-18.5786,-19.1054,-19.6331,-20.1615,-20.6896,-21.2189,-21.7481,-22.2781,-22.808,-23.3388,-23.8702,-24.4014,-24.9338,-25.466,-25.9989,-26.5324,-27.0664,-27.6004,-28.135,-28.6706,-29.2057,-29.7419,-30.2782,-30.8154,-31.3522,-31.8902,-32.4283,-32.967,-33.5061,-34.0455,-34.5854,-35.1257,-35.6667,-36.2077,-36.7498,-37.2921,-37.8348,-38.3784,-38.9222,-39.4667,-40.0114,-40.5568,-41.1034,-41.65,-42.1983,-42.7462,-43.2955,-43.845,-44.3964,-44.9481,-45.5009,-46.054,-46.6093,-47.165,-47.7221,-48.2801,-48.8397,-49.4007,-49.9633,-50.5276,-51.0931,-51.6612,-52.2302,-52.8016,-53.3749,-53.9507,-54.5284,-55.1087,-55.6912,-56.2768,-56.8649,-57.4562,-58.0504,-58.6484,-59.2496,-59.8539,-60.4621,-61.0744,-61.6907,-62.3113,-62.9367,-63.5663,-64.201,-64.8409,-65.486,-66.137,-66.7935,-67.4562,-68.1249,90,90,90,90,90,90,90,90,90,90,90,90,90,90,
90,90,90,90,90,90,90,90,90,90,90,90,90,68.708,68.0342,67.3667,66.7053,66.0499,65.4,64.7562,64.1174,63.484,62.8558,62.2315,61.6116,60.9963,60.3854,59.7782,59.1747,58.5747,57.978,57.3847,56.7939,56.2068,55.622,55.0402,54.4608,53.8839,53.309,52.7365,52.166,51.5973,51.0305,50.4658,49.902,49.3402,48.7796,48.2213,47.6633,47.107,46.5517,45.9977,45.4445,44.8926,44.3413,43.7912,43.2421,42.6933,42.1453,41.5987,41.0521,40.5068,39.9614,39.4171,38.8731,38.3301,37.7873,37.245,36.7033,36.1624,35.6215,35.0809,34.5415,34.0019,33.4629,32.9247,32.3866,31.8489,31.3121,30.7754,30.239,29.7034,29.1678,28.6332,28.0984,27.5642,27.0306,26.4975,25.9646,25.4324,24.9006,24.3694,23.8382,23.3081,22.7779,22.2482,21.7193,21.1908,20.6626,20.1346,19.6074,19.0806,18.554,18.0279,17.5021,16.977,16.4517,15.9271,15.4032,14.8795,14.3557,13.8325,13.3093,12.7866,12.2637,11.7418,11.2197,10.6974,10.1758,9.65397,9.13229,8.61066,8.08866,7.56729,7.04595,6.52399,6.00256,5.4809,4.95915,4.43738,3.91555,3.39363,2.87165,2.34964,1.82752,1.30543,0.783261,0.261094,-0.261094,-0.783261,-1.30543,-1.82752,-2.34964,-2.87165,-3.39363,-3.91555,-4.43738,-4.95915,-5.4809,-6.00256,-6.52399,-7.04595,-7.56729,-8.08866,-8.61066,-9.13229,-9.65397,-10.1758,-10.6974,-11.2197,-11.7418,-12.2637,-12.7866,-13.3093,-13.8325,-14.3557,-14.8795,-15.4032,-15.9271,-16.4517,-16.977,-17.5021,-18.0279,-18.554,-19.0806,-19.6074,-20.1346,-20.6626,-21.1908,-21.7193,-22.2482,-22.7779,-23.3081,-23.8382,-24.3694,-24.9006,-25.4324,-25.9646,-26.4975,-27.0306,-27.5642,-28.0984,-28.6332,-29.1678,-29.7034,-30.239,-30.7754,-31.3121,-31.8489,-32.3866,-32.9247,-33.4629,-34.0019,-34.5415,-35.0809,-35.6215,-36.1624,-36.7033,-37.245,-37.7873,-38.3301,-38.8731,-39.4171,-39.9614,-40.5068,-41.0521,-41.5987,-42.1453,-42.6933,-43.2421,-43.7912,-44.3413,-44.8926,-45.4445,-45.9977,-46.5517,-47.107,-47.6633,-48.2213,-48.7796,-49.3402,-49.902,-50.4658,-51.0305,-51.5973,-52.166,-52.7365,-53.309,-53.8839,-54.4608,-55.0402,-55.622,-56.2068,-56.7939,-57.3847,-57.978,-58.5747,-59.1747,-59.7782,-60.3854,-60.9963,-61.6116,-62.2315,-62.8558,-63.484,-64.1174,-64.7562,-65.4,-66.0499,-66.7053,-67.3667,-68.0342,-68.708,90,90,90,90,90,90,90,90,90,90,90,90,90,
90,90,90,90,90,90,90,90,90,90,90,90,90,68.6206,67.9474,67.281,66.6209,65.9672,65.3185,64.676,64.0385,63.4056,62.7784,62.1554,61.5368,60.9228,60.3123,59.7059,59.1033,58.5044,57.9087,57.3163,56.7268,56.1399,55.5564,54.9755,54.3964,53.8203,53.2462,52.6742,52.1045,51.5367,50.9706,50.4063,49.8436,49.2823,48.7224,48.1645,47.6076,47.0518,46.4973,45.9437,45.3913,44.8397,44.2893,43.7395,43.1909,42.6432,42.096,41.5494,41.0036,40.4582,39.9141,39.3701,38.827,38.2843,37.7419,37.2001,36.6591,36.1182,35.5785,35.0384,34.4993,33.9606,33.4225,32.8846,32.3468,31.8099,31.2732,30.7374,30.2013,29.6666,29.1313,28.5975,28.0636,27.5298,26.997,26.4643,25.9323,25.4004,24.8695,24.3386,23.8083,23.2785,22.7492,22.2203,21.6917,21.1641,20.6362,20.1092,19.5828,19.0561,18.5306,18.0054,17.4805,16.9556,16.4312,15.9075,15.384,14.8611,14.3382,13.8154,13.293,12.7712,12.2492,11.7276,11.2064,10.6849,10.1637,9.64272,9.12183,8.60062,8.08008,7.55902,7.03798,6.5175,5.99638,5.4752,4.95411,4.43284,3.91162,3.39024,2.86884,2.34731,1.82579,1.30419,0.782505,0.26084,-0.26084,-0.782505,-1.30419,-1.82579,-2.34731,-2.86884,-3.39024,-3.91162,-4.43284,-4.95411,-5.4752,-5.99638,-6.5175,-7.03798,-7.55902,-8.08008,-8.60062,-9.12183,-9.64272,-10.1637,-10.6849,-11.2064,-11.7276,-12.2492,-12.7712,-13.293,-13.8154,-14.3382,-14.8611,-15.384,-15.9075,-16.4312,-16.9556,-17.4805,-18.0054,-18.5306,-19.0561,-19.5828,-20.1092,-20.6362,-21.1641,-21.6917,-22.2203,-22.7492,-23.2785,-23.8083,-24.3386,-24.8695,-25.4004,-25.9323,-26.4643,-26.997,-27.5298,-28.0636,-28.5975,-29.1313,-29.6666,-30.2013,-30.7374,-31.2732,-31.8099,-32.3468,-32.8846,-33.4225,-33.9606,-34.4993,-35.0384,-35.5785,-36.1182,-36.6591,-37.2001,-37.7419,-38.2843,-38.827,-39.3701,-39.9141,-40.4582,-41.0036,-41.5494,-42.096,-42.6432,-43.1909,-43.7395,-44.2893,-44.8397,-45.3913,-45.9437,-46.4973,-47.0518,-47.6076,-48.1645,-48.7224,-49.2823,-49.8436,-50.4063,-50.9706,-51.5367,-52.1045,-52.6742,-53.2462,-53.8203,-54.3964,-54.9755,-55.5564,-56.1399,-56.7268,-57.3163,-57.9087,-58.5044,-59.1033,-59.7059,-60.3123,-60.9228,-61.5368,-62.1554,-62.7784,-63.4056,-64.0385,-64.676,-65.3185,-65.9672,-66.6209,-67.281,-67.9474,-68.6206,90,90,90,90,90,90,90,90,90,90,90,90,90,
90,90,90,90,90,90,90,90,90,90,90,90,90,68.5372,67.8653,67.2001,66.5413,65.8883,65.241,64.5995,63.9632,63.3316,62.7048,62.083,61.4654,60.8521,60.2429,59.6374,59.0355,58.4378,57.8426,57.2509,56.6626,56.0766,55.4938,54.9137,54.3358,53.76,53.1867,52.6159,52.0465,51.479,50.9137,50.3501,49.7882,49.2276,48.6685,48.111,47.5544,46.9993,46.4456,45.8923,45.3407,44.7898,44.2398,43.6908,43.1424,42.5951,42.0483,41.5024,40.9574,40.4128,39.8686,39.3254,38.783,38.2404,37.6987,37.158,36.617,36.0772,35.5375,34.9985,34.4594,33.9215,33.3834,32.8462,32.3096,31.7728,31.2372,30.7011,30.1664,29.6312,29.0975,28.5632,28.0301,27.4971,26.9647,26.4327,25.901,25.3705,24.8396,24.3098,23.7795,23.2508,22.7221,22.1937,21.6658,21.1387,20.6114,20.0854,19.5593,19.0334,18.5087,17.9838,17.4595,16.9357,16.4122,15.8887,15.366,14.844,14.3214,13.7999,13.2784,12.7568,12.2357,11.715,11.194,10.6734,10.153,9.63277,9.11225,8.59187,8.0716,7.55139,7.0312,6.51098,5.9907,5.46991,4.94932,4.42872,3.908,3.38717,2.86621,2.34522,1.82415,1.30298,0.781808,0.260605,-0.260605,-0.781808,-1.30298,-1.82415,-2.34522,-2.86621,-3.38717,-3.908,-4.42872,-4.94932,-5.46991,-5.9907,-6.51098,-7.0312,-7.55139,-8.0716,-8.59187,-9.11225,-9.63277,-10.153,-10.6734,-11.194,-11.715,-12.2357,-12.7568,-13.2784,-13.7999,-14.3214,-14.844,-15.366,-15.8887,-16.4122,-16.9357,-17.4595,-17.9838,-18.5087,-19.0334,-19.5593,-20.0854,-20.6114,-21.1387,-21.6658,-22.1937,-22.7221,-23.2508,-23.7795,-24.3098,-24.8396,-25.3705,-25.901,-26.4327,-26.9647,-27.4971,-28.0301,-28.5632,-29.0975,-29.6312,-30.1664,-30.7011,-31.2372,-31.7728,-32.3096,-32.8462,-33.3834,-33.9215,-34.4594,-34.9985,-35.5375,-36.0772,-36.617,-37.158,-37.6987,-38.2404,-38.783,-39.3254,-39.8686,-40.4128,-40.9574,-41.5024,-42.0483,-42.5951,-43.1424,-43.6908,-44.2398,-44.7898,-45.3407,-45.8923,-46.4456,-46.9993,-47.5544,-48.111,-48.6685,-49.2276,-49.7882,-50.3501,-50.9137,-51.479,-52.0465,-52.6159,-53.1867,-53.76,-54.3358,-54.9137,-55.4938,-56.0766,-56.6626,-57.2509,-57.8426,-58.4378,-59.0355,-59.6374,-60.2429,-60.8521,-61.4654,-62.083,-62.7048,-63.3316,-63.9632,-64.5995,-65.241,-65.8883,-66.5413,-67.2001,-67.8653,-68.5372,90,90,90,90,90,90,90,90,90,90,90,90,90,
90,90,90,90,90,90,90,90,90,90,90,90,90,68.4578,67.7874,67.1238,66.466,65.8139,65.1678,64.5273,63.8914,63.2616,62.6354,62.0146,61.3982,60.7856,60.1776,59.5728,58.9718,58.3747,57.7807,57.1894,56.6018,56.017,55.4345,54.8548,54.2776,53.703,53.1303,52.5602,51.9915,51.4252,50.8602,50.297,49.7358,49.1758,48.6171,48.0598,47.5044,46.9496,46.3965,45.8436,45.2927,44.7426,44.1928,43.6445,43.0965,42.5499,42.0038,41.4582,40.9135,40.3692,39.8261,39.2833,38.7412,38.1993,37.6584,37.1176,36.5773,36.0378,35.4988,34.9601,34.4218,33.8841,33.3468,32.81,32.2733,31.7375,31.2023,30.6671,30.1326,29.5982,29.0648,28.5312,27.9984,27.4662,26.9345,26.4031,25.8719,25.3416,24.8115,24.2819,23.753,23.2245,22.696,22.1684,21.6413,21.1144,20.5885,20.0627,19.5372,19.0123,18.4878,17.9637,17.4397,16.9167,16.3939,15.8713,15.3494,14.8275,14.3063,13.7851,13.2638,12.743,12.2227,11.7027,11.1826,10.6627,10.1425,9.62314,9.10342,8.58385,8.0638,7.54439,7.02442,6.50501,5.98489,5.46508,4.945,4.42491,3.9046,3.3843,2.8638,2.34329,1.82261,1.30191,0.781184,0.260396,-0.260396,-0.781184,-1.30191,-1.82261,-2.34329,-2.8638,-3.3843,-3.9046,-4.42491,-4.945,-5.46508,-5.98489,-6.50501,-7.02442,-7.54439,-8.0638,-8.58385,-9.10342,-9.62314,-10.1425,-10.6627,-11.1826,-11.7027,-12.2227,-12.743,-13.2638,-13.7851,-14.3063,-14.8275,-15.3494,-15.8713,-16.3939,-16.9167,-17.4397,-17.9637,-18.4878,-19.0123,-19.5372,-20.0627,-20.5885,-21.1144,-21.6413,-22.1684,-22.696,-23.2245,-23.753,-24.2819,-24.8115,-25.3416,-25.8719,-26.4031,-26.9345,-27.4662,-27.9984,-28.5312,-29.0648,-29.5982,-30.1326,-30.6671,-31.2023,-31.7375,-32.2733,-32.81,-33.3468,-33.8841,-34.4218,-34.9601,-35.4988,-36.0378,-36.5773,-37.1176,-37.6584,-38.1993,-38.7412,-39.2833,-39.8261,-40.3692,-40.9135,-41.4582,-42.0038,-42.5499,-43.0965,-43.6445,-44.1928,-44.7426,-45.2927,-45.8436,-46.3965,-46.9496,-47.5044,-48.0598,-48.6171,-49.1758,-49.7358,-50.297,-50.8602,-51.4252,-51.9915,-52.5602,-53.1303,-53.703,-54.2776,-54.8548,-55.4345,-56.017,-56.6018,-57.1894,-57.7807,-58.3747,-58.9718,-59.5728,-60.1776,-60.7856,-61.3982,-62.0146,-62.6354,-63.2616,-63.8914,-64.5273,-65.1678,-65.8139,-66.466,-67.1238,-67.7874,-68.4578,90,90,90,90,90,90,90,90,90,90,90,90,90,
90,90,90,90,90,90,90,90,90,90,90,90,90,68.3833,67.7141,67.0511,66.3948,65.744,65.0988,64.4589,63.8243,63.1948,62.5704,61.9502,61.3341,60.7229,60.115,59.5119,58.9116,58.3149,57.7215,57.1313,56.5443,55.9599,55.3785,54.7995,54.2234,53.649,53.0771,52.5073,51.9393,51.3735,50.8092,50.2467,49.6858,49.1265,48.5688,48.0118,47.4567,46.9026,46.3498,45.7979,45.2473,44.6974,44.1488,43.6003,43.0534,42.5071,41.9613,41.4164,40.8719,40.3283,39.7855,39.2429,38.7015,38.1602,37.6197,37.0795,36.5399,36.0008,35.462,34.9237,34.386,33.8487,33.3119,32.7758,32.2398,31.7044,31.169,30.6345,30.1007,29.567,29.0338,28.5011,27.9689,27.4369,26.9054,26.3748,25.8443,25.314,24.7849,24.2558,23.7273,23.1994,22.6718,22.1448,21.618,21.0917,20.5662,20.0411,19.5164,18.9917,18.468,17.9444,17.4213,16.899,16.3764,15.8551,15.3334,14.8123,14.2913,13.7708,13.2508,12.7308,12.2107,11.6909,11.1715,10.6523,10.1329,9.61376,9.09479,8.57597,8.05668,7.53745,7.01874,6.49951,5.98022,5.46059,4.94105,4.42137,3.90158,3.38169,2.86162,2.34147,1.82127,1.30098,0.780617,0.260205,-0.260205,-0.780617,-1.30098,-1.82127,-2.34147,-2.86162,-3.38169,-3.90158,-4.42137,-4.94105,-5.46059,-5.98022,-6.49951,-7.01874,-7.53745,-8.05668,-8.57597,-9.09479,-9.61376,-10.1329,-10.6523,-11.1715,-11.6909,-12.2107,-12.7308,-13.2508,-13.7708,-14.2913,-14.8123,-15.3334,-15.8551,-16.3764,-16.899,-17.4213,-17.9444,-18.468,-18.9917,-19.5164,-20.0411,-20.5662,-21.0917,-21.618,-22.1448,-22.6718,-23.1994,-23.7273,-24.2558,-24.7849,-25.314,-25.8443,-26.3748,-26.9054,-27.4369,-27.9689,-28.5011,-29.0338,-29.567,-30.1007,-30.6345,-31.169,-31.7044,-32.2398,-32.7758,-33.3119,-33.8487,-34.386,-34.9237,-35.462,-36.0008,-36.5399,-37.0795,-37.6197,-38.1602,-38.7015,-39.2429,-39.7855,-40.3283,-40.8719,-41.4164,-41.9613,-42.5071,-43.0534,-43.6003,-44.1488,-44.6974,-45.2473,-45.7979,-46.3498,-46.9026,-47.4567,-48.0118,-48.5688,-49.1265,-49.6858,-50.2467,-50.8092,-51.3735,-51.9393,-52.5073,-53.0771,-53.649,-54.2234,-54.7995,-55.3785,-55.9599,-56.5443,-57.1313,-57.7215,-58.3149,-58.9116,-59.5119,-60.115,-60.7229,-61.3341,-61.9502,-62.5704,-63.1948,-63.8243,-64.4589,-65.0988,-65.744,-66.3948,-67.0511,-67.7141,-68.3833,90,90,90,90,90,90,90,90,90,90,90,90,90,
90,90,90,90,90,90,90,90,90,90,90,90,90,68.3133,67.6451,66.9833,66.3273,65.6777,65.0334,64.3949,63.7611,63.1323,62.5087,61.8891,61.2742,60.6636,60.0566,59.454,58.8548,58.2587,57.6662,57.0766,56.4904,55.9069,55.3258,54.7474,54.1716,53.5982,53.027,52.4578,51.8904,51.3249,50.7613,50.1993,49.6391,49.0805,48.5226,47.9666,47.4122,46.8587,46.3061,45.7545,45.2045,44.6553,44.1068,43.559,43.0123,42.4666,41.9215,41.3768,40.833,40.2901,39.7474,39.2056,38.6643,38.1233,37.5833,37.0435,36.5045,35.9656,35.4276,34.8894,34.3525,33.8157,33.2793,32.7434,32.2081,31.6729,31.1385,30.6043,30.0708,29.5375,29.0047,28.4726,27.9407,27.4094,26.8786,26.3481,25.8183,25.2887,24.7597,24.2314,23.7036,23.1758,22.649,22.1221,21.596,21.0704,20.5455,20.0205,19.4966,18.9726,18.4496,17.9267,17.4044,16.8822,16.3604,15.8392,15.3187,14.7978,14.2774,13.7577,13.2379,12.7185,12.1997,11.6806,11.1612,10.6429,10.1242,9.60574,9.08691,8.5688,8.05023,7.53163,7.01314,6.49405,5.97547,5.4565,4.93738,4.41818,3.89878,3.37926,2.85966,2.33985,1.82002,1.30005,0.780057,0.26003,-0.26003,-0.780057,-1.30005,-1.82002,-2.33985,-2.85966,-3.37926,-3.89878,-4.41818,-4.93738,-5.4565,-5.97547,-6.49405,-7.01314,-7.53163,-8.05023,-8.5688,-9.08691,-9.60574,-10.1242,-10.6429,-11.1612,-11.6806,-12.1997,-12.7185,-13.2379,-13.7577,-14.2774,-14.7978,-15.3187,-15.8392,-16.3604,-16.8822,-17.4044,-17.9267,-18.4496,-18.9726,-19.4966,-20.0205,-20.5455,-21.0704,-21.596,-22.1221,-22.649,-23.1758,-23.7036,-24.2314,-24.7597,-25.2887,-25.8183,-26.3481,-26.8786,-27.4094,-27.9407,-28.4726,-29.0047,-29.5375,-30.0708,-30.6043,-31.1385,-31.6729,-32.2081,-32.7434,-33.2793,-33.8157,-34.3525,-34.8894,-35.4276,-35.9656,-36.5045,-37.0435,-37.5833,-38.1233,-38.6643,-39.2056,-39.7474,-40.2901,-40.833,-41.3768,-41.9215,-42.4666,-43.0123,-43.559,-44.1068,-44.6553,-45.2045,-45.7545,-46.3061,-46.8587,-47.4122,-47.9666,-48.5226,-49.0805,-49.6391,-50.1993,-50.7613,-51.3249,-51.8904,-52.4578,-53.027,-53.5982,-54.1716,-54.7474,-55.3258,-55.9069,-56.4904,-57.0766,-57.6662,-58.2587,-58.8548,-59.454,-60.0566,-60.6636,-61.2742,-61.8891,-62.5087,-63.1323,-63.7611,-64.3949,-65.0334,-65.6777,-66.3273,-66.9833,-67.6451,-68.3133,90,90,90,90,90,90,90,90,90,90,90,90,90,
90,90,90,90,90,90,90,90,90,90,90,90,90,68.2471,67.58,66.9191,66.2643,65.6152,64.972,64.3344,63.7015,63.0737,62.4507,61.8322,61.2184,60.6081,60.0022,59.3999,58.8013,58.2062,57.6142,57.0252,56.4396,55.8568,55.2764,54.6985,54.1233,53.5502,52.98,52.4109,51.8442,51.2793,50.7163,50.1549,49.5953,49.0368,48.4796,47.9242,47.3699,46.817,46.2651,45.7144,45.1642,44.6156,44.0673,43.5202,42.9741,42.4286,41.884,41.34,40.7968,40.254,39.7116,39.1703,38.6293,38.0889,37.5491,37.0099,36.4711,35.9328,35.3949,34.8574,34.3206,33.7845,33.2487,32.713,32.1779,31.6437,31.1096,30.5759,30.0422,29.5101,28.9774,28.4455,27.9142,27.3835,26.8531,26.323,25.7939,25.2649,24.7361,24.2084,23.6807,23.1536,22.6274,22.1011,21.5758,21.0503,20.5261,20.0016,19.4779,18.9551,18.432,17.91,17.3877,16.8663,16.3456,15.8245,15.3047,14.7845,14.2648,13.7457,13.2265,12.7073,12.1891,11.6706,11.152,10.6337,10.1157,9.59795,9.07979,8.56235,8.04378,7.52594,7.00812,6.48963,5.97115,5.45279,4.93407,4.41526,3.89628,3.37711,2.85784,2.33844,1.81887,1.29928,0.779562,0.259864,-0.259864,-0.779562,-1.29928,-1.81887,-2.33844,-2.85784,-3.37711,-3.89628,-4.41526,-4.93407,-5.45279,-5.97115,-6.48963,-7.00812,-7.52594,-8.04378,-8.56235,-9.07979,-9.59795,-10.1157,-10.6337,-11.152,-11.6706,-12.1891,-12.7073,-13.2265,-13.7457,-14.2648,-14.7845,-15.3047,-15.8245,-16.3456,-16.8663,-17.3877,-17.91,-18.432,-18.9551,-19.4779,-20.0016,-20.5261,-21.0503,-21.5758,-22.1011,-22.6274,-23.1536,-23.6807,-24.2084,-24.7361,-25.2649,-25.7939,-26.323,-26.8531,-27.3835,-27.9142,-28.4455,-28.9774,-29.5101,-30.0422,-30.5759,-31.1096,-31.6437,-32.1779,-32.713,-33.2487,-33.7845,-34.3206,-34.8574,-35.3949,-35.9328,-36.4711,-37.0099,-37.5491,-38.0889,-38.6293,-39.1703,-39.7116,-40.254,-40.7968,-41.34,-41.884,-42.4286,-42.9741,-43.5202,-44.0673,-44.6156,-45.1642,-45.7144,-46.2651,-46.817,-47.3699,-47.9242,-48.4796,-49.0368,-49.5953,-50.1549,-50.7163,-51.2793,-51.8442,-52.4109,-52.98,-53.5502,-54.1233,-54.6985,-55.2764,-55.8568,-56.4396,-57.0252,-57.6142,-58.2062,-58.8013,-59.3999,-60.0022,-60.6081,-61.2184,-61.8322,-62.4507,-63.0737,-63.7015,-64.3344,-64.972,-65.6152,-66.2643,-66.9191,-67.58,-68.2471,90,90,90,90,90,90,90,90,90,90,90,90,90,
90,90,90,90,90,90,90,90,90,90,90,90,68.8588,68.1854,67.5194,66.8594,66.2051,65.5574,64.9148,64.2774,63.6458,63.0188,62.3964,61.7787,61.1654,60.5562,59.9507,59.349,58.7514,58.1567,57.5657,56.9774,56.3918,55.8096,55.2301,54.6533,54.0783,53.5057,52.9356,52.3672,51.8014,51.2367,50.6742,50.1134,49.5539,48.996,48.4397,47.8845,47.3308,46.778,46.2266,45.6761,45.1269,44.5785,44.0308,43.4838,42.9382,42.3933,41.8489,41.3054,40.7619,40.2197,39.6783,39.1372,38.5963,38.0566,37.5173,36.9782,36.44,35.9019,35.365,34.8276,34.2914,33.7551,33.2194,32.6847,32.1501,31.6157,31.0822,30.5491,30.016,29.484,28.952,28.4206,27.8899,27.3593,26.829,26.3,25.7707,25.2421,24.7142,24.1868,23.6595,23.1332,22.6069,22.0815,21.5565,21.0318,20.5077,19.9839,19.4608,18.9381,18.4161,17.8942,17.3731,16.8517,16.3316,15.8112,15.2915,14.7718,14.2527,13.7343,13.2157,12.6971,12.179,11.6611,11.1437,10.626,10.1081,9.59094,9.07341,8.55594,8.03866,7.52087,7.00303,6.48524,5.96739,5.44937,4.9311,4.41259,3.89395,3.37513,2.8562,2.33709,1.81786,1.29856,0.77913,0.259721,-0.259721,-0.77913,-1.29856,-1.81786,-2.33709,-2.8562,-3.37513,-3.89395,-4.41259,-4.9311,-5.44937,-5.96739,-6.48524,-7.00303,-7.52087,-8.03866,-8.55594,-9.07341,-9.59094,-10.1081,-10.626,-11.1437,-11.6611,-12.179,-12.6971,-13.2157,-13.7343,-14.2527,-14.7718,-15.2915,-15.8112,-16.3316,-16.8517,-17.3731,-17.8942,-18.4161,-18.9381,-19.4608,-19.9839,-20.5077,-21.0318,-21.5565,-22.0815,-22.6069,-23.1332,-23.6595,-24.1868,-24.7142,-25.2421,-25.7707,-26.3,-26.829,-27.3593,-27.8899,-28.4206,-28.952,-29.484,-30.016,-30.5491,-31.0822,-31.6157,-32.1501,-32.6847,-33.2194,-33.7551,-34.2914,-34.8276,-35.365,-35.9019,-36.44,-36.9782,-37.5173,-38.0566,-38.5963,-39.1372,-39.6783,-40.2197,-40.7619,-41.3054,-41.8489,-42.3933,-42.9382,-43.4838,-44.0308,-44.5785,-45.1269,-45.6761,-46.2266,-46.778,-47.3308,-47.8845,-48.4397,-48.996,-49.5539,-50.1134,-50.6742,-51.2367,-51.8014,-52.3672,-52.9356,-53.5057,-54.0783,-54.6533,-55.2301,-55.8096,-56.3918,-56.9774,-57.5657,-58.1567,-58.7514,-59.349,-59.9507,-60.5562,-61.1654,-61.7787,-62.3964,-63.0188,-63.6458,-64.2774,-64.9148,-65.5574,-66.2051,-66.8594,-67.5194,-68.1854,-68.8588,90,90,90,90,90,90,90,90,90,90,90,90,
90,90,90,90,90,90,90,90,90,90,90,90,68.8005,68.1282,67.4631,66.8035,66.1506,65.5034,64.8618,64.225,63.5941,62.9677,62.3463,61.7291,61.1165,60.5078,59.9028,59.3021,58.7048,58.111,57.5205,56.9327,56.3481,55.7661,55.1871,54.6104,54.0363,53.4642,52.8947,52.3268,51.7612,51.1973,50.6354,50.0747,49.5157,48.958,48.4022,47.8475,47.2939,46.7417,46.1908,45.6409,45.0917,44.5438,43.9966,43.4501,42.9047,42.3603,41.816,41.2727,40.7301,40.1885,39.6468,39.1062,38.5662,38.0265,37.4875,36.9489,36.4113,35.8737,35.3361,34.7997,34.2636,33.7281,33.193,32.6584,32.1241,31.5902,31.0568,30.5242,29.9917,29.4597,28.9282,28.3975,27.8668,27.3368,26.8071,26.2781,25.7494,25.2214,24.6935,24.1667,23.6399,23.1142,22.5884,22.0631,21.5387,21.0146,20.4908,19.9678,19.4447,18.9224,18.4006,17.8798,17.3587,16.8385,16.3184,15.7986,15.2794,14.7603,14.2419,13.7234,13.2055,12.688,12.1703,11.6526,11.1357,10.6187,10.1013,9.58416,9.06712,8.55032,8.03362,7.51634,6.99916,6.48131,5.96405,5.44628,4.92837,4.41022,3.89188,3.3734,2.85468,2.33587,1.81689,1.29783,0.778763,0.259587,-0.259587,-0.778763,-1.29783,-1.81689,-2.33587,-2.85468,-3.3734,-3.89188,-4.41022,-4.92837,-5.44628,-5.96405,-6.48131,-6.99916,-7.51634,-8.03362,-8.55032,-9.06712,-9.58416,-10.1013,-10.6187,-11.1357,-11.6526,-12.1703,-12.688,-13.2055,-13.7234,-14.2419,-14.7603,-15.2794,-15.7986,-16.3184,-16.8385,-17.3587,-17.8798,-18.4006,-18.9224,-19.4447,-19.9678,-20.4908,-21.0146,-21.5387,-22.0631,-22.5884,-23.1142,-23.6399,-24.1667,-24.6935,-25.2214,-25.7494,-26.2781,-26.8071,-27.3368,-27.8668,-28.3975,-28.9282,-29.4597,-29.9917,-30.5242,-31.0568,-31.5902,-32.1241,-32.6584,-33.193,-33.7281,-34.2636,-34.7997,-35.3361,-35.8737,-36.4113,-36.9489,-37.4875,-38.0265,-38.5662,-39.1062,-39.6468,-40.1885,-40.7301,-41.2727,-41.816,-42.3603,-42.9047,-43.4501,-43.9966,-44.5438,-45.0917,-45.6409,-46.1908,-46.7417,-47.2939,-47.8475,-48.4022,-48.958,-49.5157,-50.0747,-50.6354,-51.1973,-51.7612,-52.3268,-52.8947,-53.4642,-54.0363,-54.6104,-55.1871,-55.7661,-56.3481,-56.9327,-57.5205,-58.111,-58.7048,-59.3021,-59.9028,-60.5078,-61.1165,-61.7291,-62.3463,-62.9677,-63.5941,-64.225,-64.8618,-65.5034,-66.1506,-66.8035,-67.4631,-68.1282,-68.8005,90,90,90,90,90,90,90,90,90,90,90,90,
90,90,90,90,90,90,90,90,90,90,90,90,68.7468,68.0753,67.4104,66.7518,66.0994,65.4532,64.8123,64.1765,63.5461,62.9201,62.2994,61.6832,61.0711,60.4629,59.8586,59.2584,58.6615,58.0682,57.4779,56.891,56.3069,55.7258,55.1468,54.5711,53.9971,53.426,52.8565,52.289,51.7238,51.1606,50.5986,50.0385,49.4804,48.9231,48.3678,47.8133,47.2601,46.7084,46.1576,45.6081,45.0595,44.5116,43.9649,43.4189,42.8736,42.3293,41.7859,41.243,40.7006,40.159,39.6178,39.0777,38.5378,37.9986,37.46,36.9215,36.384,35.8465,35.3102,34.7739,34.2383,33.7025,33.1679,32.6338,32.0995,31.5665,31.0332,30.5007,29.969,29.4373,28.9063,28.3755,27.8454,27.3157,26.7867,26.2578,25.7296,25.2021,24.6747,24.1479,23.6217,23.096,22.5707,22.0464,21.522,20.9984,20.4752,19.9522,19.4302,18.9084,18.3872,17.8663,17.3458,16.8255,16.306,15.7873,15.2681,14.7501,14.2316,13.7137,13.1963,12.6788,12.1616,11.645,11.1281,10.6116,10.0948,9.57872,9.06222,8.54539,8.02858,7.51192,6.99521,6.47798,5.9612,5.44352,4.92586,4.40808,3.89002,3.37179,2.85333,2.33473,1.816,1.29721,0.778343,0.259456,-0.259456,-0.778343,-1.29721,-1.816,-2.33473,-2.85333,-3.37179,-3.89002,-4.40808,-4.92586,-5.44352,-5.9612,-6.47798,-6.99521,-7.51192,-8.02858,-8.54539,-9.06222,-9.57872,-10.0948,-10.6116,-11.1281,-11.645,-12.1616,-12.6788,-13.1963,-13.7137,-14.2316,-14.7501,-15.2681,-15.7873,-16.306,-16.8255,-17.3458,-17.8663,-18.3872,-18.9084,-19.4302,-19.9522,-20.4752,-20.9984,-21.522,-22.0464,-22.5707,-23.096,-23.6217,-24.1479,-24.6747,-25.2021,-25.7296,-26.2578,-26.7867,-27.3157,-27.8454,-28.3755,-28.9063,-29.4373,-29.969,-30.5007,-31.0332,-31.5665,-32.0995,-32.6338,-33.1679,-33.7025,-34.2383,-34.7739,-35.3102,-35.8465,-36.384,-36.9215,-37.46,-37.9986,-38.5378,-39.0777,-39.6178,-40.159,-40.7006,-41.243,-41.7859,-42.3293,-42.8736,-43.4189,-43.9649,-44.5116,-45.0595,-45.6081,-46.1576,-46.7084,-47.2601,-47.8133,-48.3678,-48.9231,-49.4804,-50.0385,-50.5986,-51.1606,-51.7238,-52.289,-52.8565,-53.426,-53.9971,-54.5711,-55.1468,-55.7258,-56.3069,-56.891,-57.4779,-58.0682,-58.6615,-59.2584,-59.8586,-60.4629,-61.0711,-61.6832,-62.2994,-62.9201,-63.5461,-64.1765,-64.8123,-65.4532,-66.0994,-66.7518,-67.4104,-68.0753,-68.7468,90,90,90,90,90,90,90,90,90,90,90,90,
90,90,90,90,90,90,90,90,90,90,90,90,68.6965,68.026,67.3623,66.7045,66.053,65.407,64.7666,64.1317,63.5016,62.8765,62.2562,61.6405,61.0293,60.4217,59.8182,59.2181,58.6221,58.0292,57.4393,56.8529,56.2694,55.6883,55.1102,54.5344,53.9613,53.3903,52.8212,52.2547,51.6896,51.1263,50.5652,50.0055,49.4475,48.8907,48.3354,47.7817,47.229,46.6773,46.1269,45.5775,45.0293,44.4819,43.9357,43.3897,42.8452,42.3013,41.7576,41.2152,40.6732,40.1321,39.5917,39.0512,38.5118,37.9731,37.4345,36.8965,36.359,35.8224,35.2858,34.7502,34.2143,33.6798,33.1452,32.6108,32.0778,31.5444,31.0119,30.4796,29.9479,29.4166,28.8856,28.3554,27.8257,27.2964,26.7675,26.2395,25.7113,25.1843,24.6574,24.1308,23.6048,23.0793,22.5548,22.0303,21.5066,20.9835,20.4607,19.9382,19.4167,18.8948,18.3741,17.8538,17.3337,16.8145,16.2949,15.7766,15.2579,14.7399,14.2225,13.705,13.1881,12.671,12.1545,11.6377,11.1214,10.6054,10.089,9.57283,9.05692,8.54116,8.02485,7.50812,6.99191,6.47511,5.95832,5.44103,4.92365,4.40608,3.88824,3.37023,2.85205,2.33366,1.81515,1.29664,0.777988,0.25933,-0.25933,-0.777988,-1.29664,-1.81515,-2.33366,-2.85205,-3.37023,-3.88824,-4.40608,-4.92365,-5.44103,-5.95832,-6.47511,-6.99191,-7.50812,-8.02485,-8.54116,-9.05692,-9.57283,-10.089,-10.6054,-11.1214,-11.6377,-12.1545,-12.671,-13.1881,-13.705,-14.2225,-14.7399,-15.2579,-15.7766,-16.2949,-16.8145,-17.3337,-17.8538,-18.3741,-18.8948,-19.4167,-19.9382,-20.4607,-20.9835,-21.5066,-22.0303,-22.5548,-23.0793,-23.6048,-24.1308,-24.6574,-25.1843,-25.7113,-26.2395,-26.7675,-27.2964,-27.8257,-28.3554,-28.8856,-29.4166,-29.9479,-30.4796,-31.0119,-31.5444,-32.0778,-32.6108,-33.1452,-33.6798,-34.2143,-34.7502,-35.2858,-35.8224,-36.359,-36.8965,-37.4345,-37.9731,-38.5118,-39.0512,-39.5917,-40.1321,-40.6732,-41.2152,-41.7576,-42.3013,-42.8452,-43.3897,-43.9357,-44.4819,-45.0293,-45.5775,-46.1269,-46.6773,-47.229,-47.7817,-48.3354,-48.8907,-49.4475,-50.0055,-50.5652,-51.1263,-51.6896,-52.2547,-52.8212,-53.3903,-53.9613,-54.5344,-55.1102,-55.6883,-56.2694,-56.8529,-57.4393,-58.0292,-58.6221,-59.2181,-59.8182,-60.4217,-61.0293,-61.6405,-62.2562,-62.8765,-63.5016,-64.1317,-64.7666,-65.407,-66.053,-66.7045,-67.3623,-68.026,-68.6965,90,90,90,90,90,90,90,90,90,90,90,90,
90,90,90,90,90,90,90,90,90,90,90,90,68.6515,67.9812,67.3182,66.661,66.0097,65.3646,64.7252,64.0904,63.4614,62.8365,62.2172,61.6018,60.9907,60.3838,59.7809,59.1817,58.5856,57.9933,57.4038,56.8178,56.2347,55.6544,55.0767,54.501,53.9283,53.3577,52.7895,52.2229,51.6582,51.0958,50.5347,49.9754,49.4174,48.8614,48.3061,47.7523,47.2005,46.6492,46.0988,45.5502,45.002,44.455,43.9088,43.3637,42.8188,42.2753,41.732,41.19,40.6484,40.1073,39.5669,39.0269,38.4879,37.9492,37.4114,36.8735,36.3367,35.8001,35.2639,34.728,34.1933,33.6585,33.1243,32.5906,32.0572,31.5243,30.9918,30.4599,29.9286,29.3978,28.8672,28.3374,27.8077,27.2788,26.7503,26.2221,25.6945,25.1677,24.641,24.1149,23.5898,23.0648,22.5402,22.0161,21.4928,20.97,20.4473,19.9252,19.404,18.8828,18.3625,17.8426,17.323,16.8037,16.2851,15.7668,15.2485,14.7309,14.2139,13.6969,13.1799,12.6638,12.1472,11.6315,11.1156,10.6,10.084,9.56838,9.05236,8.53697,8.02063,7.50485,6.98853,6.47226,5.95587,5.4388,4.92171,4.40432,3.88666,3.36883,2.85077,2.33259,1.81434,1.29599,0.777572,0.259199,-0.259199,-0.777572,-1.29599,-1.81434,-2.33259,-2.85077,-3.36883,-3.88666,-4.40432,-4.92171,-5.4388,-5.95587,-6.47226,-6.98853,-7.50485,-8.02063,-8.53697,-9.05236,-9.56838,-10.084,-10.6,-11.1156,-11.6315,-12.1472,-12.6638,-13.1799,-13.6969,-14.2139,-14.7309,-15.2485,-15.7668,-16.2851,-16.8037,-17.323,-17.8426,-18.3625,-18.8828,-19.404,-19.9252,-20.4473,-20.97,-21.4928,-22.0161,-22.5402,-23.0648,-23.5898,-24.1149,-24.641,-25.1677,-25.6945,-26.2221,-26.7503,-27.2788,-27.8077,-28.3374,-28.8672,-29.3978,-29.9286,-30.4599,-30.9918,-31.5243,-32.0572,-32.5906,-33.1243,-33.6585,-34.1933,-34.728,-35.2639,-35.8001,-36.3367,-36.8735,-37.4114,-37.9492,-38.4879,-39.0269,-39.5669,-40.1073,-40.6484,-41.19,-41.732,-42.2753,-42.8188,-43.3637,-43.9088,-44.455,-45.002,-45.5502,-46.0988,-46.6492,-47.2005,-47.7523,-48.3061,-48.8614,-49.4174,-49.9754,-50.5347,-51.0958,-51.6582,-52.2229,-52.7895,-53.3577,-53.9283,-54.501,-55.0767,-55.6544,-56.2347,-56.8178,-57.4038,-57.9933,-58.5856,-59.1817,-59.7809,-60.3838,-60.9907,-61.6018,-62.2172,-62.8365,-63.4614,-64.0904,-64.7252,-65.3646,-66.0097,-66.661,-67.3182,-67.9812,-68.6515,90,90,90,90,90,90,90,90,90,90,90,90,
90,90,90,90,90,90,90,90,90,90,90,90,68.6102,67.9408,67.2782,66.6217,65.9713,65.3265,64.6872,64.0533,63.4247,62.8006,62.1816,61.5663,60.9559,60.3496,59.747,59.1482,58.5527,57.9605,57.3719,56.7859,56.2032,55.6233,55.0456,54.4711,53.8984,53.3281,52.7603,52.194,51.6297,51.0676,50.507,49.9477,49.3904,48.8343,48.2795,47.7265,47.1742,46.6233,46.0737,45.5247,44.9772,44.4302,43.8844,43.3396,42.7951,42.2516,41.7094,41.167,40.6258,40.0846,39.545,39.005,38.466,37.9281,37.3899,36.8527,36.316,35.7792,35.2435,34.708,34.1732,33.6387,33.1049,32.5717,32.0387,31.5061,30.974,30.442,29.9111,29.3807,28.8506,28.3206,27.7913,27.2629,26.7347,26.2069,25.6798,25.1528,24.6265,24.1008,23.5756,23.051,22.5268,22.0031,21.4802,20.9573,20.4356,19.9139,19.3925,18.8722,18.3519,17.8324,17.3132,16.7942,16.2761,15.7581,15.2403,14.7231,14.206,13.6894,13.1732,12.6571,12.1414,11.6256,11.1101,10.5949,10.0794,9.56414,9.04844,8.53298,8.01755,7.50169,6.98579,6.46987,5.95332,5.43679,4.91989,4.40264,3.88517,3.36747,2.84954,2.3315,1.81338,1.29527,0.77717,0.259046,-0.259046,-0.77717,-1.29527,-1.81338,-2.3315,-2.84954,-3.36747,-3.88517,-4.40264,-4.91989,-5.43679,-5.95332,-6.46987,-6.98579,-7.50169,-8.01755,-8.53298,-9.04844,-9.56414,-10.0794,-10.5949,-11.1101,-11.6256,-12.1414,-12.6571,-13.1732,-13.6894,-14.206,-14.7231,-15.2403,-15.7581,-16.2761,-16.7942,-17.3132,-17.8324,-18.3519,-18.8722,-19.3925,-19.9139,-20.4356,-20.9573,-21.4802,-22.0031,-22.5268,-23.051,-23.5756,-24.1008,-24.6265,-25.1528,-25.6798,-26.2069,-26.7347,-27.2629,-27.7913,-28.3206,-28.8506,-29.3807,-29.9111,-30.442,-30.974,-31.5061,-32.0387,-32.5717,-33.1049,-33.6387,-34.1732,-34.708,-35.2435,-35.7792,-36.316,-36.8527,-37.3899,-37.9281,-38.466,-39.005,-39.545,-40.0846,-40.6258,-41.167,-41.7094,-42.2516,-42.7951,-43.3396,-43.8844,-44.4302,-44.9772,-45.5247,-46.0737,-46.6233,-47.1742,-47.7265,-48.2795,-48.8343,-49.3904,-49.9477,-50.507,-51.0676,-51.6297,-52.194,-52.7603,-53.3281,-53.8984,-54.4711,-55.0456,-55.6233,-56.2032,-56.7859,-57.3719,-57.9605,-58.5527,-59.1482,-59.747,-60.3496,-60.9559,-61.5663,-62.1816,-62.8006,-63.4247,-64.0533,-64.6872,-65.3265,-65.9713,-66.6217,-67.2782,-67.9408,-68.6102,90,90,90,90,90,90,90,90,90,90,90,90,
90,90,90,90,90,90,90,90,90,90,90,90,68.5731,67.904,67.2423,66.5859,65.9358,65.2919,64.6534,64.0199,63.3913,62.7684,62.1494,61.5349,60.9249,60.3189,59.7166,59.1178,58.5229,57.9313,57.343,56.7578,56.1754,55.5958,55.0185,54.4439,53.8718,53.3019,52.7341,52.1681,51.6041,51.0421,50.4817,49.9227,49.3658,48.8101,48.256,47.7029,47.1509,46.6003,46.0507,45.5024,44.9549,44.4082,43.8627,43.3179,42.7741,42.2305,41.6883,41.1462,40.6053,40.0645,39.5249,38.9856,38.4469,37.9089,37.3711,36.8342,36.2974,35.7615,35.2255,34.6904,34.1556,33.6219,33.0876,32.5547,32.0221,31.4894,30.9576,30.4265,29.8955,29.3649,28.8351,28.306,27.7771,27.2485,26.7202,26.1927,25.666,25.1394,24.6134,24.0881,23.5633,23.039,22.5152,21.9913,21.4688,20.9462,20.4244,19.9036,19.3825,18.8621,18.3421,17.823,17.3042,16.7856,16.2678,15.7502,15.2327,14.7159,14.1992,13.683,13.1671,12.6514,12.1355,11.6206,11.1055,10.59,10.075,9.5601,9.04477,8.52969,8.01462,7.49907,6.98354,6.46749,5.95132,5.43499,4.91818,4.40108,3.8837,3.36606,2.84826,2.33031,1.81234,1.29444,0.776601,0.258862,-0.258862,-0.776601,-1.29444,-1.81234,-2.33031,-2.84826,-3.36606,-3.8837,-4.40108,-4.91818,-5.43499,-5.95132,-6.46749,-6.98354,-7.49907,-8.01462,-8.52969,-9.04477,-9.5601,-10.075,-10.59,-11.1055,-11.6206,-12.1355,-12.6514,-13.1671,-13.683,-14.1992,-14.7159,-15.2327,-15.7502,-16.2678,-16.7856,-17.3042,-17.823,-18.3421,-18.8621,-19.3825,-19.9036,-20.4244,-20.9462,-21.4688,-21.9913,-22.5152,-23.039,-23.5633,-24.0881,-24.6134,-25.1394,-25.666,-26.1927,-26.7202,-27.2485,-27.7771,-28.306,-28.8351,-29.3649,-29.8955,-30.4265,-30.9576,-31.4894,-32.0221,-32.5547,-33.0876,-33.6219,-34.1556,-34.6904,-35.2255,-35.7615,-36.2974,-36.8342,-37.3711,-37.9089,-38.4469,-38.9856,-39.5249,-40.0645,-40.6053,-41.1462,-41.6883,-42.2305,-42.7741,-43.3179,-43.8627,-44.4082,-44.9549,-45.5024,-46.0507,-46.6003,-47.1509,-47.7029,-48.256,-48.8101,-49.3658,-49.9227,-50.4817,-51.0421,-51.6041,-52.1681,-52.7341,-53.3019,-53.8718,-54.4439,-55.0185,-55.5958,-56.1754,-56.7578,-57.343,-57.9313,-58.5229,-59.1178,-59.7166,-60.3189,-60.9249,-61.5349,-62.1494,-62.7684,-63.3913,-64.0199,-64.6534,-65.2919,-65.9358,-66.5859,-67.2423,-67.904,-68.5731,90,90,90,90,90,90,90,90,90,90,90,90,
90,90,90,90,90,90,90,90,90,90,90,90,68.5399,67.8714,67.21,66.5546,65.9051,65.2615,64.6233,63.9901,63.3623,62.7394,62.1208,61.5066,60.897,60.2913,59.6893,59.0916,58.4966,57.9053,57.3173,56.7324,56.1503,55.5706,54.9941,54.4202,53.8481,53.2784,52.7109,52.1449,51.5812,51.0197,50.4597,49.9014,49.3444,48.7885,48.2347,47.6816,47.1303,46.58,46.0307,45.4826,44.9351,44.3887,43.8434,43.2985,42.755,42.2117,41.6694,41.128,40.5871,40.047,39.5072,38.9682,38.4298,37.8913,37.3542,36.8172,36.2807,35.7451,35.2095,34.6747,34.1401,33.6063,33.0727,32.5398,32.007,31.4751,30.9432,30.4126,29.8816,29.3514,28.8219,28.2927,27.764,27.2353,26.7078,26.1806,25.6537,25.1274,24.6023,24.0768,23.552,23.0278,22.5041,21.9813,21.4586,20.9368,20.4153,19.8943,19.3736,18.8535,18.3338,17.815,17.2965,16.7783,16.2603,15.743,15.2259,14.7094,14.1935,13.6771,13.1616,12.6462,12.1312,11.616,11.1012,10.5861,10.0714,9.55673,9.04183,8.52699,8.01234,7.49712,6.98135,6.46557,5.94973,5.43334,4.91664,4.39959,3.8822,3.36461,2.8468,2.32891,1.81108,1.29342,0.775923,0.258616,-0.258616,-0.775923,-1.29342,-1.81108,-2.32891,-2.8468,-3.36461,-3.8822,-4.39959,-4.91664,-5.43334,-5.94973,-6.46557,-6.98135,-7.49712,-8.01234,-8.52699,-9.04183,-9.55673,-10.0714,-10.5861,-11.1012,-11.616,-12.1312,-12.6462,-13.1616,-13.6771,-14.1935,-14.7094,-15.2259,-15.743,-16.2603,-16.7783,-17.2965,-17.815,-18.3338,-18.8535,-19.3736,-19.8943,-20.4153,-20.9368,-21.4586,-21.9813,-22.5041,-23.0278,-23.552,-24.0768,-24.6023,-25.1274,-25.6537,-26.1806,-26.7078,-27.2353,-27.764,-28.2927,-28.8219,-29.3514,-29.8816,-30.4126,-30.9432,-31.4751,-32.007,-32.5398,-33.0727,-33.6063,-34.1401,-34.6747,-35.2095,-35.7451,-36.2807,-36.8172,-37.3542,-37.8913,-38.4298,-38.9682,-39.5072,-40.047,-40.5871,-41.128,-41.6694,-42.2117,-42.755,-43.2985,-43.8434,-44.3887,-44.9351,-45.4826,-46.0307,-46.58,-47.1303,-47.6816,-48.2347,-48.7885,-49.3444,-49.9014,-50.4597,-51.0197,-51.5812,-52.1449,-52.7109,-53.2784,-53.8481,-54.4202,-54.9941,-55.5706,-56.1503,-56.7324,-57.3173,-57.9053,-58.4966,-59.0916,-59.6893,-60.2913,-60.897,-61.5066,-62.1208,-62.7394,-63.3623,-63.9901,-64.6233,-65.2615,-65.9051,-66.5546,-67.21,-67.8714,-68.5399,90,90,90,90,90,90,90,90,90,90,90,90,
90,90,90,90,90,90,90,90,90,90,90,90,68.5114,67.8435,67.182,66.5267,65.8777,65.2346,64.5967,63.9642,63.3367,62.714,62.0956,61.4822,60.8729,60.2674,59.6659,59.0679,58.4738,57.8827,57.2949,56.7103,56.1281,55.549,54.9727,54.3987,53.8268,53.2575,52.6902,52.1249,51.5614,50.9999,50.4401,49.8821,49.3253,48.7701,48.2161,47.6632,47.1122,46.5622,46.0127,45.465,44.918,44.3715,43.8261,43.2819,42.7383,42.1956,41.6532,41.112,40.5714,40.0315,39.492,38.9529,38.4144,37.8769,37.3396,36.8029,36.2667,35.7305,35.1955,34.6606,34.1263,33.5928,33.0595,32.5264,31.9938,31.4622,30.9311,30.3998,29.8696,29.3397,28.81,28.281,27.7524,27.2241,26.697,26.1696,25.6434,25.1174,24.592,24.0668,23.5424,23.0184,22.495,21.9725,21.45,20.928,20.4068,19.8861,19.3656,18.8458,18.3264,17.8079,17.2891,16.7712,16.254,15.737,15.2202,14.704,14.1878,13.6721,13.1565,12.6414,12.1267,11.6118,11.0973,10.583,10.0686,9.55366,9.03961,8.52449,8.01006,7.49512,6.97972,6.46423,5.94811,5.4319,4.91526,4.39817,3.88073,3.36307,2.84518,2.32723,1.80948,1.292,0.774955,0.258273,-0.258273,-0.774955,-1.292,-1.80948,-2.32723,-2.84518,-3.36307,-3.88073,-4.39817,-4.91526,-5.4319,-5.94811,-6.46423,-6.97972,-7.49512,-8.01006,-8.52449,-9.03961,-9.55366,-10.0686,-10.583,-11.0973,-11.6118,-12.1267,-12.6414,-13.1565,-13.6721,-14.1878,-14.704,-15.2202,-15.737,-16.254,-16.7712,-17.2891,-17.8079,-18.3264,-18.8458,-19.3656,-19.8861,-20.4068,-20.928,-21.45,-21.9725,-22.495,-23.0184,-23.5424,-24.0668,-24.592,-25.1174,-25.6434,-26.1696,-26.697,-27.2241,-27.7524,-28.281,-28.81,-29.3397,-29.8696,-30.3998,-30.9311,-31.4622,-31.9938,-32.5264,-33.0595,-33.5928,-34.1263,-34.6606,-35.1955,-35.7305,-36.2667,-36.8029,-37.3396,-37.8769,-38.4144,-38.9529,-39.492,-40.0315,-40.5714,-41.112,-41.6532,-42.1956,-42.7383,-43.2819,-43.8261,-44.3715,-44.918,-45.465,-46.0127,-46.5622,-47.1122,-47.6632,-48.2161,-48.7701,-49.3253,-49.8821,-50.4401,-50.9999,-51.5614,-52.1249,-52.6902,-53.2575,-53.8268,-54.3987,-54.9727,-55.549,-56.1281,-56.7103,-57.2949,-57.8827,-58.4738,-59.0679,-59.6659,-60.2674,-60.8729,-61.4822,-62.0956,-62.714,-63.3367,-63.9642,-64.5967,-65.2346,-65.8777,-66.5267,-67.182,-67.8435,-68.5114,90,90,90,90,90,90,90,90,90,90,90,90,
90,90,90,90,90,90,90,90,90,90,90,90,68.4868,67.8189,67.1584,66.5033,65.8548,65.2114,64.5742,63.942,63.3147,62.692,62.0746,61.4611,60.852,60.2467,59.6457,59.0481,58.4542,57.8633,57.2755,56.6914,56.1098,55.531,54.9546,54.3808,53.8092,53.24,52.6729,52.1078,51.5446,50.9833,50.4237,49.8655,49.3089,48.7536,48.2002,47.6476,47.0964,46.5466,45.9977,45.4502,44.9031,44.3568,43.8116,43.2676,42.7242,42.1818,41.6395,41.0986,40.5577,40.0177,39.4785,38.9399,38.4016,37.8636,37.3266,36.7901,36.2541,35.7185,35.1834,34.6491,34.1147,33.5809,33.0478,32.5154,31.9834,31.4513,30.9199,30.3893,29.8589,29.3292,28.7997,28.271,27.7426,27.2146,26.6877,26.1605,25.6346,25.1083,24.583,24.0582,23.534,23.0103,22.4871,21.9643,21.4424,20.9209,20.3999,19.8787,19.3587,18.8391,18.3205,17.8017,17.2837,16.766,16.2485,15.7318,15.2152,14.6992,14.1833,13.6678,13.1525,12.6376,12.1231,11.6085,11.0942,10.5797,10.0654,9.55135,9.03689,8.52268,8.00792,7.49324,6.97801,6.46277,5.94691,5.43061,4.91394,4.3968,3.87927,3.36136,2.84327,2.32517,1.80733,1.29004,0.773543,0.257751,-0.257751,-0.773543,-1.29004,-1.80733,-2.32517,-2.84327,-3.36136,-3.87927,-4.3968,-4.91394,-5.43061,-5.94691,-6.46277,-6.97801,-7.49324,-8.00792,-8.52268,-9.03689,-9.55135,-10.0654,-10.5797,-11.0942,-11.6085,-12.1231,-12.6376,-13.1525,-13.6678,-14.1833,-14.6992,-15.2152,-15.7318,-16.2485,-16.766,-17.2837,-17.8017,-18.3205,-18.8391,-19.3587,-19.8787,-20.3999,-20.9209,-21.4424,-21.9643,-22.4871,-23.0103,-23.534,-24.0582,-24.583,-25.1083,-25.6346,-26.1605,-26.6877,-27.2146,-27.7426,-28.271,-28.7997,-29.3292,-29.8589,-30.3893,-30.9199,-31.4513,-31.9834,-32.5154,-33.0478,-33.5809,-34.1147,-34.6491,-35.1834,-35.7185,-36.2541,-36.7901,-37.3266,-37.8636,-38.4016,-38.9399,-39.4785,-40.0177,-40.5577,-41.0986,-41.6395,-42.1818,-42.7242,-43.2676,-43.8116,-44.3568,-44.9031,-45.4502,-45.9977,-46.5466,-47.0964,-47.6476,-48.2002,-48.7536,-49.3089,-49.8655,-50.4237,-50.9833,-51.5446,-52.1078,-52.6729,-53.24,-53.8092,-54.3808,-54.9546,-55.531,-56.1098,-56.6914,-57.2755,-57.8633,-58.4542,-59.0481,-59.6457,-60.2467,-60.852,-61.4611,-62.0746,-62.692,-63.3147,-63.942,-64.5742,-65.2114,-65.8548,-66.5033,-67.1584,-67.8189,-68.4868,90,90,90,90,90,90,90,90,90,90,90,90,
90,90,90,90,90,90,90,90,90,90,90,90,68.4659,67.7989,67.1383,66.484,65.8351,65.1925,64.5554,63.9234,63.2965,62.6742,62.0567,61.4434,60.8348,60.2299,59.6291,59.0317,58.4375,57.8472,57.2596,56.6753,56.0943,55.5153,54.9395,54.3655,53.7944,53.2255,52.6586,52.0932,51.5306,50.9695,50.4097,49.8517,49.2957,48.7406,48.187,47.6349,47.0835,46.5339,45.9852,45.437,44.8905,44.3448,43.7999,43.256,42.7124,42.1698,41.6277,41.087,40.5463,40.0069,39.4674,38.9286,38.3905,37.8535,37.3162,36.7795,36.2438,35.7084,35.1735,34.6389,34.1051,33.5716,33.0387,32.5063,31.9742,31.4426,30.911,30.3807,29.8504,29.3204,28.7917,28.2626,27.7345,27.2067,26.6799,26.153,25.6267,25.1012,24.576,24.0515,23.5269,23.0034,22.4804,21.9578,21.4362,20.9148,20.3935,19.873,19.3532,18.8339,18.3149,17.7968,17.2785,16.761,16.2443,15.7272,15.2114,14.6951,14.1799,13.6641,13.1495,12.6348,12.12,11.6061,11.0914,10.5777,10.0636,9.54924,9.03499,8.5209,8.00643,7.49195,6.97693,6.46133,5.94567,5.42941,4.91272,4.39546,3.87774,3.35958,2.84107,2.32256,1.80446,1.28722,0.771398,0.256923,-0.256923,-0.771398,-1.28722,-1.80446,-2.32256,-2.84107,-3.35958,-3.87774,-4.39546,-4.91272,-5.42941,-5.94567,-6.46133,-6.97693,-7.49195,-8.00643,-8.5209,-9.03499,-9.54924,-10.0636,-10.5777,-11.0914,-11.6061,-12.12,-12.6348,-13.1495,-13.6641,-14.1799,-14.6951,-15.2114,-15.7272,-16.2443,-16.761,-17.2785,-17.7968,-18.3149,-18.8339,-19.3532,-19.873,-20.3935,-20.9148,-21.4362,-21.9578,-22.4804,-23.0034,-23.5269,-24.0515,-24.576,-25.1012,-25.6267,-26.153,-26.6799,-27.2067,-27.7345,-28.2626,-28.7917,-29.3204,-29.8504,-30.3807,-30.911,-31.4426,-31.9742,-32.5063,-33.0387,-33.5716,-34.1051,-34.6389,-35.1735,-35.7084,-36.2438,-36.7795,-37.3162,-37.8535,-38.3905,-38.9286,-39.4674,-40.0069,-40.5463,-41.087,-41.6277,-42.1698,-42.7124,-43.256,-43.7999,-44.3448,-44.8905,-45.437,-45.9852,-46.5339,-47.0835,-47.6349,-48.187,-48.7406,-49.2957,-49.8517,-50.4097,-50.9695,-51.5306,-52.0932,-52.6586,-53.2255,-53.7944,-54.3655,-54.9395,-55.5153,-56.0943,-56.6753,-57.2596,-57.8472,-58.4375,-59.0317,-59.6291,-60.2299,-60.8348,-61.4434,-62.0567,-62.6742,-63.2965,-63.9234,-64.5554,-65.1925,-65.8351,-66.484,-67.1383,-67.7989,-68.4659,90,90,90,90,90,90,90,90,90,90,90,90,
90,90,90,90,90,90,90,90,90,90,90,90,68.4499,67.7828,67.1224,66.4682,65.8202,65.1777,64.5405,63.9086,63.2819,62.6598,62.0425,61.4298,60.821,60.2161,59.6151,59.0182,58.4245,57.8345,57.2469,56.6628,56.0817,55.5028,54.9271,54.3536,53.7827,53.2136,52.6468,52.082,51.5191,50.9581,50.3985,49.8411,49.2848,48.7299,48.1764,47.6245,47.0736,46.5237,45.9748,45.4276,44.8808,44.3349,43.7901,43.2459,42.7029,42.1604,41.6189,41.0779,40.5378,39.9977,39.4588,38.9201,38.3822,37.8445,37.3078,36.7713,36.2357,35.7005,35.1653,34.6313,34.0972,33.5638,33.0311,32.4984,31.9664,31.4349,30.9041,30.3734,29.8433,29.3139,28.7849,28.2565,27.7279,27.2003,26.6732,26.1469,25.6206,25.0949,24.57,24.0455,23.5217,22.9984,22.475,21.9531,21.4311,20.9099,20.3887,19.8684,19.3488,18.8296,18.3108,17.7923,17.2747,16.7574,16.2403,15.7239,15.2077,14.6921,14.1765,13.6614,13.1464,12.6319,12.1178,11.6036,11.0896,10.5755,10.0615,9.54789,9.03381,8.51931,8.0055,7.49062,6.97577,6.46034,5.94486,5.42847,4.91167,4.39428,3.87623,3.35767,2.8387,2.3195,1.80074,1.28313,0.767934,0.255505,-0.255505,-0.767934,-1.28313,-1.80074,-2.3195,-2.8387,-3.35767,-3.87623,-4.39428,-4.91167,-5.42847,-5.94486,-6.46034,-6.97577,-7.49062,-8.0055,-8.51931,-9.03381,-9.54789,-10.0615,-10.5755,-11.0896,-11.6036,-12.1178,-12.6319,-13.1464,-13.6614,-14.1765,-14.6921,-15.2077,-15.7239,-16.2403,-16.7574,-17.2747,-17.7923,-18.3108,-18.8296,-19.3488,-19.8684,-20.3887,-20.9099,-21.4311,-21.9531,-22.475,-22.9984,-23.5217,-24.0455,-24.57,-25.0949,-25.6206,-26.1469,-26.6732,-27.2003,-27.7279,-28.2565,-28.7849,-29.3139,-29.8433,-30.3734,-30.9041,-31.4349,-31.9664,-32.4984,-33.0311,-33.5638,-34.0972,-34.6313,-35.1653,-35.7005,-36.2357,-36.7713,-37.3078,-37.8445,-38.3822,-38.9201,-39.4588,-39.9977,-40.5378,-41.0779,-41.6189,-42.1604,-42.7029,-43.2459,-43.7901,-44.3349,-44.8808,-45.4276,-45.9748,-46.5237,-47.0736,-47.6245,-48.1764,-48.7299,-49.2848,-49.8411,-50.3985,-50.9581,-51.5191,-52.082,-52.6468,-53.2136,-53.7827,-54.3536,-54.9271,-55.5028,-56.0817,-56.6628,-57.2469,-57.8345,-58.4245,-59.0182,-59.6151,-60.2161,-60.821,-61.4298,-62.0425,-62.6598,-63.2819,-63.9086,-64.5405,-65.1777,-65.8202,-66.4682,-67.1224,-67.7828,-68.4499,90,90,90,90,90,90,90,90,90,90,90,90,
90,90,90,90,90,90,90,90,90,90,90,90,68.4377,67.7707,67.1104,66.4563,65.8083,65.1659,64.5288,63.8975,63.2709,62.6494,62.0322,61.4191,60.8105,60.2061,59.6053,59.0081,58.4146,57.8247,57.2377,56.6532,56.0722,55.4942,54.9178,54.3449,53.7737,53.2046,52.6379,52.0733,51.511,50.9501,50.3906,49.8328,49.2767,48.7218,48.1689,47.6166,47.0655,46.5157,45.9673,45.4198,44.8732,44.3277,43.783,43.239,42.696,42.1533,41.6119,41.071,40.5306,39.9911,39.4518,38.9137,38.3759,37.8383,37.3013,36.7653,36.2297,35.6943,35.1592,34.6253,34.0917,33.5585,33.025,32.493,31.9611,31.4297,30.8985,30.3684,29.8384,29.3087,28.7797,28.2515,27.7231,27.1956,26.6683,26.1419,25.6162,25.0907,24.5658,24.0415,23.5173,22.9941,22.4713,21.949,21.4271,20.906,20.3855,19.8654,19.3453,18.8262,18.3075,17.7898,17.2717,16.7545,16.2375,15.7213,15.2052,14.6897,14.1743,13.6593,13.1444,12.63,12.1161,11.6019,11.0881,10.5741,10.0602,9.54674,9.03278,8.51841,8.00415,7.48997,6.97524,6.45993,5.944,5.42774,4.91078,4.39324,3.87496,3.35595,2.83625,2.31614,1.7961,1.27732,0.762069,0.252782,-0.252782,-0.762069,-1.27732,-1.7961,-2.31614,-2.83625,-3.35595,-3.87496,-4.39324,-4.91078,-5.42774,-5.944,-6.45993,-6.97524,-7.48997,-8.00415,-8.51841,-9.03278,-9.54674,-10.0602,-10.5741,-11.0881,-11.6019,-12.1161,-12.63,-13.1444,-13.6593,-14.1743,-14.6897,-15.2052,-15.7213,-16.2375,-16.7545,-17.2717,-17.7898,-18.3075,-18.8262,-19.3453,-19.8654,-20.3855,-20.906,-21.4271,-21.949,-22.4713,-22.9941,-23.5173,-24.0415,-24.5658,-25.0907,-25.6162,-26.1419,-26.6683,-27.1956,-27.7231,-28.2515,-28.7797,-29.3087,-29.8384,-30.3684,-30.8985,-31.4297,-31.9611,-32.493,-33.025,-33.5585,-34.0917,-34.6253,-35.1592,-35.6943,-36.2297,-36.7653,-37.3013,-37.8383,-38.3759,-38.9137,-39.4518,-39.9911,-40.5306,-41.071,-41.6119,-42.1533,-42.696,-43.239,-43.783,-44.3277,-44.8732,-45.4198,-45.9673,-46.5157,-47.0655,-47.6166,-48.1689,-48.7218,-49.2767,-49.8328,-50.3906,-50.9501,-51.511,-52.0733,-52.6379,-53.2046,-53.7737,-54.3449,-54.9178,-55.4942,-56.0722,-56.6532,-57.2377,-57.8247,-58.4146,-59.0081,-59.6053,-60.2061,-60.8105,-61.4191,-62.0322,-62.6494,-63.2709,-63.8975,-64.5288,-65.1659,-65.8083,-66.4563,-67.1104,-67.7707,-68.4377,90,90,90,90,90,90,90,90,90,90,90,90,
90,90,90,90,90,90,90,90,90,90,90,90,68.4292,67.7628,67.1024,66.4483,65.8006,65.1585,64.5218,63.8898,63.2635,62.6418,62.0247,61.4125,60.8039,60.1993,59.5985,59.0015,58.408,57.8181,57.2312,56.6468,56.0658,55.488,54.9121,54.3388,53.7676,53.1991,52.6325,52.0679,51.5052,50.9444,50.385,49.8272,49.2712,48.7164,48.1632,47.611,47.0608,46.5111,45.9623,45.4149,44.8683,44.3229,43.7779,43.2344,42.6911,42.1488,41.6071,41.0663,40.526,39.9869,39.4477,38.9093,38.3716,37.8341,37.2971,36.7611,36.2257,35.6903,35.1553,34.6211,34.0875,33.5543,33.0215,32.4895,31.9572,31.4259,30.8948,30.3648,29.8349,29.3052,28.7763,28.2481,27.7198,27.1924,26.6652,26.1389,25.6133,25.0878,24.563,24.0388,23.5147,22.9915,22.4689,21.9467,21.4248,20.9038,20.3829,19.8628,19.3433,18.8244,18.3058,17.7875,17.2701,16.7524,16.2361,15.7199,15.2039,14.6879,14.1731,13.6577,13.1434,12.6291,12.1147,11.6012,11.0869,10.5735,10.0598,9.54579,9.03191,8.51819,8.00401,7.48934,6.9747,6.45947,5.94362,5.42716,4.91017,4.39248,3.87394,3.35453,2.83416,2.31302,1.79129,1.26994,0.752092,0.246387,-0.246387,-0.752092,-1.26994,-1.79129,-2.31302,-2.83416,-3.35453,-3.87394,-4.39248,-4.91017,-5.42716,-5.94362,-6.45947,-6.9747,-7.48934,-8.00401,-8.51819,-9.03191,-9.54579,-10.0598,-10.5735,-11.0869,-11.6012,-12.1147,-12.6291,-13.1434,-13.6577,-14.1731,-14.6879,-15.2039,-15.7199,-16.2361,-16.7524,-17.2701,-17.7875,-18.3058,-18.8244,-19.3433,-19.8628,-20.3829,-20.9038,-21.4248,-21.9467,-22.4689,-22.9915,-23.5147,-24.0388,-24.563,-25.0878,-25.6133,-26.1389,-26.6652,-27.1924,-27.7198,-28.2481,-28.7763,-29.3052,-29.8349,-30.3648,-30.8948,-31.4259,-31.9572,-32.4895,-33.0215,-33.5543,-34.0875,-34.6211,-35.1553,-35.6903,-36.2257,-36.7611,-37.2971,-37.8341,-38.3716,-38.9093,-39.4477,-39.9869,-40.526,-41.0663,-41.6071,-42.1488,-42.6911,-43.2344,-43.7779,-44.3229,-44.8683,-45.4149,-45.9623,-46.5111,-47.0608,-47.611,-48.1632,-48.7164,-49.2712,-49.8272,-50.385,-50.9444,-51.5052,-52.0679,-52.6325,-53.1991,-53.7676,-54.3388,-54.9121,-55.488,-56.0658,-56.6468,-57.2312,-57.8181,-58.408,-59.0015,-59.5985,-60.1993,-60.8039,-61.4125,-62.0247,-62.6418,-63.2635,-63.8898,-64.5218,-65.1585,-65.8006,-66.4483,-67.1024,-67.7628,-68.4292,90,90,90,90,90,90,90,90,90,90,90,90,
90,90,90,90,90,90,90,90,90,90,90,90,68.4253,67.7584,67.0988,66.4448,65.7968,65.1546,64.5176,63.8864,63.2599,62.6385,62.0214,61.4085,60.8004,60.1959,59.5955,58.9984,58.405,57.8148,57.228,56.6436,56.063,55.4848,54.909,54.3357,53.7646,53.1961,52.6296,52.065,51.5023,50.9412,50.3822,49.8249,49.2685,48.7141,48.1605,47.6084,47.0582,46.5085,45.9598,45.4124,44.8659,44.3201,43.7756,43.2321,42.6888,42.1466,41.6053,41.0642,40.5239,39.9844,39.4457,38.9069,38.3692,37.8317,37.2953,36.7593,36.2235,35.6881,35.1535,34.6194,34.0859,33.5523,33.0194,32.4875,31.9558,31.424,30.8934,30.363,29.8331,29.3035,28.7746,28.2465,27.7182,27.1908,26.6637,26.1374,25.6118,25.0864,24.5611,24.037,23.5134,22.9903,22.4671,21.9455,21.4237,20.9022,20.3818,19.8618,19.3424,18.8229,18.3043,17.7866,17.2687,16.7517,16.2348,15.7187,15.2027,14.6873,14.172,13.6571,13.143,12.6281,12.1143,11.6003,11.0865,10.5727,10.059,9.54559,9.03175,8.51751,8.00337,7.48874,6.97414,6.45896,5.94315,5.4269,4.90989,4.39207,3.87336,3.35369,2.83296,2.31109,1.788,1.26371,0.739141,0.224689,-0.224689,-0.739141,-1.26371,-1.788,-2.31109,-2.83296,-3.35369,-3.87336,-4.39207,-4.90989,-5.4269,-5.94315,-6.45896,-6.97414,-7.48874,-8.00337,-8.51751,-9.03175,-9.54559,-10.059,-10.5727,-11.0865,-11.6003,-12.1143,-12.6281,-13.143,-13.6571,-14.172,-14.6873,-15.2027,-15.7187,-16.2348,-16.7517,-17.2687,-17.7866,-18.3043,-18.8229,-19.3424,-19.8618,-20.3818,-20.9022,-21.4237,-21.9455,-22.4671,-22.9903,-23.5134,-24.037,-24.5611,-25.0864,-25.6118,-26.1374,-26.6637,-27.1908,-27.7182,-28.2465,-28.7746,-29.3035,-29.8331,-30.363,-30.8934,-31.424,-31.9558,-32.4875,-33.0194,-33.5523,-34.0859,-34.6194,-35.1535,-35.6881,-36.2235,-36.7593,-37.2953,-37.8317,-38.3692,-38.9069,-39.4457,-39.9844,-40.5239,-41.0642,-41.6053,-42.1466,-42.6888,-43.2321,-43.7756,-44.3201,-44.8659,-45.4124,-45.9598,-46.5085,-47.0582,-47.6084,-48.1605,-48.7141,-49.2685,-49.8249,-50.3822,-50.9412,-51.5023,-52.065,-52.6296,-53.1961,-53.7646,-54.3357,-54.909,-55.4848,-56.063,-56.6436,-57.228,-57.8148,-58.405,-58.9984,-59.5955,-60.1959,-60.8004,-61.4085,-62.0214,-62.6385,-63.2599,-63.8864,-64.5176,-65.1546,-65.7968,-66.4448,-67.0988,-67.7584,-68.4253,90,90,90,90,90,90,90,90,90,90,90,90,
90,90,90,90,90,90,90,90,90,90,90,90,68.4253,67.7584,67.0988,66.4448,65.7968,65.1546,64.5176,63.8864,63.2599,62.6385,62.0214,61.4085,60.8004,60.1959,59.5955,58.9984,58.405,57.8148,57.228,56.6436,56.063,55.4848,54.909,54.3357,53.7646,53.1961,52.6296,52.065,51.5023,50.9412,50.3822,49.8249,49.2685,48.7141,48.1605,47.6084,47.0582,46.5085,45.9598,45.4124,44.8659,44.3201,43.7756,43.2321,42.6888,42.1466,41.6053,41.0642,40.5239,39.9844,39.4457,38.9069,38.3692,37.8317,37.2953,36.7593,36.2235,35.6881,35.1535,34.6194,34.0859,33.5523,33.0194,32.4875,31.9558,31.424,30.8934,30.363,29.8331,29.3035,28.7746,28.2465,27.7182,27.1908,26.6637,26.1374,25.6118,25.0864,24.5611,24.037,23.5134,22.9903,22.4671,21.9455,21.4237,20.9022,20.3818,19.8618,19.3424,18.8229,18.3043,17.7866,17.2687,16.7517,16.2348,15.7187,15.2027,14.6873,14.172,13.6571,13.143,12.6281,12.1143,11.6003,11.0865,10.5727,10.059,9.54559,9.03175,8.51751,8.00337,7.48874,6.97414,6.45896,5.94315,5.4269,4.90989,4.39207,3.87336,3.35369,2.83296,2.31109,1.788,1.26371,0.739141,0.224689,-0.224689,-0.739141,-1.26371,-1.788,-2.31109,-2.83296,-3.35369,-3.87336,-4.39207,-4.90989,-5.4269,-5.94315,-6.45896,-6.97414,-7.48874,-8.00337,-8.51751,-9.03175,-9.54559,-10.059,-10.5727,-11.0865,-11.6003,-12.1143,-12.6281,-13.143,-13.6571,-14.172,-14.6873,-15.2027,-15.7187,-16.2348,-16.7517,-17.2687,-17.7866,-18.3043,-18.8229,-19.3424,-19.8618,-20.3818,-20.9022,-21.4237,-21.9455,-22.4671,-22.9903,-23.5134,-24.037,-24.5611,-25.0864,-25.6118,-26.1374,-26.6637,-27.1908,-27.7182,-28.2465,-28.7746,-29.3035,-29.8331,-30.363,-30.8934,-31.424,-31.9558,-32.4875,-33.0194,-33.5523,-34.0859,-34.6194,-35.1535,-35.6881,-36.2235,-36.7593,-37.2953,-37.8317,-38.3692,-38.9069,-39.4457,-39.9844,-40.5239,-41.0642,-41.6053,-42.1466,-42.6888,-43.2321,-43.7756,-44.3201,-44.8659,-45.4124,-45.9598,-46.5085,-47.0582,-47.6084,-48.1605,-48.7141,-49.2685,-49.8249,-50.3822,-50.9412,-51.5023,-52.065,-52.6296,-53.1961,-53.7646,-54.3357,-54.909,-55.4848,-56.063,-56.6436,-57.228,-57.8148,-58.405,-58.9984,-59.5955,-60.1959,-60.8004,-61.4085,-62.0214,-62.6385,-63.2599,-63.8864,-64.5176,-65.1546,-65.7968,-66.4448,-67.0988,-67.7584,-68.4253,90,90,90,90,90,90,90,90,90,90,90,90,
90,90,90,90,90,90,90,90,90,90,90,90,68.4292,67.7628,67.1024,66.4483,65.8006,65.1585,64.5218,63.8898,63.2635,62.6418,62.0247,61.4125,60.8039,60.1993,59.5985,59.0015,58.408,57.8181,57.2312,56.6468,56.0658,55.488,54.9121,54.3388,53.7676,53.1991,52.6325,52.0679,51.5052,50.9444,50.385,49.8272,49.2712,48.7164,48.1632,47.611,47.0608,46.5111,45.9623,45.4149,44.8683,44.3229,43.7779,43.2344,42.6911,42.1488,41.6071,41.0663,40.526,39.9869,39.4477,38.9093,38.3716,37.8341,37.2971,36.7611,36.2257,35.6903,35.1553,34.6211,34.0875,33.5543,33.0215,32.4895,31.9572,31.4259,30.8948,30.3648,29.8349,29.3052,28.7763,28.2481,27.7198,27.1924,26.6652,26.1389,25.6133,25.0878,24.563,24.0388,23.5147,22.9915,22.4689,21.9467,21.4248,20.9038,20.3829,19.8628,19.3433,18.8244,18.3058,17.7875,17.2701,16.7524,16.2361,15.7199,15.2039,14.6879,14.1731,13.6577,13.1434,12.6291,12.1147,11.6012,11.0869,10.5735,10.0598,9.54579,9.03191,8.51819,8.00401,7.48934,6.9747,6.45947,5.94362,5.42716,4.91017,4.39248,3.87394,3.35453,2.83416,2.31302,1.79129,1.26994,0.752092,0.246387,-0.246387,-0.752092,-1.26994,-1.79129,-2.31302,-2.83416,-3.35453,-3.87394,-4.39248,-4.91017,-5.42716,-5.94362,-6.45947,-6.9747,-7.48934,-8.00401,-8.51819,-9.03191,-9.54579,-10.0598,-10.5735,-11.0869,-11.6012,-12.1147,-12.6291,-13.1434,-13.6577,-14.1731,-14.6879,-15.2039,-15.7199,-16.2361,-16.7524,-17.2701,-17.7875,-18.3058,-18.8244,-19.3433,-19.8628,-20.3829,-20.9038,-21.4248,-21.9467,-22.4689,-22.9915,-23.5147,-24.0388,-24.563,-25.0878,-25.6133,-26.1389,-26.6652,-27.1924,-27.7198,-28.2481,-28.7763,-29.3052,-29.8349,-30.3648,-30.8948,-31.4259,-31.9572,-32.4895,-33.0215,-33.5543,-34.0875,-34.6211,-35.1553,-35.6903,-36.2257,-36.7611,-37.2971,-37.8341,-38.3716,-38.9093,-39.4477,-39.9869,-40.526,-41.0663,-41.6071,-42.1488,-42.6911,-43.2344,-43.7779,-44.3229,-44.8683,-45.4149,-45.9623,-46.5111,-47.0608,-47.611,-48.1632,-48.7164,-49.2712,-49.8272,-50.385,-50.9444,-51.5052,-52.0679,-52.6325,-53.1991,-53.7676,-54.3388,-54.9121,-55.488,-56.0658,-56.6468,-57.2312,-57.8181,-58.408,-59.0015,-59.5985,-60.1993,-60.8039,-61.4125,-62.0247,-62.6418,-63.2635,-63.8898,-64.5218,-65.1585,-65.8006,-66.4483,-67.1024,-67.7628,-68.4292,90,90,90,90,90,90,90,90,90,90,90,90,
90,90,90,90,90,90,90,90,90,90,90,90,68.4377,67.7707,67.1104,66.4563,65.8083,65.1659,64.5288,63.8975,63.2709,62.6494,62.0322,61.4191,60.8105,60.2061,59.6053,59.0081,58.4146,57.8247,57.2377,56.6532,56.0722,55.4942,54.9178,54.3449,53.7737,53.2046,52.6379,52.0733,51.511,50.9501,50.3906,49.8328,49.2767,48.7218,48.1689,47.6166,47.0655,46.5157,45.9673,45.4198,44.8732,44.3277,43.783,43.239,42.696,42.1533,41.6119,41.071,40.5306,39.9911,39.4518,38.9137,38.3759,37.8383,37.3013,36.7653,36.2297,35.6943,35.1592,34.6253,34.0917,33.5585,33.025,32.493,31.9611,31.4297,30.8985,30.3684,29.8384,29.3087,28.7797,28.2515,27.7231,27.1956,26.6683,26.1419,25.6162,25.0907,24.5658,24.0415,23.5173,22.9941,22.4713,21.949,21.4271,20.906,20.3855,19.8654,19.3453,18.8262,18.3075,17.7898,17.2717,16.7545,16.2375,15.7213,15.2052,14.6897,14.1743,13.6593,13.1444,12.63,12.1161,11.6019,11.0881,10.5741,10.0602,9.54674,9.03278,8.51841,8.00415,7.48997,6.97524,6.45993,5.944,5.42774,4.91078,4.39324,3.87496,3.35595,2.83625,2.31614,1.7961,1.27732,0.762069,0.252782,-0.252782,-0.762069,-1.27732,-1.7961,-2.31614,-2.83625,-3.35595,-3.87496,-4.39324,-4.91078,-5.42774,-5.944,-6.45993,-6.97524,-7.48997,-8.00415,-8.51841,-9.03278,-9.54674,-10.0602,-10.5741,-11.0881,-11.6019,-12.1161,-12.63,-13.1444,-13.6593,-14.1743,-14.6897,-15.2052,-15.7213,-16.2375,-16.7545,-17.2717,-17.7898,-18.3075,-18.8262,-19.3453,-19.8654,-20.3855,-20.906,-21.4271,-21.949,-22.4713,-22.9941,-23.5173,-24.0415,-24.5658,-25.0907,-25.6162,-26.1419,-26.6683,-27.1956,-27.7231,-28.2515,-28.7797,-29.3087,-29.8384,-30.3684,-30.8985,-31.4297,-31.9611,-32.493,-33.025,-33.5585,-34.0917,-34.6253,-35.1592,-35.6943,-36.2297,-36.7653,-37.3013,-37.8383,-38.3759,-38.9137,-39.4518,-39.9911,-40.5306,-41.071,-41.6119,-42.1533,-42.696,-43.239,-43.783,-44.3277,-44.8732,-45.4198,-45.9673,-46.5157,-47.0655,-47.6166,-48.1689,-48.7218,-49.2767,-49.8328,-50.3906,-50.9501,-51.511,-52.0733,-52.6379,-53.2046,-53.7737,-54.3449,-54.9178,-55.4942,-56.0722,-56.6532,-57.2377,-57.8247,-58.4146,-59.0081,-59.6053,-60.2061,-60.8105,-61.4191,-62.0322,-62.6494,-63.2709,-63.8975,-64.5288,-65.1659,-65.8083,-66.4563,-67.1104,-67.7707,-68.4377,90,90,90,90,90,90,90,90,90,90,90,90,
90,90,90,90,90,90,90,90,90,90,90,90,68.4499,67.7828,67.1224,66.4682,65.8202,65.1777,64.5405,63.9086,63.2819,62.6598,62.0425,61.4298,60.821,60.2161,59.6151,59.0182,58.4245,57.8345,57.2469,56.6628,56.0817,55.5028,54.9271,54.3536,53.7827,53.2136,52.6468,52.082,51.5191,50.9581,50.3985,49.8411,49.2848,48.7299,48.1764,47.6245,47.0736,46.5237,45.9748,45.4276,44.8808,44.3349,43.7901,43.2459,42.7029,42.1604,41.6189,41.0779,40.5378,39.9977,39.4588,38.9201,38.3822,37.8445,37.3078,36.7713,36.2357,35.7005,35.1653,34.6313,34.0972,33.5638,33.0311,32.4984,31.9664,31.4349,30.9041,30.3734,29.8433,29.3139,28.7849,28.2565,27.7279,27.2003,26.6732,26.1469,25.6206,25.0949,24.57,24.0455,23.5217,22.9984,22.475,21.9531,21.4311,20.9099,20.3887,19.8684,19.3488,18.8296,18.3108,17.7923,17.2747,16.7574,16.2403,15.7239,15.2077,14.6921,14.1765,13.6614,13.1464,12.6319,12.1178,11.6036,11.0896,10.5755,10.0615,9.54789,9.03381,8.51931,8.0055,7.49062,6.97577,6.46034,5.94486,5.42847,4.91167,4.39428,3.87623,3.35767,2.8387,2.3195,1.80074,1.28313,0.767934,0.255505,-0.255505,-0.767934,-1.28313,-1.80074,-2.3195,-2.8387,-3.35767,-3.87623,-4.39428,-4.91167,-5.42847,-5.94486,-6.46034,-6.97577,-7.49062,-8.0055,-8.51931,-9.03381,-9.54789,-10.0615,-10.5755,-11.0896,-11.6036,-12.1178,-12.6319,-13.1464,-13.6614,-14.1765,-14.6921,-15.2077,-15.7239,-16.2403,-16.7574,-17.2747,-17.7923,-18.3108,-18.8296,-19.3488,-19.8684,-20.3887,-20.9099,-21.4311,-21.9531,-22.475,-22.9984,-23.5217,-24.0455,-24.57,-25.0949,-25.6206,-26.1469,-26.6732,-27.2003,-27.7279,-28.2565,-28.7849,-29.3139,-29.8433,-30.3734,-30.9041,-31.4349,-31.9664,-32.4984,-33.0311,-33.5638,-34.0972,-34.6313,-35.1653,-35.7005,-36.2357,-36.7713,-37.3078,-37.8445,-38.3822,-38.9201,-39.4588,-39.9977,-40.5378,-41.0779,-41.6189,-42.1604,-42.7029,-43.2459,-43.7901,-44.3349,-44.8808,-45.4276,-45.9748,-46.5237,-47.0736,-47.6245,-48.1764,-48.7299,-49.2848,-49.8411,-50.3985,-50.9581,-51.5191,-52.082,-52.6468,-53.2136,-53.7827,-54.3536,-54.9271,-55.5028,-56.0817,-56.6628,-57.2469,-57.8345,-58.4245,-59.0182,-59.6151,-60.2161,-60.821,-61.4298,-62.0425,-62.6598,-63.2819,-63.9086,-64.5405,-65.1777,-65.8202,-66.4682,-67.1224,-67.7828,-68.4499,90,90,90,90,90,90,90,90,90,90,90,90,
90,90,90,90,90,90,90,90,90,90,90,90,68.4659,67.7989,67.1383,66.484,65.8351,65.1925,64.5554,63.9234,63.2965,62.6742,62.0567,61.4434,60.8348,60.2299,59.6291,59.0317,58.4375,57.8472,57.2596,56.6753,56.0943,55.5153,54.9395,54.3655,53.7944,53.2255,52.6586,52.0932,51.5306,50.9695,50.4097,49.8517,49.2957,48.7406,48.187,47.6349,47.0835,46.5339,45.9852,45.437,44.8905,44.3448,43.7999,43.256,42.7124,42.1698,41.6277,41.087,40.5463,40.0069,39.4674,38.9286,38.3905,37.8535,37.3162,36.7795,36.2438,35.7084,35.1735,34.6389,34.1051,33.5716,33.0387,32.5063,31.9742,31.4426,30.911,30.3807,29.8504,29.3204,28.7917,28.2626,27.7345,27.2067,26.6799,26.153,25.6267,25.1012,24.576,24.0515,23.5269,23.0034,22.4804,21.9578,21.4362,20.9148,20.3935,19.873,19.3532,18.8339,18.3149,17.7968,17.2785,16.761,16.2443,15.7272,15.2114,14.6951,14.1799,13.6641,13.1495,12.6348,12.12,11.6061,11.0914,10.5777,10.0636,9.54924,9.03499,8.5209,8.00643,7.49195,6.97693,6.46133,5.94567,5.42941,4.91272,4.39546,3.87774,3.35958,2.84107,2.32256,1.80446,1.28722,0.771398,0.256923,-0.256923,-0.771398,-1.28722,-1.80446,-2.32256,-2.84107,-3.35958,-3.87774,-4.39546,-4.91272,-5.42941,-5.94567,-6.46133,-6.97693,-7.49195,-8.00643,-8.5209,-9.03499,-9.54924,-10.0636,-10.5777,-11.0914,-11.6061,-12.12,-12.6348,-13.1495,-13.6641,-14.1799,-14.6951,-15.2114,-15.7272,-16.2443,-16.761,-17.2785,-17.7968,-18.3149,-18.8339,-19.3532,-19.873,-20.3935,-20.9148,-21.4362,-21.9578,-22.4804,-23.0034,-23.5269,-24.0515,-24.576,-25.1012,-25.6267,-26.153,-26.6799,-27.2067,-27.7345,-28.2626,-28.7917,-29.3204,-29.8504,-30.3807,-30.911,-31.4426,-31.9742,-32.5063,-33.0387,-33.5716,-34.1051,-34.6389,-35.1735,-35.7084,-36.2438,-36.7795,-37.3162,-37.8535,-38.3905,-38.9286,-39.4674,-40.0069,-40.5463,-41.087,-41.6277,-42.1698,-42.7124,-43.256,-43.7999,-44.3448,-44.8905,-45.437,-45.9852,-46.5339,-47.0835,-47.6349,-48.187,-48.7406,-49.2957,-49.8517,-50.4097,-50.9695,-51.5306,-52.0932,-52.6586,-53.2255,-53.7944,-54.3655,-54.9395,-55.5153,-56.0943,-56.6753,-57.2596,-57.8472,-58.4375,-59.0317,-59.6291,-60.2299,-60.8348,-61.4434,-62.0567,-62.6742,-63.2965,-63.9234,-64.5554,-65.1925,-65.8351,-66.484,-67.1383,-67.7989,-68.4659,90,90,90,90,90,90,90,90,90,90,90,90,
90,90,90,90,90,90,90,90,90,90,90,90,68.4868,67.8189,67.1584,66.5033,65.8548,65.2114,64.5742,63.942,63.3147,62.692,62.0746,61.4611,60.852,60.2467,59.6457,59.0481,58.4542,57.8633,57.2755,56.6914,56.1098,55.531,54.9546,54.3808,53.8092,53.24,52.6729,52.1078,51.5446,50.9833,50.4237,49.8655,49.3089,48.7536,48.2002,47.6476,47.0964,46.5466,45.9977,45.4502,44.9031,44.3568,43.8116,43.2676,42.7242,42.1818,41.6395,41.0986,40.5577,40.0177,39.4785,38.9399,38.4016,37.8636,37.3266,36.7901,36.2541,35.7185,35.1834,34.6491,34.1147,33.5809,33.0478,32.5154,31.9834,31.4513,30.9199,30.3893,29.8589,29.3292,28.7997,28.271,27.7426,27.2146,26.6877,26.1605,25.6346,25.1083,24.583,24.0582,23.534,23.0103,22.4871,21.9643,21.4424,20.9209,20.3999,19.8787,19.3587,18.8391,18.3205,17.8017,17.2837,16.766,16.2485,15.7318,15.2152,14.6992,14.1833,13.6678,13.1525,12.6376,12.1231,11.6085,11.0942,10.5797,10.0654,9.55135,9.03689,8.52268,8.00792,7.49324,6.97801,6.46277,5.94691,5.43061,4.91394,4.3968,3.87927,3.36136,2.84327,2.32517,1.80733,1.29004,0.773543,0.257751,-0.257751,-0.773543,-1.29004,-1.80733,-2.32517,-2.84327,-3.36136,-3.87927,-4.3968,-4.91394,-5.43061,-5.94691,-6.46277,-6.97801,-7.49324,-8.00792,-8.52268,-9.03689,-9.55135,-10.0654,-10.5797,-11.0942,-11.6085,-12.1231,-12.6376,-13.1525,-13.6678,-14.1833,-14.6992,-15.2152,-15.7318,-16.2485,-16.766,-17.2837,-17.8017,-18.3205,-18.8391,-19.3587,-19.8787,-20.3999,-20.9209,-21.4424,-21.9643,-22.4871,-23.0103,-23.534,-24.0582,-24.583,-25.1083,-25.6346,-26.1605,-26.6877,-27.2146,-27.7426,-28.271,-28.7997,-29.3292,-29.8589,-30.3893,-30.9199,-31.4513,-31.9834,-32.5154,-33.0478,-33.5809,-34.1147,-34.6491,-35.1834,-35.7185,-36.2541,-36.7901,-37.3266,-37.8636,-38.4016,-38.9399,-39.4785,-40.0177,-40.5577,-41.0986,-41.6395,-42.1818,-42.7242,-43.2676,-43.8116,-44.3568,-44.9031,-45.4502,-45.9977,-46.5466,-47.0964,-47.6476,-48.2002,-48.7536,-49.3089,-49.8655,-50.4237,-50.9833,-51.5446,-52.1078,-52.6729,-53.24,-53.8092,-54.3808,-54.9546,-55.531,-56.1098,-56.6914,-57.2755,-57.8633,-58.4542,-59.0481,-59.6457,-60.2467,-60.852,-61.4611,-62.0746,-62.692,-63.3147,-63.942,-64.5742,-65.2114,-65.8548,-66.5033,-67.1584,-67.8189,-68.4868,90,90,90,90,90,90,90,90,90,90,90,90,
90,90,90,90,90,90,90,90,90,90,90,90,68.5114,67.8435,67.182,66.5267,65.8777,65.2346,64.5967,63.9642,63.3367,62.714,62.0956,61.4822,60.8729,60.2674,59.6659,59.0679,58.4738,57.8827,57.2949,56.7103,56.1281,55.549,54.9727,54.3987,53.8268,53.2575,52.6902,52.1249,51.5614,50.9999,50.4401,49.8821,49.3253,48.7701,48.2161,47.6632,47.1122,46.5622,46.0127,45.465,44.918,44.3715,43.8261,43.2819,42.7383,42.1956,41.6532,41.112,40.5714,40.0315,39.492,38.9529,38.4144,37.8769,37.3396,36.8029,36.2667,35.7305,35.1955,34.6606,34.1263,33.5928,33.0595,32.5264,31.9938,31.4622,30.9311,30.3998,29.8696,29.3397,28.81,28.281,27.7524,27.2241,26.697,26.1696,25.6434,25.1174,24.592,24.0668,23.5424,23.0184,22.495,21.9725,21.45,20.928,20.4068,19.8861,19.3656,18.8458,18.3264,17.8079,17.2891,16.7712,16.254,15.737,15.2202,14.704,14.1878,13.6721,13.1565,12.6414,12.1267,11.6118,11.0973,10.583,10.0686,9.55366,9.03961,8.52449,8.01006,7.49512,6.97972,6.46423,5.94811,5.4319,4.91526,4.39817,3.88073,3.36307,2.84518,2.32723,1.80948,1.292,0.774955,0.258273,-0.258273,-0.774955,-1.292,-1.80948,-2.32723,-2.84518,-3.36307,-3.88073,-4.39817,-4.91526,-5.4319,-5.94811,-6.46423,-6.97972,-7.49512,-8.01006,-8.52449,-9.03961,-9.55366,-10.0686,-10.583,-11.0973,-11.6118,-12.1267,-12.6414,-13.1565,-13.6721,-14.1878,-14.704,-15.2202,-15.737,-16.254,-16.7712,-17.2891,-17.8079,-18.3264,-18.8458,-19.3656,-19.8861,-20.4068,-20.928,-21.45,-21.9725,-22.495,-23.0184,-23.5424,-24.0668,-24.592,-25.1174,-25.6434,-26.1696,-26.697,-27.2241,-27.7524,-28.281,-28.81,-29.3397,-29.8696,-30.3998,-30.9311,-31.4622,-31.9938,-32.5264,-33.0595,-33.5928,-34.1263,-34.6606,-35.1955,-35.7305,-36.2667,-36.8029,-37.3396,-37.8769,-38.4144,-38.9529,-39.492,-40.0315,-40.5714,-41.112,-41.6532,-42.1956,-42.7383,-43.2819,-43.8261,-44.3715,-44.918,-45.465,-46.0127,-46.5622,-47.1122,-47.6632,-48.2161,-48.7701,-49.3253,-49.8821,-50.4401,-50.9999,-51.5614,-52.1249,-52.6902,-53.2575,-53.8268,-54.3987,-54.9727,-55.549,-56.1281,-56.7103,-57.2949,-57.8827,-58.4738,-59.0679,-59.6659,-60.2674,-60.8729,-61.4822,-62.0956,-62.714,-63.3367,-63.9642,-64.5967,-65.2346,-65.8777,-66.5267,-67.182,-67.8435,-68.5114,90,90,90,90,90,90,90,90,90,90,90,90,
90,90,90,90,90,90,90,90,90,90,90,90,68.5399,67.8714,67.21,66.5546,65.9051,65.2615,64.6233,63.9901,63.3623,62.7394,62.1208,61.5066,60.897,60.2913,59.6893,59.0916,58.4966,57.9053,57.3173,56.7324,56.1503,55.5706,54.9941,54.4202,53.8481,53.2784,52.7109,52.1449,51.5812,51.0197,50.4597,49.9014,49.3444,48.7885,48.2347,47.6816,47.1303,46.58,46.0307,45.4826,44.9351,44.3887,43.8434,43.2985,42.755,42.2117,41.6694,41.128,40.5871,40.047,39.5072,38.9682,38.4298,37.8913,37.3542,36.8172,36.2807,35.7451,35.2095,34.6747,34.1401,33.6063,33.0727,32.5398,32.007,31.4751,30.9432,30.4126,29.8816,29.3514,28.8219,28.2927,27.764,27.2353,26.7078,26.1806,25.6537,25.1274,24.6023,24.0768,23.552,23.0278,22.5041,21.9813,21.4586,20.9368,20.4153,19.8943,19.3736,18.8535,18.3338,17.815,17.2965,16.7783,16.2603,15.743,15.2259,14.7094,14.1935,13.6771,13.1616,12.6462,12.1312,11.616,11.1012,10.5861,10.0714,9.55673,9.04183,8.52699,8.01234,7.49712,6.98135,6.46557,5.94973,5.43334,4.91664,4.39959,3.8822,3.36461,2.8468,2.32891,1.81108,1.29342,0.775923,0.258616,-0.258616,-0.775923,-1.29342,-1.81108,-2.32891,-2.8468,-3.36461,-3.8822,-4.39959,-4.91664,-5.43334,-5.94973,-6.46557,-6.98135,-7.49712,-8.01234,-8.52699,-9.04183,-9.55673,-10.0714,-10.5861,-11.1012,-11.616,-12.1312,-12.6462,-13.1616,-13.6771,-14.1935,-14.7094,-15.2259,-15.743,-16.2603,-16.7783,-17.2965,-17.815,-18.3338,-18.8535,-19.3736,-19.8943,-20.4153,-20.9368,-21.4586,-21.9813,-22.5041,-23.0278,-23.552,-24.0768,-24.6023,-25.1274,-25.6537,-26.1806,-26.7078,-27.2353,-27.764,-28.2927,-28.8219,-29.3514,-29.8816,-30.4126,-30.9432,-31.4751,-32.007,-32.5398,-33.0727,-33.6063,-34.1401,-34.6747,-35.2095,-35.7451,-36.2807,-36.8172,-37.3542,-37.8913,-38.4298,-38.9682,-39.5072,-40.047,-40.5871,-41.128,-41.6694,-42.2117,-42.755,-43.2985,-43.8434,-44.3887,-44.9351,-45.4826,-46.0307,-46.58,-47.1303,-47.6816,-48.2347,-48.7885,-49.3444,-49.9014,-50.4597,-51.0197,-51.5812,-52.1449,-52.7109,-53.2784,-53.8481,-54.4202,-54.9941,-55.5706,-56.1503,-56.7324,-57.3173,-57.9053,-58.4966,-59.0916,-59.6893,-60.2913,-60.897,-61.5066,-62.1208,-62.7394,-63.3623,-63.9901,-64.6233,-65.2615,-65.9051,-66.5546,-67.21,-67.8714,-68.5399,90,90,90,90,90,90,90,90,90,90,90,90,
90,90,90,90,90,90,90,90,90,90,90,90,68.5731,67.904,67.2423,66.5859,65.9358,65.2919,64.6534,64.0199,63.3913,62.7684,62.1494,61.5349,60.9249,60.3189,59.7166,59.1178,58.5229,57.9313,57.343,56.7578,56.1754,55.5958,55.0185,54.4439,53.8718,53.3019,52.7341,52.1681,51.6041,51.0421,50.4817,49.9227,49.3658,48.8101,48.256,47.7029,47.1509,46.6003,46.0507,45.5024,44.9549,44.4082,43.8627,43.3179,42.7741,42.2305,41.6883,41.1462,40.6053,40.0645,39.5249,38.9856,38.4469,37.9089,37.3711,36.8342,36.2974,35.7615,35.2255,34.6904,34.1556,33.6219,33.0876,32.5547,32.0221,31.4894,30.9576,30.4265,29.8955,29.3649,28.8351,28.306,27.7771,27.2485,26.7202,26.1927,25.666,25.1394,24.6134,24.0881,23.5633,23.039,22.5152,21.9913,21.4688,20.9462,20.4244,19.9036,19.3825,18.8621,18.3421,17.823,17.3042,16.7856,16.2678,15.7502,15.2327,14.7159,14.1992,13.683,13.1671,12.6514,12.1355,11.6206,11.1055,10.59,10.075,9.5601,9.04477,8.52969,8.01462,7.49907,6.98354,6.46749,5.95132,5.43499,4.91818,4.40108,3.8837,3.36606,2.84826,2.33031,1.81234,1.29444,0.776601,0.258862,-0.258862,-0.776601,-1.29444,-1.81234,-2.33031,-2.84826,-3.36606,-3.8837,-4.40108,-4.91818,-5.43499,-5.95132,-6.46749,-6.98354,-7.49907,-8.01462,-8.52969,-9.04477,-9.5601,-10.075,-10.59,-11.1055,-11.6206,-12.1355,-12.6514,-13.1671,-13.683,-14.1992,-14.7159,-15.2327,-15.7502,-16.2678,-16.7856,-17.3042,-17.823,-18.3421,-18.8621,-19.3825,-19.9036,-20.4244,-20.9462,-21.4688,-21.9913,-22.5152,-23.039,-23.5633,-24.0881,-24.6134,-25.1394,-25.666,-26.1927,-26.7202,-27.2485,-27.7771,-28.306,-28.8351,-29.3649,-29.8955,-30.4265,-30.9576,-31.4894,-32.0221,-32.5547,-33.0876,-33.6219,-34.1556,-34.6904,-35.2255,-35.7615,-36.2974,-36.8342,-37.3711,-37.9089,-38.4469,-38.9856,-39.5249,-40.0645,-40.6053,-41.1462,-41.6883,-42.2305,-42.7741,-43.3179,-43.8627,-44.4082,-44.9549,-45.5024,-46.0507,-46.6003,-47.1509,-47.7029,-48.256,-48.8101,-49.3658,-49.9227,-50.4817,-51.0421,-51.6041,-52.1681,-52.7341,-53.3019,-53.8718,-54.4439,-55.0185,-55.5958,-56.1754,-56.7578,-57.343,-57.9313,-58.5229,-59.1178,-59.7166,-60.3189,-60.9249,-61.5349,-62.1494,-62.7684,-63.3913,-64.0199,-64.6534,-65.2919,-65.9358,-66.5859,-67.2423,-67.904,-68.5731,90,90,90,90,90,90,90,90,90,90,90,90,
90,90,90,90,90,90,90,90,90,90,90,90,68.6102,67.9408,67.2782,66.6217,65.9713,65.3265,64.6872,64.0533,63.4247,62.8006,62.1816,61.5663,60.9559,60.3496,59.747,59.1482,58.5527,57.9605,57.3719,56.7859,56.2032,55.6233,55.0456,54.4711,53.8984,53.3281,52.7603,52.194,51.6297,51.0676,50.507,49.9477,49.3904,48.8343,48.2795,47.7265,47.1742,46.6233,46.0737,45.5247,44.9772,44.4302,43.8844,43.3396,42.7951,42.2516,41.7094,41.167,40.6258,40.0846,39.545,39.005,38.466,37.9281,37.3899,36.8527,36.316,35.7792,35.2435,34.708,34.1732,33.6387,33.1049,32.5717,32.0387,31.5061,30.974,30.442,29.9111,29.3807,28.8506,28.3206,27.7913,27.2629,26.7347,26.2069,25.6798,25.1528,24.6265,24.1008,23.5756,23.051,22.5268,22.0031,21.4802,20.9573,20.4356,19.9139,19.3925,18.8722,18.3519,17.8324,17.3132,16.7942,16.2761,15.7581,15.2403,14.7231,14.206,13.6894,13.1732,12.6571,12.1414,11.6256,11.1101,10.5949,10.0794,9.56414,9.04844,8.53298,8.01755,7.50169,6.98579,6.46987,5.95332,5.43679,4.91989,4.40264,3.88517,3.36747,2.84954,2.3315,1.81338,1.29527,0.77717,0.259046,-0.259046,-0.77717,-1.29527,-1.81338,-2.3315,-2.84954,-3.36747,-3.88517,-4.40264,-4.91989,-5.43679,-5.95332,-6.46987,-6.98579,-7.50169,-8.01755,-8.53298,-9.04844,-9.56414,-10.0794,-10.5949,-11.1101,-11.6256,-12.1414,-12.6571,-13.1732,-13.6894,-14.206,-14.7231,-15.2403,-15.7581,-16.2761,-16.7942,-17.3132,-17.8324,-18.3519,-18.8722,-19.3925,-19.9139,-20.4356,-20.9573,-21.4802,-22.0031,-22.5268,-23.051,-23.5756,-24.1008,-24.6265,-25.1528,-25.6798,-26.2069,-26.7347,-27.2629,-27.7913,-28.3206,-28.8506,-29.3807,-29.9111,-30.442,-30.974,-31.5061,-32.0387,-32.5717,-33.1049,-33.6387,-34.1732,-34.708,-35.2435,-35.7792,-36.316,-36.8527,-37.3899,-37.9281,-38.466,-39.005,-39.545,-40.0846,-40.6258,-41.167,-41.7094,-42.2516,-42.7951,-43.3396,-43.8844,-44.4302,-44.9772,-45.5247,-46.0737,-46.6233,-47.1742,-47.7265,-48.2795,-48.8343,-49.3904,-49.9477,-50.507,-51.0676,-51.6297,-52.194,-52.7603,-53.3281,-53.8984,-54.4711,-55.0456,-55.6233,-56.2032,-56.7859,-57.3719,-57.9605,-58.5527,-59.1482,-59.747,-60.3496,-60.9559,-61.5663,-62.1816,-62.8006,-63.4247,-64.0533,-64.6872,-65.3265,-65.9713,-66.6217,-67.2782,-67.9408,-68.6102,90,90,90,90,90,90,90,90,90,90,90,90,
90,90,90,90,90,90,90,90,90,90,90,90,68.6515,67.9812,67.3182,66.661,66.0097,65.3646,64.7252,64.0904,63.4614,62.8365,62.2172,61.6018,60.9907,60.3838,59.7809,59.1817,58.5856,57.9933,57.4038,56.8178,56.2347,55.6544,55.0767,54.501,53.9283,53.3577,52.7895,52.2229,51.6582,51.0958,50.5347,49.9754,49.4174,48.8614,48.3061,47.7523,47.2005,46.6492,46.0988,45.5502,45.002,44.455,43.9088,43.3637,42.8188,42.2753,41.732,41.19,40.6484,40.1073,39.5669,39.0269,38.4879,37.9492,37.4114,36.8735,36.3367,35.8001,35.2639,34.728,34.1933,33.6585,33.1243,32.5906,32.0572,31.5243,30.9918,30.4599,29.9286,29.3978,28.8672,28.3374,27.8077,27.2788,26.7503,26.2221,25.6945,25.1677,24.641,24.1149,23.5898,23.0648,22.5402,22.0161,21.4928,20.97,20.4473,19.9252,19.404,18.8828,18.3625,17.8426,17.323,16.8037,16.2851,15.7668,15.2485,14.7309,14.2139,13.6969,13.1799,12.6638,12.1472,11.6315,11.1156,10.6,10.084,9.56838,9.05236,8.53697,8.02063,7.50485,6.98853,6.47226,5.95587,5.4388,4.92171,4.40432,3.88666,3.36883,2.85077,2.33259,1.81434,1.29599,0.777572,0.259199,-0.259199,-0.777572,-1.29599,-1.81434,-2.33259,-2.85077,-3.36883,-3.88666,-4.40432,-4.92171,-5.4388,-5.95587,-6.47226,-6.98853,-7.50485,-8.02063,-8.53697,-9.05236,-9.56838,-10.084,-10.6,-11.1156,-11.6315,-12.1472,-12.6638,-13.1799,-13.6969,-14.2139,-14.7309,-15.2485,-15.7668,-16.2851,-16.8037,-17.323,-17.8426,-18.3625,-18.8828,-19.404,-19.9252,-20.4473,-20.97,-21.4928,-22.0161,-22.5402,-23.0648,-23.5898,-24.1149,-24.641,-25.1677,-25.6945,-26.2221,-26.7503,-27.2788,-27.8077,-28.3374,-28.8672,-29.3978,-29.9286,-30.4599,-30.9918,-31.5243,-32.0572,-32.5906,-33.1243,-33.6585,-34.1933,-34.728,-35.2639,-35.8001,-36.3367,-36.8735,-37.4114,-37.9492,-38.4879,-39.0269,-39.5669,-40.1073,-40.6484,-41.19,-41.732,-42.2753,-42.8188,-43.3637,-43.9088,-44.455,-45.002,-45.5502,-46.0988,-46.6492,-47.2005,-47.7523,-48.3061,-48.8614,-49.4174,-49.9754,-50.5347,-51.0958,-51.6582,-52.2229,-52.7895,-53.3577,-53.9283,-54.501,-55.0767,-55.6544,-56.2347,-56.8178,-57.4038,-57.9933,-58.5856,-59.1817,-59.7809,-60.3838,-60.9907,-61.6018,-62.2172,-62.8365,-63.4614,-64.0904,-64.7252,-65.3646,-66.0097,-66.661,-67.3182,-67.9812,-68.6515,90,90,90,90,90,90,90,90,90,90,90,90,
90,90,90,90,90,90,90,90,90,90,90,90,68.6965,68.026,67.3623,66.7045,66.053,65.407,64.7666,64.1317,63.5016,62.8765,62.2562,61.6405,61.0293,60.4217,59.8182,59.2181,58.6221,58.0292,57.4393,56.8529,56.2694,55.6883,55.1102,54.5344,53.9613,53.3903,52.8212,52.2547,51.6896,51.1263,50.5652,50.0055,49.4475,48.8907,48.3354,47.7817,47.229,46.6773,46.1269,45.5775,45.0293,44.4819,43.9357,43.3897,42.8452,42.3013,41.7576,41.2152,40.6732,40.1321,39.5917,39.0512,38.5118,37.9731,37.4345,36.8965,36.359,35.8224,35.2858,34.7502,34.2143,33.6798,33.1452,32.6108,32.0778,31.5444,31.0119,30.4796,29.9479,29.4166,28.8856,28.3554,27.8257,27.2964,26.7675,26.2395,25.7113,25.1843,24.6574,24.1308,23.6048,23.0793,22.5548,22.0303,21.5066,20.9835,20.4607,19.9382,19.4167,18.8948,18.3741,17.8538,17.3337,16.8145,16.2949,15.7766,15.2579,14.7399,14.2225,13.705,13.1881,12.671,12.1545,11.6377,11.1214,10.6054,10.089,9.57283,9.05692,8.54116,8.02485,7.50812,6.99191,6.47511,5.95832,5.44103,4.92365,4.40608,3.88824,3.37023,2.85205,2.33366,1.81515,1.29664,0.777988,0.25933,-0.25933,-0.777988,-1.29664,-1.81515,-2.33366,-2.85205,-3.37023,-3.88824,-4.40608,-4.92365,-5.44103,-5.95832,-6.47511,-6.99191,-7.50812,-8.02485,-8.54116,-9.05692,-9.57283,-10.089,-10.6054,-11.1214,-11.6377,-12.1545,-12.671,-13.1881,-13.705,-14.2225,-14.7399,-15.2579,-15.7766,-16.2949,-16.8145,-17.3337,-17.8538,-18.3741,-18.8948,-19.4167,-19.9382,-20.4607,-20.9835,-21.5066,-22.0303,-22.5548,-23.0793,-23.6048,-24.1308,-24.6574,-25.1843,-25.7113,-26.2395,-26.7675,-27.2964,-27.8257,-28.3554,-28.8856,-29.4166,-29.9479,-30.4796,-31.0119,-31.5444,-32.0778,-32.6108,-33.1452,-33.6798,-34.2143,-34.7502,-35.2858,-35.8224,-36.359,-36.8965,-37.4345,-37.9731,-38.5118,-39.0512,-39.5917,-40.1321,-40.6732,-41.2152,-41.7576,-42.3013,-42.8452,-43.3897,-43.9357,-44.4819,-45.0293,-45.5775,-46.1269,-46.6773,-47.229,-47.7817,-48.3354,-48.8907,-49.4475,-50.0055,-50.5652,-51.1263,-51.6896,-52.2547,-52.8212,-53.3903,-53.9613,-54.5344,-55.1102,-55.6883,-56.2694,-56.8529,-57.4393,-58.0292,-58.6221,-59.2181,-59.8182,-60.4217,-61.0293,-61.6405,-62.2562,-62.8765,-63.5016,-64.1317,-64.7666,-65.407,-66.053,-66.7045,-67.3623,-68.026,-68.6965,90,90,90,90,90,90,90,90,90,90,90,90,
90,90,90,90,90,90,90,90,90,90,90,90,68.7468,68.0753,67.4104,66.7518,66.0994,65.4532,64.8123,64.1765,63.5461,62.9201,62.2994,61.6832,61.0711,60.4629,59.8586,59.2584,58.6615,58.0682,57.4779,56.891,56.3069,55.7258,55.1468,54.5711,53.9971,53.426,52.8565,52.289,51.7238,51.1606,50.5986,50.0385,49.4804,48.9231,48.3678,47.8133,47.2601,46.7084,46.1576,45.6081,45.0595,44.5116,43.9649,43.4189,42.8736,42.3293,41.7859,41.243,40.7006,40.159,39.6178,39.0777,38.5378,37.9986,37.46,36.9215,36.384,35.8465,35.3102,34.7739,34.2383,33.7025,33.1679,32.6338,32.0995,31.5665,31.0332,30.5007,29.969,29.4373,28.9063,28.3755,27.8454,27.3157,26.7867,26.2578,25.7296,25.2021,24.6747,24.1479,23.6217,23.096,22.5707,22.0464,21.522,20.9984,20.4752,19.9522,19.4302,18.9084,18.3872,17.8663,17.3458,16.8255,16.306,15.7873,15.2681,14.7501,14.2316,13.7137,13.1963,12.6788,12.1616,11.645,11.1281,10.6116,10.0948,9.57872,9.06222,8.54539,8.02858,7.51192,6.99521,6.47798,5.9612,5.44352,4.92586,4.40808,3.89002,3.37179,2.85333,2.33473,1.816,1.29721,0.778343,0.259456,-0.259456,-0.778343,-1.29721,-1.816,-2.33473,-2.85333,-3.37179,-3.89002,-4.40808,-4.92586,-5.44352,-5.9612,-6.47798,-6.99521,-7.51192,-8.02858,-8.54539,-9.06222,-9.57872,-10.0948,-10.6116,-11.1281,-11.645,-12.1616,-12.6788,-13.1963,-13.7137,-14.2316,-14.7501,-15.2681,-15.7873,-16.306,-16.8255,-17.3458,-17.8663,-18.3872,-18.9084,-19.4302,-19.9522,-20.4752,-20.9984,-21.522,-22.0464,-22.5707,-23.096,-23.6217,-24.1479,-24.6747,-25.2021,-25.7296,-26.2578,-26.7867,-27.3157,-27.8454,-28.3755,-28.9063,-29.4373,-29.969,-30.5007,-31.0332,-31.5665,-32.0995,-32.6338,-33.1679,-33.7025,-34.2383,-34.7739,-35.3102,-35.8465,-36.384,-36.9215,-37.46,-37.9986,-38.5378,-39.0777,-39.6178,-40.159,-40.7006,-41.243,-41.7859,-42.3293,-42.8736,-43.4189,-43.9649,-44.5116,-45.0595,-45.6081,-46.1576,-46.7084,-47.2601,-47.8133,-48.3678,-48.9231,-49.4804,-50.0385,-50.5986,-51.1606,-51.7238,-52.289,-52.8565,-53.426,-53.9971,-54.5711,-55.1468,-55.7258,-56.3069,-56.891,-57.4779,-58.0682,-58.6615,-59.2584,-59.8586,-60.4629,-61.0711,-61.6832,-62.2994,-62.9201,-63.5461,-64.1765,-64.8123,-65.4532,-66.0994,-66.7518,-67.4104,-68.0753,-68.7468,90,90,90,90,90,90,90,90,90,90,90,90,
90,90,90,90,90,90,90,90,90,90,90,90,68.8005,68.1282,67.4631,66.8035,66.1506,65.5034,64.8618,64.225,63.5941,62.9677,62.3463,61.7291,61.1165,60.5078,59.9028,59.3021,58.7048,58.111,57.5205,56.9327,56.3481,55.7661,55.1871,54.6104,54.0363,53.4642,52.8947,52.3268,51.7612,51.1973,50.6354,50.0747,49.5157,48.958,48.4022,47.8475,47.2939,46.7417,46.1908,45.6409,45.0917,44.5438,43.9966,43.4501,42.9047,42.3603,41.816,41.2727,40.7301,40.1885,39.6468,39.1062,38.5662,38.0265,37.4875,36.9489,36.4113,35.8737,35.3361,34.7997,34.2636,33.7281,33.193,32.6584,32.1241,31.5902,31.0568,30.5242,29.9917,29.4597,28.9282,28.3975,27.8668,27.3368,26.8071,26.2781,25.7494,25.2214,24.6935,24.1667,23.6399,23.1142,22.5884,22.0631,21.5387,21.0146,20.4908,19.9678,19.4447,18.9224,18.4006,17.8798,17.3587,16.8385,16.3184,15.7986,15.2794,14.7603,14.2419,13.7234,13.2055,12.688,12.1703,11.6526,11.1357,10.6187,10.1013,9.58416,9.06712,8.55032,8.03362,7.51634,6.99916,6.48131,5.96405,5.44628,4.92837,4.41022,3.89188,3.3734,2.85468,2.33587,1.81689,1.29783,0.778763,0.259587,-0.259587,-0.778763,-1.29783,-1.81689,-2.33587,-2.85468,-3.3734,-3.89188,-4.41022,-4.92837,-5.44628,-5.96405,-6.48131,-6.99916,-7.51634,-8.03362,-8.55032,-9.06712,-9.58416,-10.1013,-10.6187,-11.1357,-11.6526,-12.1703,-12.688,-13.2055,-13.7234,-14.2419,-14.7603,-15.2794,-15.7986,-16.3184,-16.8385,-17.3587,-17.8798,-18.4006,-18.9224,-19.4447,-19.9678,-20.4908,-21.0146,-21.5387,-22.0631,-22.5884,-23.1142,-23.6399,-24.1667,-24.6935,-25.2214,-25.7494,-26.2781,-26.8071,-27.3368,-27.8668,-28.3975,-28.9282,-29.4597,-29.9917,-30.5242,-31.0568,-31.5902,-32.1241,-32.6584,-33.193,-33.7281,-34.2636,-34.7997,-35.3361,-35.8737,-36.4113,-36.9489,-37.4875,-38.0265,-38.5662,-39.1062,-39.6468,-40.1885,-40.7301,-41.2727,-41.816,-42.3603,-42.9047,-43.4501,-43.9966,-44.5438,-45.0917,-45.6409,-46.1908,-46.7417,-47.2939,-47.8475,-48.4022,-48.958,-49.5157,-50.0747,-50.6354,-51.1973,-51.7612,-52.3268,-52.8947,-53.4642,-54.0363,-54.6104,-55.1871,-55.7661,-56.3481,-56.9327,-57.5205,-58.111,-58.7048,-59.3021,-59.9028,-60.5078,-61.1165,-61.7291,-62.3463,-62.9677,-63.5941,-64.225,-64.8618,-65.5034,-66.1506,-66.8035,-67.4631,-68.1282,-68.8005,90,90,90,90,90,90,90,90,90,90,90,90,
90,90,90,90,90,90,90,90,90,90,90,90,68.8588,68.1854,67.5194,66.8594,66.2051,65.5574,64.9148,64.2774,63.6458,63.0188,62.3964,61.7787,61.1654,60.5562,59.9507,59.349,58.7514,58.1567,57.5657,56.9774,56.3918,55.8096,55.2301,54.6533,54.0783,53.5057,52.9356,52.3672,51.8014,51.2367,50.6742,50.1134,49.5539,48.996,48.4397,47.8845,47.3308,46.778,46.2266,45.6761,45.1269,44.5785,44.0308,43.4838,42.9382,42.3933,41.8489,41.3054,40.7619,40.2197,39.6783,39.1372,38.5963,38.0566,37.5173,36.9782,36.44,35.9019,35.365,34.8276,34.2914,33.7551,33.2194,32.6847,32.1501,31.6157,31.0822,30.5491,30.016,29.484,28.952,28.4206,27.8899,27.3593,26.829,26.3,25.7707,25.2421,24.7142,24.1868,23.6595,23.1332,22.6069,22.0815,21.5565,21.0318,20.5077,19.9839,19.4608,18.9381,18.4161,17.8942,17.3731,16.8517,16.3316,15.8112,15.2915,14.7718,14.2527,13.7343,13.2157,12.6971,12.179,11.6611,11.1437,10.626,10.1081,9.59094,9.07341,8.55594,8.03866,7.52087,7.00303,6.48524,5.96739,5.44937,4.9311,4.41259,3.89395,3.37513,2.8562,2.33709,1.81786,1.29856,0.77913,0.259721,-0.259721,-0.77913,-1.29856,-1.81786,-2.33709,-2.8562,-3.37513,-3.89395,-4.41259,-4.9311,-5.44937,-5.96739,-6.48524,-7.00303,-7.52087,-8.03866,-8.55594,-9.07341,-9.59094,-10.1081,-10.626,-11.1437,-11.6611,-12.179,-12.6971,-13.2157,-13.7343,-14.2527,-14.7718,-15.2915,-15.8112,-16.3316,-16.8517,-17.3731,-17.8942,-18.4161,-18.9381,-19.4608,-19.9839,-20.5077,-21.0318,-21.5565,-22.0815,-22.6069,-23.1332,-23.6595,-24.1868,-24.7142,-25.2421,-25.7707,-26.3,-26.829,-27.3593,-27.8899,-28.4206,-28.952,-29.484,-30.016,-30.5491,-31.0822,-31.6157,-32.1501,-32.6847,-33.2194,-33.7551,-34.2914,-34.8276,-35.365,-35.9019,-36.44,-36.9782,-37.5173,-38.0566,-38.5963,-39.1372,-39.6783,-40.2197,-40.7619,-41.3054,-41.8489,-42.3933,-42.9382,-43.4838,-44.0308,-44.5785,-45.1269,-45.6761,-46.2266,-46.778,-47.3308,-47.8845,-48.4397,-48.996,-49.5539,-50.1134,-50.6742,-51.2367,-51.8014,-52.3672,-52.9356,-53.5057,-54.0783,-54.6533,-55.2301,-55.8096,-56.3918,-56.9774,-57.5657,-58.1567,-58.7514,-59.349,-59.9507,-60.5562,-61.1654,-61.7787,-62.3964,-63.0188,-63.6458,-64.2774,-64.9148,-65.5574,-66.2051,-66.8594,-67.5194,-68.1854,-68.8588,90,90,90,90,90,90,90,90,90,90,90,90,
90,90,90,90,90,90,90,90,90,90,90,90,90,68.2471,67.58,66.9191,66.2643,65.6152,64.972,64.3344,63.7015,63.0737,62.4507,61.8322,61.2184,60.6081,60.0022,59.3999,58.8013,58.2062,57.6142,57.0252,56.4396,55.8568,55.2764,54.6985,54.1233,53.5502,52.98,52.4109,51.8442,51.2793,50.7163,50.1549,49.5953,49.0368,48.4796,47.9242,47.3699,46.817,46.2651,45.7144,45.1642,44.6156,44.0673,43.5202,42.9741,42.4286,41.884,41.34,40.7968,40.254,39.7116,39.1703,38.6293,38.0889,37.5491,37.0099,36.4711,35.9328,35.3949,34.8574,34.3206,33.7845,33.2487,32.713,32.1779,31.6437,31.1096,30.5759,30.0422,29.5101,28.9774,28.4455,27.9142,27.3835,26.8531,26.323,25.7939,25.2649,24.7361,24.2084,23.6807,23.1536,22.6274,22.1011,21.5758,21.0503,20.5261,20.0016,19.4779,18.9551,18.432,17.91,17.3877,16.8663,16.3456,15.8245,15.3047,14.7845,14.2648,13.7457,13.2265,12.7073,12.1891,11.6706,11.152,10.6337,10.1157,9.59795,9.07979,8.56235,8.04378,7.52594,7.00812,6.48963,5.97115,5.45279,4.93407,4.41526,3.89628,3.37711,2.85784,2.33844,1.81887,1.29928,0.779562,0.259864,-0.259864,-0.779562,-1.29928,-1.81887,-2.33844,-2.85784,-3.37711,-3.89628,-4.41526,-4.93407,-5.45279,-5.97115,-6.48963,-7.00812,-7.52594,-8.04378,-8.56235,-9.07979,-9.59795,-10.1157,-10.6337,-11.152,-11.6706,-12.1891,-12.7073,-13.2265,-13.7457,-14.2648,-14.7845,-15.3047,-15.8245,-16.3456,-16.8663,-17.3877,-17.91,-18.432,-18.9551,-19.4779,-20.0016,-20.5261,-21.0503,-21.5758,-22.1011,-22.6274,-23.1536,-23.6807,-24.2084,-24.7361,-25.2649,-25.7939,-26.323,-26.8531,-27.3835,-27.9142,-28.4455,-28.9774,-29.5101,-30.0422,-30.5759,-31.1096,-31.6437,-32.1779,-32.713,-33.2487,-33.7845,-34.3206,-34.8574,-35.3949,-35.9328,-36.4711,-37.0099,-37.5491,-38.0889,-38.6293,-39.1703,-39.7116,-40.254,-40.7968,-41.34,-41.884,-42.4286,-42.9741,-43.5202,-44.0673,-44.6156,-45.1642,-45.7144,-46.2651,-46.817,-47.3699,-47.9242,-48.4796,-49.0368,-49.5953,-50.1549,-50.7163,-51.2793,-51.8442,-52.4109,-52.98,-53.5502,-54.1233,-54.6985,-55.2764,-55.8568,-56.4396,-57.0252,-57.6142,-58.2062,-58.8013,-59.3999,-60.0022,-60.6081,-61.2184,-61.8322,-62.4507,-63.0737,-63.7015,-64.3344,-64.972,-65.6152,-66.2643,-66.9191,-67.58,-68.2471,90,90,90,90,90,90,90,90,90,90,90,90,90,
90,90,90,90,90,90,90,90,90,90,90,90,90,68.3133,67.6451,66.9833,66.3273,65.6777,65.0334,64.3949,63.7611,63.1323,62.5087,61.8891,61.2742,60.6636,60.0566,59.454,58.8548,58.2587,57.6662,57.0766,56.4904,55.9069,55.3258,54.7474,54.1716,53.5982,53.027,52.4578,51.8904,51.3249,50.7613,50.1993,49.6391,49.0805,48.5226,47.9666,47.4122,46.8587,46.3061,45.7545,45.2045,44.6553,44.1068,43.559,43.0123,42.4666,41.9215,41.3768,40.833,40.2901,39.7474,39.2056,38.6643,38.1233,37.5833,37.0435,36.5045,35.9656,35.4276,34.8894,34.3525,33.8157,33.2793,32.7434,32.2081,31.6729,31.1385,30.6043,30.0708,29.5375,29.0047,28.4726,27.9407,27.4094,26.8786,26.3481,25.8183,25.2887,24.7597,24.2314,23.7036,23.1758,22.649,22.1221,21.596,21.0704,20.5455,20.0205,19.4966,18.9726,18.4496,17.9267,17.4044,16.8822,16.3604,15.8392,15.3187,14.7978,14.2774,13.7577,13.2379,12.7185,12.1997,11.6806,11.1612,10.6429,10.1242,9.60574,9.08691,8.5688,8.05023,7.53163,7.01314,6.49405,5.97547,5.4565,4.93738,4.41818,3.89878,3.37926,2.85966,2.33985,1.82002,1.30005,0.780057,0.26003,-0.26003,-0.780057,-1.30005,-1.82002,-2.33985,-2.85966,-3.37926,-3.89878,-4.41818,-4.93738,-5.4565,-5.97547,-6.49405,-7.01314,-7.53163,-8.05023,-8.5688,-9.08691,-9.60574,-10.1242,-10.6429,-11.1612,-11.6806,-12.1997,-12.7185,-13.2379,-13.7577,-14.2774,-14.7978,-15.3187,-15.8392,-16.3604,-16.8822,-17.4044,-17.9267,-18.4496,-18.9726,-19.4966,-20.0205,-20.5455,-21.0704,-21.596,-22.1221,-22.649,-23.1758,-23.7036,-24.2314,-24.7597,-25.2887,-25.8183,-26.3481,-26.8786,-27.4094,-27.9407,-28.4726,-29.0047,-29.5375,-30.0708,-30.6043,-31.1385,-31.6729,-32.2081,-32.7434,-33.2793,-33.8157,-34.3525,-34.8894,-35.4276,-35.9656,-36.5045,-37.0435,-37.5833,-38.1233,-38.6643,-39.2056,-39.7474,-40.2901,-40.833,-41.3768,-41.9215,-42.4666,-43.0123,-43.559,-44.1068,-44.6553,-45.2045,-45.7545,-46.3061,-46.8587,-47.4122,-47.9666,-48.5226,-49.0805,-49.6391,-50.1993,-50.7613,-51.3249,-51.8904,-52.4578,-53.027,-53.5982,-54.1716,-54.7474,-55.3258,-55.9069,-56.4904,-57.0766,-57.6662,-58.2587,-58.8548,-59.454,-60.0566,-60.6636,-61.2742,-61.8891,-62.5087,-63.1323,-63.7611,-64.3949,-65.0334,-65.6777,-66.3273,-66.9833,-67.6451,-68.3133,90,90,90,90,90,90,90,90,90,90,90,90,90,
90,90,90,90,90,90,90,90,90,90,90,90,90,68.3833,67.7141,67.0511,66.3948,65.744,65.0988,64.4589,63.8243,63.1948,62.5704,61.9502,61.3341,60.7229,60.115,59.5119,58.9116,58.3149,57.7215,57.1313,56.5443,55.9599,55.3785,54.7995,54.2234,53.649,53.0771,52.5073,51.9393,51.3735,50.8092,50.2467,49.6858,49.1265,48.5688,48.0118,47.4567,46.9026,46.3498,45.7979,45.2473,44.6974,44.1488,43.6003,43.0534,42.5071,41.9613,41.4164,40.8719,40.3283,39.7855,39.2429,38.7015,38.1602,37.6197,37.0795,36.5399,36.0008,35.462,34.9237,34.386,33.8487,33.3119,32.7758,32.2398,31.7044,31.169,30.6345,30.1007,29.567,29.0338,28.5011,27.9689,27.4369,26.9054,26.3748,25.8443,25.314,24.7849,24.2558,23.7273,23.1994,22.6718,22.1448,21.618,21.0917,20.5662,20.0411,19.5164,18.9917,18.468,17.9444,17.4213,16.899,16.3764,15.8551,15.3334,14.8123,14.2913,13.7708,13.2508,12.7308,12.2107,11.6909,11.1715,10.6523,10.1329,9.61376,9.09479,8.57597,8.05668,7.53745,7.01874,6.49951,5.98022,5.46059,4.94105,4.42137,3.90158,3.38169,2.86162,2.34147,1.82127,1.30098,0.780617,0.260205,-0.260205,-0.780617,-1.30098,-1.82127,-2.34147,-2.86162,-3.38169,-3.90158,-4.42137,-4.94105,-5.46059,-5.98022,-6.49951,-7.01874,-7.53745,-8.05668,-8.57597,-9.09479,-9.61376,-10.1329,-10.6523,-11.1715,-11.6909,-12.2107,-12.7308,-13.2508,-13.7708,-14.2913,-14.8123,-15.3334,-15.8551,-16.3764,-16.899,-17.4213,-17.9444,-18.468,-18.9917,-19.5164,-20.0411,-20.5662,-21.0917,-21.618,-22.1448,-22.6718,-23.1994,-23.7273,-24.2558,-24.7849,-25.314,-25.8443,-26.3748,-26.9054,-27.4369,-27.9689,-28.5011,-29.0338,-29.567,-30.1007,-30.6345,-31.169,-31.7044,-32.2398,-32.7758,-33.3119,-33.8487,-34.386,-34.9237,-35.462,-36.0008,-36.5399,-37.0795,-37.6197,-38.1602,-38.7015,-39.2429,-39.7855,-40.3283,-40.8719,-41.4164,-41.9613,-42.5071,-43.0534,-43.6003,-44.1488,-44.6974,-45.2473,-45.7979,-46.3498,-46.9026,-47.4567,-48.0118,-48.5688,-49.1265,-49.6858,-50.2467,-50.8092,-51.3735,-51.9393,-52.5073,-53.0771,-53.649,-54.2234,-54.7995,-55.3785,-55.9599,-56.5443,-57.1313,-57.7215,-58.3149,-58.9116,-59.5119,-60.115,-60.7229,-61.3341,-61.9502,-62.5704,-63.1948,-63.8243,-64.4589,-65.0988,-65.744,-66.3948,-67.0511,-67.7141,-68.3833,90,90,90,90,90,90,90,90,90,90,90,90,90,
90,90,90,90,90,90,90,90,90,90,90,90,90,68.4578,67.7874,67.1238,66.466,65.8139,65.1678,64.5273,63.8914,63.2616,62.6354,62.0146,61.3982,60.7856,60.1776,59.5728,58.9718,58.3747,57.7807,57.1894,56.6018,56.017,55.4345,54.8548,54.2776,53.703,53.1303,52.5602,51.9915,51.4252,50.8602,50.297,49.7358,49.1758,48.6171,48.0598,47.5044,46.9496,46.3965,45.8436,45.2927,44.7426,44.1928,43.6445,43.0965,42.5499,42.0038,41.4582,40.9135,40.3692,39.8261,39.2833,38.7412,38.1993,37.6584,37.1176,36.5773,36.0378,35.4988,34.9601,34.4218,33.8841,33.3468,32.81,32.2733,31.7375,31.2023,30.6671,30.1326,29.5982,29.0648,28.5312,27.9984,27.4662,26.9345,26.4031,25.8719,25.3416,24.8115,24.2819,23.753,23.2245,22.696,22.1684,21.6413,21.1144,20.5885,20.0627,19.5372,19.0123,18.4878,17.9637,17.4397,16.9167,16.3939,15.8713,15.3494,14.8275,14.3063,13.7851,13.2638,12.743,12.2227,11.7027,11.1826,10.6627,10.1425,9.62314,9.10342,8.58385,8.0638,7.54439,7.02442,6.50501,5.98489,5.46508,4.945,4.42491,3.9046,3.3843,2.8638,2.34329,1.82261,1.30191,0.781184,0.260396,-0.260396,-0.781184,-1.30191,-1.82261,-2.34329,-2.8638,-3.3843,-3.9046,-4.42491,-4.945,-5.46508,-5.98489,-6.50501,-7.02442,-7.54439,-8.0638,-8.58385,-9.10342,-9.62314,-10.1425,-10.6627,-11.1826,-11.7027,-12.2227,-12.743,-13.2638,-13.7851,-14.3063,-14.8275,-15.3494,-15.8713,-16.3939,-16.9167,-17.4397,-17.9637,-18.4878,-19.0123,-19.5372,-20.0627,-20.5885,-21.1144,-21.6413,-22.1684,-22.696,-23.2245,-23.753,-24.2819,-24.8115,-25.3416,-25.8719,-26.4031,-26.9345,-27.4662,-27.9984,-28.5312,-29.0648,-29.5982,-30.1326,-30.6671,-31.2023,-31.7375,-32.2733,-32.81,-33.3468,-33.8841,-34.4218,-34.9601,-35.4988,-36.0378,-36.5773,-37.1176,-37.6584,-38.1993,-38.7412,-39.2833,-39.8261,-40.3692,-40.9135,-41.4582,-42.0038,-42.5499,-43.0965,-43.6445,-44.1928,-44.7426,-45.2927,-45.8436,-46.3965,-46.9496,-47.5044,-48.0598,-48.6171,-49.1758,-49.7358,-50.297,-50.8602,-51.4252,-51.9915,-52.5602,-53.1303,-53.703,-54.2776,-54.8548,-55.4345,-56.017,-56.6018,-57.1894,-57.7807,-58.3747,-58.9718,-59.5728,-60.1776,-60.7856,-61.3982,-62.0146,-62.6354,-63.2616,-63.8914,-64.5273,-65.1678,-65.8139,-66.466,-67.1238,-67.7874,-68.4578,90,90,90,90,90,90,90,90,90,90,90,90,90,
90,90,90,90,90,90,90,90,90,90,90,90,90,68.5372,67.8653,67.2001,66.5413,65.8883,65.241,64.5995,63.9632,63.3316,62.7048,62.083,61.4654,60.8521,60.2429,59.6374,59.0355,58.4378,57.8426,57.2509,56.6626,56.0766,55.4938,54.9137,54.3358,53.76,53.1867,52.6159,52.0465,51.479,50.9137,50.3501,49.7882,49.2276,48.6685,48.111,47.5544,46.9993,46.4456,45.8923,45.3407,44.7898,44.2398,43.6908,43.1424,42.5951,42.0483,41.5024,40.9574,40.4128,39.8686,39.3254,38.783,38.2404,37.6987,37.158,36.617,36.0772,35.5375,34.9985,34.4594,33.9215,33.3834,32.8462,32.3096,31.7728,31.2372,30.7011,30.1664,29.6312,29.0975,28.5632,28.0301,27.4971,26.9647,26.4327,25.901,25.3705,24.8396,24.3098,23.7795,23.2508,22.7221,22.1937,21.6658,21.1387,20.6114,20.0854,19.5593,19.0334,18.5087,17.9838,17.4595,16.9357,16.4122,15.8887,15.366,14.844,14.3214,13.7999,13.2784,12.7568,12.2357,11.715,11.194,10.6734,10.153,9.63277,9.11225,8.59187,8.0716,7.55139,7.0312,6.51098,5.9907,5.46991,4.94932,4.42872,3.908,3.38717,2.86621,2.34522,1.82415,1.30298,0.781808,0.260605,-0.260605,-0.781808,-1.30298,-1.82415,-2.34522,-2.86621,-3.38717,-3.908,-4.42872,-4.94932,-5.46991,-5.9907,-6.51098,-7.0312,-7.55139,-8.0716,-8.59187,-9.11225,-9.63277,-10.153,-10.6734,-11.194,-11.715,-12.2357,-12.7568,-13.2784,-13.7999,-14.3214,-14.844,-15.366,-15.8887,-16.4122,-16.9357,-17.4595,-17.9838,-18.5087,-19.0334,-19.5593,-20.0854,-20.6114,-21.1387,-21.6658,-22.1937,-22.7221,-23.2508,-23.7795,-24.3098,-24.8396,-25.3705,-25.901,-26.4327,-26.9647,-27.4971,-28.0301,-28.5632,-29.0975,-29.6312,-30.1664,-30.7011,-31.2372,-31.7728,-32.3096,-32.8462,-33.3834,-33.9215,-34.4594,-34.9985,-35.5375,-36.0772,-36.617,-37.158,-37.6987,-38.2404,-38.783,-39.3254,-39.8686,-40.4128,-40.9574,-41.5024,-42.0483,-42.5951,-43.1424,-43.6908,-44.2398,-44.7898,-45.3407,-45.8923,-46.4456,-46.9993,-47.5544,-48.111,-48.6685,-49.2276,-49.7882,-50.3501,-50.9137,-51.479,-52.0465,-52.6159,-53.1867,-53.76,-54.3358,-54.9137,-55.4938,-56.0766,-56.6626,-57.2509,-57.8426,-58.4378,-59.0355,-59.6374,-60.2429,-60.8521,-61.4654,-62.083,-62.7048,-63.3316,-63.9632,-64.5995,-65.241,-65.8883,-66.5413,-67.2001,-67.8653,-68.5372,90,90,90,90,90,90,90,90,90,90,90,90,90,
90,90,90,90,90,90,90,90,90,90,90,90,90,68.6206,67.9474,67.281,66.6209,65.9672,65.3185,64.676,64.0385,63.4056,62.7784,62.1554,61.5368,60.9228,60.3123,59.7059,59.1033,58.5044,57.9087,57.3163,56.7268,56.1399,55.5564,54.9755,54.3964,53.8203,53.2462,52.6742,52.1045,51.5367,50.9706,50.4063,49.8436,49.2823,48.7224,48.1645,47.6076,47.0518,46.4973,45.9437,45.3913,44.8397,44.2893,43.7395,43.1909,42.6432,42.096,41.5494,41.0036,40.4582,39.9141,39.3701,38.827,38.2843,37.7419,37.2001,36.6591,36.1182,35.5785,35.0384,34.4993,33.9606,33.4225,32.8846,32.3468,31.8099,31.2732,30.7374,30.2013,29.6666,29.1313,28.5975,28.0636,27.5298,26.997,26.4643,25.9323,25.4004,24.8695,24.3386,23.8083,23.2785,22.7492,22.2203,21.6917,21.1641,20.6362,20.1092,19.5828,19.0561,18.5306,18.0054,17.4805,16.9556,16.4312,15.9075,15.384,14.8611,14.3382,13.8154,13.293,12.7712,12.2492,11.7276,11.2064,10.6849,10.1637,9.64272,9.12183,8.60062,8.08008,7.55902,7.03798,6.5175,5.99638,5.4752,4.95411,4.43284,3.91162,3.39024,2.86884,2.34731,1.82579,1.30419,0.782505,0.26084,-0.26084,-0.782505,-1.30419,-1.82579,-2.34731,-2.86884,-3.39024,-3.91162,-4.43284,-4.95411,-5.4752,-5.99638,-6.5175,-7.03798,-7.55902,-8.08008,-8.60062,-9.12183,-9.64272,-10.1637,-10.6849,-11.2064,-11.7276,-12.2492,-12.7712,-13.293,-13.8154,-14.3382,-14.8611,-15.384,-15.9075,-16.4312,-16.9556,-17.4805,-18.0054,-18.5306,-19.0561,-19.5828,-20.1092,-20.6362,-21.1641,-21.6917,-22.2203,-22.7492,-23.2785,-23.8083,-24.3386,-24.8695,-25.4004,-25.9323,-26.4643,-26.997,-27.5298,-28.0636,-28.5975,-29.1313,-29.6666,-30.2013,-30.7374,-31.2732,-31.8099,-32.3468,-32.8846,-33.4225,-33.9606,-34.4993,-35.0384,-35.5785,-36.1182,-36.6591,-37.2001,-37.7419,-38.2843,-38.827,-39.3701,-39.9141,-40.4582,-41.0036,-41.5494,-42.096,-42.6432,-43.1909,-43.7395,-44.2893,-44.8397,-45.3913,-45.9437,-46.4973,-47.0518,-47.6076,-48.1645,-48.7224,-49.2823,-49.8436,-50.4063,-50.9706,-51.5367,-52.1045,-52.6742,-53.2462,-53.8203,-54.3964,-54.9755,-55.5564,-56.1399,-56.7268,-57.3163,-57.9087,-58.5044,-59.1033,-59.7059,-60.3123,-60.9228,-61.5368,-62.1554,-62.7784,-63.4056,-64.0385,-64.676,-65.3185,-65.9672,-66.6209,-67.281,-67.9474,-68.6206,90,90,90,90,90,90,90,90,90,90,90,90,90,
90,90,90,90,90,90,90,90,90,90,90,90,90,68.708,68.0342,67.3667,66.7053,66.0499,65.4,64.7562,64.1174,63.484,62.8558,62.2315,61.6116,60.9963,60.3854,59.7782,59.1747,58.5747,57.978,57.3847,56.7939,56.2068,55.622,55.0402,54.4608,53.8839,53.309,52.7365,52.166,51.5973,51.0305,50.4658,49.902,49.3402,48.7796,48.2213,47.6633,47.107,46.5517,45.9977,45.4445,44.8926,44.3413,43.7912,43.2421,42.6933,42.1453,41.5987,41.0521,40.5068,39.9614,39.4171,38.8731,38.3301,37.7873,37.245,36.7033,36.1624,35.6215,35.0809,34.5415,34.0019,33.4629,32.9247,32.3866,31.8489,31.3121,30.7754,30.239,29.7034,29.1678,28.6332,28.0984,27.5642,27.0306,26.4975,25.9646,25.4324,24.9006,24.3694,23.8382,23.3081,22.7779,22.2482,21.7193,21.1908,20.6626,20.1346,19.6074,19.0806,18.554,18.0279,17.5021,16.977,16.4517,15.9271,15.4032,14.8795,14.3557,13.8325,13.3093,12.7866,12.2637,11.7418,11.2197,10.6974,10.1758,9.65397,9.13229,8.61066,8.08866,7.56729,7.04595,6.52399,6.00256,5.4809,4.95915,4.43738,3.91555,3.39363,2.87165,2.34964,1.82752,1.30543,0.783261,0.261094,-0.261094,-0.783261,-1.30543,-1.82752,-2.34964,-2.87165,-3.39363,-3.91555,-4.43738,-4.95915,-5.4809,-6.00256,-6.52399,-7.04595,-7.56729,-8.08866,-8.61066,-9.13229,-9.65397,-10.1758,-10.6974,-11.2197,-11.7418,-12.2637,-12.7866,-13.3093,-13.8325,-14.3557,-14.8795,-15.4032,-15.9271,-16.4517,-16.977,-17.5021,-18.0279,-18.554,-19.0806,-19.6074,-20.1346,-20.6626,-21.1908,-21.7193,-22.2482,-22.7779,-23.3081,-23.8382,-24.3694,-24.9006,-25.4324,-25.9646,-26.4975,-27.0306,-27.5642,-28.0984,-28.6332,-29.1678,-29.7034,-30.239,-30.7754,-31.3121,-31.8489,-32.3866,-32.9247,-33.4629,-34.0019,-34.5415,-35.0809,-35.6215,-36.1624,-36.7033,-37.245,-37.7873,-38.3301,-38.8731,-39.4171,-39.9614,-40.5068,-41.0521,-41.5987,-42.1453,-42.6933,-43.2421,-43.7912,-44.3413,-44.8926,-45.4445,-45.9977,-46.5517,-47.107,-47.6633,-48.2213,-48.7796,-49.3402,-49.902,-50.4658,-51.0305,-51.5973,-52.166,-52.7365,-53.309,-53.8839,-54.4608,-55.0402,-55.622,-56.2068,-56.7939,-57.3847,-57.978,-58.5747,-59.1747,-59.7782,-60.3854,-60.9963,-61.6116,-62.2315,-62.8558,-63.484,-64.1174,-64.7562,-65.4,-66.0499,-66.7053,-67.3667,-68.0342,-68.708,90,90,90,90,90,90,90,90,90,90,90,90,90,
90,90,90,90,90,90,90,90,90,90,90,90,90,90,68.1249,67.4562,66.7935,66.137,65.486,64.8409,64.201,63.5663,62.9367,62.3113,61.6907,61.0744,60.4621,59.8539,59.2496,58.6484,58.0504,57.4562,56.8649,56.2768,55.6912,55.1087,54.5284,53.9507,53.3749,52.8016,52.2302,51.6612,51.0931,50.5276,49.9633,49.4007,48.8397,48.2801,47.7221,47.165,46.6093,46.054,45.5009,44.9481,44.3964,43.845,43.2955,42.7462,42.1983,41.65,41.1034,40.5568,40.0114,39.4667,38.9222,38.3784,37.8348,37.2921,36.7498,36.2077,35.6667,35.1257,34.5854,34.0455,33.5061,32.967,32.4283,31.8902,31.3522,30.8154,30.2782,29.7419,29.2057,28.6706,28.135,27.6004,27.0664,26.5324,25.9989,25.466,24.9338,24.4014,23.8702,23.3388,22.808,22.2781,21.7481,21.2189,20.6896,20.1615,19.6331,19.1054,18.5786,18.0514,17.5252,16.9994,16.4735,15.948,15.4232,14.8985,14.3739,13.8498,13.3262,12.8025,12.2793,11.7565,11.2334,10.7107,10.1877,9.66546,9.14285,8.62096,8.09851,7.57621,7.05393,6.53162,6.00925,5.48695,4.96461,4.44225,3.91978,3.39727,2.87473,2.35213,1.82947,1.30679,0.784092,0.261367,-0.261367,-0.784092,-1.30679,-1.82947,-2.35213,-2.87473,-3.39727,-3.91978,-4.44225,-4.96461,-5.48695,-6.00925,-6.53162,-7.05393,-7.57621,-8.09851,-8.62096,-9.14285,-9.66546,-10.1877,-10.7107,-11.2334,-11.7565,-12.2793,-12.8025,-13.3262,-13.8498,-14.3739,-14.8985,-15.4232,-15.948,-16.4735,-16.9994,-17.5252,-18.0514,-18.5786,-19.1054,-19.6331,-20.1615,-20.6896,-21.2189,-21.7481,-22.2781,-22.808,-23.3388,-23.8702,-24.4014,-24.9338,-25.466,-25.9989,-26.5324,-27.0664,-27.6004,-28.135,-28.6706,-29.2057,-29.7419,-30.2782,-30.8154,-31.3522,-31.8902,-32.4283,-32.967,-33.5061,-34.0455,-34.5854,-35.1257,-35.6667,-36.2077,-36.7498,-37.2921,-37.8348,-38.3784,-38.9222,-39.4667,-40.0114,-40.5568,-41.1034,-41.65,-42.1983,-42.7462,-43.2955,-43.845,-44.3964,-44.9481,-45.5009,-46.054,-46.6093,-47.165,-47.7221,-48.2801,-48.8397,-49.4007,-49.9633,-50.5276,-51.0931,-51.6612,-52.2302,-52.8016,-53.3749,-53.9507,-54.5284,-55.1087,-55.6912,-56.2768,-56.8649,-57.4562,-58.0504,-58.6484,-59.2496,-59.8539,-60.4621,-61.0744,-61.6907,-62.3113,-62.9367,-63.5663,-64.201,-64.8409,-65.486,-66.137,-66.7935,-67.4562,-68.1249,90,90,90,90,90,90,90,90,90,90,90,90,90,90,
90,90,90,90,90,90,90,90,90,90,90,90,90,90,68.2207,67.5501,66.8862,66.2284,65.5762,64.9294,64.2887,63.6524,63.0214,62.3952,61.7735,61.1559,60.5425,59.9335,59.3278,58.7258,58.1271,57.532,56.9394,56.3505,55.7644,55.1805,54.5994,54.0207,53.4441,52.8703,52.2977,51.7277,51.1596,50.5928,50.0281,49.4646,48.9031,48.3427,47.7833,47.2258,46.6692,46.1139,45.559,45.0062,44.4537,43.9023,43.3515,42.8017,42.2529,41.7045,41.1571,40.61,40.0637,39.5181,38.9731,38.4289,37.8848,37.3412,36.7985,36.2563,35.7141,35.1729,34.6314,34.0913,33.5511,33.0114,32.4719,31.9333,31.3952,30.8572,30.3195,29.7821,29.2459,28.7092,28.1739,27.6383,27.1034,26.569,26.035,25.5012,24.9681,24.4353,23.9031,23.3713,22.8395,22.3087,21.7783,21.2481,20.7183,20.1893,19.6607,19.1323,18.604,18.0764,17.5493,17.0225,16.4958,15.9698,15.444,14.9189,14.3933,13.8687,13.3442,12.8196,12.2959,11.7716,11.2481,10.7244,10.201,9.67779,9.15477,8.63132,8.10856,7.58527,7.06252,6.53923,6.01646,5.49346,4.97049,4.44739,3.92435,3.4012,2.87803,2.3548,1.83157,1.30825,0.784981,0.261659,-0.261659,-0.784981,-1.30825,-1.83157,-2.3548,-2.87803,-3.4012,-3.92435,-4.44739,-4.97049,-5.49346,-6.01646,-6.53923,-7.06252,-7.58527,-8.10856,-8.63132,-9.15477,-9.67779,-10.201,-10.7244,-11.2481,-11.7716,-12.2959,-12.8196,-13.3442,-13.8687,-14.3933,-14.9189,-15.444,-15.9698,-16.4958,-17.0225,-17.5493,-18.0764,-18.604,-19.1323,-19.6607,-20.1893,-20.7183,-21.2481,-21.7783,-22.3087,-22.8395,-23.3713,-23.9031,-24.4353,-24.9681,-25.5012,-26.035,-26.569,-27.1034,-27.6383,-28.1739,-28.7092,-29.2459,-29.7821,-30.3195,-30.8572,-31.3952,-31.9333,-32.4719,-33.0114,-33.5511,-34.0913,-34.6314,-35.1729,-35.7141,-36.2563,-36.7985,-37.3412,-37.8848,-38.4289,-38.9731,-39.5181,-40.0637,-40.61,-41.1571,-41.7045,-42.2529,-42.8017,-43.3515,-43.9023,-44.4537,-45.0062,-45.559,-46.1139,-46.6692,-47.2258,-47.7833,-48.3427,-48.9031,-49.4646,-50.0281,-50.5928,-51.1596,-51.7277,-52.2977,-52.8703,-53.4441,-54.0207,-54.5994,-55.1805,-55.7644,-56.3505,-56.9394,-57.532,-58.1271,-58.7258,-59.3278,-59.9335,-60.5425,-61.1559,-61.7735,-62.3952,-63.0214,-63.6524,-64.2887,-64.9294,-65.5762,-66.2284,-66.8862,-67.5501,-68.2207,90,90,90,90,90,90,90,90,90,90,90,90,90,90,
90,90,90,90,90,90,90,90,90,90,90,90,90,90,68.3207,67.6487,66.9836,66.3238,65.6705,65.0228,64.3804,63.7432,63.1105,62.483,61.8601,61.2416,60.6272,60.0167,59.4097,58.8071,58.2075,57.6106,57.0174,56.4276,55.8402,55.2558,54.6736,54.094,53.5165,52.9414,52.3683,51.7974,51.2288,50.6615,50.0954,49.5315,48.969,48.4077,47.8479,47.2894,46.7323,46.1757,45.6208,45.0666,44.5136,43.9617,43.4104,42.8597,42.3103,41.7615,41.2131,40.6655,40.1187,39.5726,39.0264,38.4811,37.9369,37.3928,36.8492,36.306,35.7637,35.2217,34.68,34.139,33.5983,33.0576,32.5176,31.9781,31.4395,30.9005,30.3627,29.8248,29.2876,28.7504,28.2141,27.6781,27.1427,26.6073,26.0723,25.5383,25.0039,24.4706,23.9377,23.4052,22.8732,22.3411,21.8099,21.2791,20.7485,20.2188,19.6892,19.1598,18.6311,18.1026,17.5743,17.047,16.5199,15.993,15.4661,14.94,14.4139,13.8883,13.3628,12.8377,12.3131,11.7882,11.2638,10.739,10.2152,9.69095,9.16691,8.64302,8.11923,7.5955,7.07179,6.54805,6.02419,5.50046,4.97669,4.45297,3.92919,3.40537,2.88152,2.35767,1.83376,1.30989,0.785939,0.261975,-0.261975,-0.785939,-1.30989,-1.83376,-2.35767,-2.88152,-3.40537,-3.92919,-4.45297,-4.97669,-5.50046,-6.02419,-6.54805,-7.07179,-7.5955,-8.11923,-8.64302,-9.16691,-9.69095,-10.2152,-10.739,-11.2638,-11.7882,-12.3131,-12.8377,-13.3628,-13.8883,-14.4139,-14.94,-15.4661,-15.993,-16.5199,-17.047,-17.5743,-18.1026,-18.6311,-19.1598,-19.6892,-20.2188,-20.7485,-21.2791,-21.8099,-22.3411,-22.8732,-23.4052,-23.9377,-24.4706,-25.0039,-25.5383,-26.0723,-26.6073,-27.1427,-27.6781,-28.2141,-28.7504,-29.2876,-29.8248,-30.3627,-30.9005,-31.4395,-31.9781,-32.5176,-33.0576,-33.5983,-34.139,-34.68,-35.2217,-35.7637,-36.306,-36.8492,-37.3928,-37.9369,-38.4811,-39.0264,-39.5726,-40.1187,-40.6655,-41.2131,-41.7615,-42.3103,-42.8597,-43.4104,-43.9617,-44.5136,-45.0666,-45.6208,-46.1757,-46.7323,-47.2894,-47.8479,-48.4077,-48.969,-49.5315,-50.0954,-50.6615,-51.2288,-51.7974,-52.3683,-52.9414,-53.5165,-54.094,-54.6736,-55.2558,-55.8402,-56.4276,-57.0174,-57.6106,-58.2075,-58.8071,-59.4097,-60.0167,-60.6272,-61.2416,-61.8601,-62.483,-63.1105,-63.7432,-64.3804,-65.0228,-65.6705,-66.3238,-66.9836,-67.6487,-68.3207,90,90,90,90,90,90,90,90,90,90,90,90,90,90,
90,90,90,90,90,90,90,90,90,90,90,90,90,90,68.4252,67.752,67.0849,66.4238,65.769,65.1196,64.4758,63.8374,63.2038,62.5751,61.9508,61.3311,60.7153,60.1034,59.4961,58.8915,58.291,57.6935,57.0995,56.5078,55.9197,55.3344,54.7513,54.1703,53.5923,53.0166,52.4425,51.8706,51.3007,50.7324,50.1662,49.6009,49.0375,48.4757,47.9153,47.3559,46.7979,46.2411,45.6852,45.1305,44.577,44.0237,43.4718,42.9206,42.3703,41.8205,41.2716,40.7235,40.1761,39.629,39.0826,38.5369,37.9917,37.4466,36.9024,36.3587,35.8154,35.2728,34.7306,34.1887,33.6473,33.1061,32.5656,32.0255,31.4855,30.9462,30.4075,29.8691,29.331,28.7935,28.2564,27.7197,27.1832,26.6473,26.1118,25.5768,25.0419,24.5076,23.9741,23.4406,22.9075,22.3749,21.8432,21.3113,20.7803,20.2497,19.7188,19.1892,18.6592,18.1302,17.6011,17.0725,16.5444,16.017,15.4897,14.9623,14.4352,13.9086,13.3825,12.8564,12.3307,11.8054,11.2798,10.7546,10.2297,9.70437,9.17984,8.65488,8.1306,7.6058,7.0816,6.55679,6.0325,5.50793,4.98338,4.45888,3.93438,3.40989,2.88532,2.36075,1.83618,1.31158,0.786964,0.262313,-0.262313,-0.786964,-1.31158,-1.83618,-2.36075,-2.88532,-3.40989,-3.93438,-4.45888,-4.98338,-5.50793,-6.0325,-6.55679,-7.0816,-7.6058,-8.1306,-8.65488,-9.17984,-9.70437,-10.2297,-10.7546,-11.2798,-11.8054,-12.3307,-12.8564,-13.3825,-13.9086,-14.4352,-14.9623,-15.4897,-16.017,-16.5444,-17.0725,-17.6011,-18.1302,-18.6592,-19.1892,-19.7188,-20.2497,-20.7803,-21.3113,-21.8432,-22.3749,-22.9075,-23.4406,-23.9741,-24.5076,-25.0419,-25.5768,-26.1118,-26.6473,-27.1832,-27.7197,-28.2564,-28.7935,-29.331,-29.8691,-30.4075,-30.9462,-31.4855,-32.0255,-32.5656,-33.1061,-33.6473,-34.1887,-34.7306,-35.2728,-35.8154,-36.3587,-36.9024,-37.4466,-37.9917,-38.5369,-39.0826,-39.629,-40.1761,-40.7235,-41.2716,-41.8205,-42.3703,-42.9206,-43.4718,-44.0237,-44.577,-45.1305,-45.6852,-46.2411,-46.7979,-47.3559,-47.9153,-48.4757,-49.0375,-49.6009,-50.1662,-50.7324,-51.3007,-51.8706,-52.4425,-53.0166,-53.5923,-54.1703,-54.7513,-55.3344,-55.9197,-56.5078,-57.0995,-57.6935,-58.291,-58.8915,-59.4961,-60.1034,-60.7153,-61.3311,-61.9508,-62.5751,-63.2038,-63.8374,-64.4758,-65.1196,-65.769,-66.4238,-67.0849,-67.752,-68.4252,90,90,90,90,90,90,90,90,90,90,90,90,90,90,
90,90,90,90,90,90,90,90,90,90,90,90,90,90,68.5348,67.8597,67.1908,66.5285,65.8722,65.2216,64.5762,63.936,63.301,62.6711,62.0453,61.4245,60.8077,60.1947,59.5858,58.9803,58.3787,57.7797,57.1846,56.5922,56.0032,55.4165,54.8319,54.2504,53.6717,53.0942,52.5196,51.9467,51.3757,50.8069,50.2397,49.6738,49.1094,48.5466,47.9852,47.4253,46.8666,46.3089,45.7524,45.1967,44.6422,44.0887,43.5359,42.9837,42.4328,41.8824,41.3329,40.7838,40.2358,39.6878,39.1408,38.5944,38.0482,37.5029,36.9582,36.4135,35.8696,35.3264,34.7831,34.2405,33.6982,33.1565,32.6152,32.0747,31.534,30.9942,30.4548,29.9153,29.3766,28.8385,28.3004,27.7631,27.2255,26.689,26.1525,25.6169,25.0817,24.546,24.012,23.4776,22.9438,22.4109,21.8779,21.3451,20.8133,20.2816,19.7502,19.2194,18.6891,18.1588,17.6291,17.0995,16.5708,16.0417,15.5139,14.9854,14.4577,13.9306,13.4034,12.8762,12.3499,11.8235,11.2969,10.7711,10.2451,9.71923,9.19359,8.66809,8.14269,7.61677,7.09145,6.56611,6.04128,5.51577,4.99051,4.46523,3.93995,3.4146,2.88932,2.36403,1.83869,1.31338,0.788,0.262674,-0.262674,-0.788,-1.31338,-1.83869,-2.36403,-2.88932,-3.4146,-3.93995,-4.46523,-4.99051,-5.51577,-6.04128,-6.56611,-7.09145,-7.61677,-8.14269,-8.66809,-9.19359,-9.71923,-10.2451,-10.7711,-11.2969,-11.8235,-12.3499,-12.8762,-13.4034,-13.9306,-14.4577,-14.9854,-15.5139,-16.0417,-16.5708,-17.0995,-17.6291,-18.1588,-18.6891,-19.2194,-19.7502,-20.2816,-20.8133,-21.3451,-21.8779,-22.4109,-22.9438,-23.4776,-24.012,-24.546,-25.0817,-25.6169,-26.1525,-26.689,-27.2255,-27.7631,-28.3004,-28.8385,-29.3766,-29.9153,-30.4548,-30.9942,-31.534,-32.0747,-32.6152,-33.1565,-33.6982,-34.2405,-34.7831,-35.3264,-35.8696,-36.4135,-36.9582,-37.5029,-38.0482,-38.5944,-39.1408,-39.6878,-40.2358,-40.7838,-41.3329,-41.8824,-42.4328,-42.9837,-43.5359,-44.0887,-44.6422,-45.1967,-45.7524,-46.3089,-46.8666,-47.4253,-47.9852,-48.5466,-49.1094,-49.6738,-50.2397,-50.8069,-51.3757,-51.9467,-52.5196,-53.0942,-53.6717,-54.2504,-54.8319,-55.4165,-56.0032,-56.5922,-57.1846,-57.7797,-58.3787,-58.9803,-59.5858,-60.1947,-60.8077,-61.4245,-62.0453,-62.6711,-63.301,-63.936,-64.5762,-65.2216,-65.8722,-66.5285,-67.1908,-67.8597,-68.5348,90,90,90,90,90,90,90,90,90,90,90,90,90,90,
90,90,90,90,90,90,90,90,90,90,90,90,90,90,90,67.9722,67.3017,66.6376,65.9795,65.3273,64.6807,64.039,63.403,62.7715,62.1443,61.5219,60.9034,60.2894,59.6793,59.0726,58.4692,57.8696,57.2734,56.6799,56.0894,55.502,54.9168,54.3343,53.7541,53.176,52.6002,52.0264,51.4544,50.8849,50.3164,49.7498,49.1848,48.6209,48.0585,47.4979,46.9383,46.3795,45.8224,45.2661,44.7106,44.1561,43.603,43.0502,42.4979,41.9473,41.3967,40.847,40.298,39.7493,39.2017,38.6547,38.1078,37.5616,37.0161,36.4708,35.9258,35.3815,34.8377,34.2944,33.7519,33.2095,32.6672,32.1255,31.5845,31.0438,30.5033,29.9632,29.4239,28.8847,28.3462,27.8075,27.2702,26.7326,26.1954,25.6587,25.1224,24.5869,24.0509,23.5165,22.9815,22.4475,21.9135,21.3805,20.8477,20.3147,19.7829,19.2508,18.7199,18.1885,17.6582,17.1276,16.5975,16.0684,15.5389,15.01,14.4816,13.9533,13.425,12.8971,12.3697,11.8421,11.3149,10.788,10.2614,9.73437,9.20814,8.68148,8.15492,7.629,7.10252,6.57659,6.05002,5.52409,4.99796,4.47187,3.94577,3.4197,2.8936,2.36755,1.84139,1.31532,0.789173,0.263061,-0.263061,-0.789173,-1.31532,-1.84139,-2.36755,-2.8936,-3.4197,-3.94577,-4.47187,-4.99796,-5.52409,-6.05002,-6.57659,-7.10252,-7.629,-8.15492,-8.68148,-9.20814,-9.73437,-10.2614,-10.788,-11.3149,-11.8421,-12.3697,-12.8971,-13.425,-13.9533,-14.4816,-15.01,-15.5389,-16.0684,-16.5975,-17.1276,-17.6582,-18.1885,-18.7199,-19.2508,-19.7829,-20.3147,-20.8477,-21.3805,-21.9135,-22.4475,-22.9815,-23.5165,-24.0509,-24.5869,-25.1224,-25.6587,-26.1954,-26.7326,-27.2702,-27.8075,-28.3462,-28.8847,-29.4239,-29.9632,-30.5033,-31.0438,-31.5845,-32.1255,-32.6672,-33.2095,-33.7519,-34.2944,-34.8377,-35.3815,-35.9258,-36.4708,-37.0161,-37.5616,-38.1078,-38.6547,-39.2017,-39.7493,-40.298,-40.847,-41.3967,-41.9473,-42.4979,-43.0502,-43.603,-44.1561,-44.7106,-45.2661,-45.8224,-46.3795,-46.9383,-47.4979,-48.0585,-48.6209,-49.1848,-49.7498,-50.3164,-50.8849,-51.4544,-52.0264,-52.6002,-53.176,-53.7541,-54.3343,-54.9168,-55.502,-56.0894,-56.6799,-57.2734,-57.8696,-58.4692,-59.0726,-59.6793,-60.2894,-60.9034,-61.5219,-62.1443,-62.7715,-63.403,-64.039,-64.6807,-65.3273,-65.9795,-66.6376,-67.3017,-67.9722,90,90,90,90,90,90,90,90,90,90,90,90,90,90,90,
90,90,90,90,90,90,90,90,90,90,90,90,90,90,90,68.0888,67.4169,66.7514,66.0918,65.4377,64.7892,64.1468,63.5084,62.8757,62.2471,61.6235,61.004,60.3882,59.7763,59.1689,58.5643,57.9639,57.3657,56.7712,56.18,55.5911,55.0049,54.4211,53.8399,53.2611,52.6843,52.109,51.5363,50.9653,50.3961,49.8285,49.2628,48.6979,48.1348,47.5732,47.0129,46.4534,45.8949,45.3379,44.7817,44.2265,43.6724,43.1189,42.5663,42.0143,41.463,40.9126,40.3629,39.8136,39.2649,38.7168,38.1693,37.6227,37.0758,36.5301,35.9845,35.4396,34.8954,34.3511,33.8075,33.2643,32.7214,32.179,31.6374,31.0959,30.5544,30.0139,29.4735,28.9331,28.394,27.8546,27.3161,26.7779,26.2396,25.7022,25.1652,24.6286,24.0919,23.5564,23.021,22.486,21.9515,21.4167,20.8833,20.3496,19.8166,19.2841,18.7517,18.2199,17.6882,17.157,16.6265,16.0955,15.5653,15.0358,14.5063,13.9767,13.4477,12.9186,12.39,11.8618,11.334,10.8058,10.278,9.75037,9.22294,8.69565,8.16846,7.64133,7.11363,6.58708,6.05988,5.5328,5.00586,4.4789,3.95195,3.42507,2.89811,2.37119,1.84429,1.31736,0.790408,0.263468,-0.263468,-0.790408,-1.31736,-1.84429,-2.37119,-2.89811,-3.42507,-3.95195,-4.4789,-5.00586,-5.5328,-6.05988,-6.58708,-7.11363,-7.64133,-8.16846,-8.69565,-9.22294,-9.75037,-10.278,-10.8058,-11.334,-11.8618,-12.39,-12.9186,-13.4477,-13.9767,-14.5063,-15.0358,-15.5653,-16.0955,-16.6265,-17.157,-17.6882,-18.2199,-18.7517,-19.2841,-19.8166,-20.3496,-20.8833,-21.4167,-21.9515,-22.486,-23.021,-23.5564,-24.0919,-24.6286,-25.1652,-25.7022,-26.2396,-26.7779,-27.3161,-27.8546,-28.394,-28.9331,-29.4735,-30.0139,-30.5544,-31.0959,-31.6374,-32.179,-32.7214,-33.2643,-33.8075,-34.3511,-34.8954,-35.4396,-35.9845,-36.5301,-37.0758,-37.6227,-38.1693,-38.7168,-39.2649,-39.8136,-40.3629,-40.9126,-41.463,-42.0143,-42.5663,-43.1189,-43.6724,-44.2265,-44.7817,-45.3379,-45.8949,-46.4534,-47.0129,-47.5732,-48.1348,-48.6979,-49.2628,-49.8285,-50.3961,-50.9653,-51.5363,-52.109,-52.6843,-53.2611,-53.8399,-54.4211,-55.0049,-55.5911,-56.18,-56.7712,-57.3657,-57.9639,-58.5643,-59.1689,-59.7763,-60.3882,-61.004,-61.6235,-62.2471,-62.8757,-63.5084,-64.1468,-64.7892,-65.4377,-66.0918,-66.7514,-67.4169,-68.0888,90,90,90,90,90,90,90,90,90,90,90,90,90,90,90,
90,90,90,90,90,90,90,90,90,90,90,90,90,90,90,68.2107,67.5369,66.8698,66.2082,65.5528,64.9027,64.2584,63.6187,62.9838,62.3545,61.7288,61.1079,60.4911,59.8779,59.2689,58.6635,58.0611,57.4622,56.8666,56.2734,55.6837,55.0962,54.5114,53.9292,53.3488,52.7713,52.1952,51.6218,51.0498,50.4794,49.9107,49.3439,48.7783,48.2141,47.6518,47.0904,46.5303,45.9706,45.4129,44.856,44.2997,43.7449,43.1903,42.637,42.0838,41.5319,40.9807,40.4299,39.8803,39.3304,38.7816,38.2334,37.6857,37.1389,36.5921,36.0458,35.4997,34.9548,34.4098,33.8654,33.3212,32.7775,32.2343,31.6912,31.1493,30.6071,30.066,29.5243,28.9838,28.4434,27.9037,27.3637,26.825,26.286,25.7474,25.2097,24.6719,24.1348,23.5983,23.0617,22.5257,21.9902,21.455,20.9201,20.386,19.8521,19.3183,18.7855,18.2523,17.7201,17.1874,16.6557,16.1241,15.5931,15.0623,14.5316,14.0014,13.4712,12.9413,12.412,11.8826,11.3535,10.8247,10.2956,9.76726,9.23856,8.7106,8.18215,7.65376,7.12597,6.59816,6.06969,5.54206,5.01415,4.48635,3.95848,3.43069,2.90288,2.37505,1.8473,1.31946,0.791715,0.263894,-0.263894,-0.791715,-1.31946,-1.8473,-2.37505,-2.90288,-3.43069,-3.95848,-4.48635,-5.01415,-5.54206,-6.06969,-6.59816,-7.12597,-7.65376,-8.18215,-8.7106,-9.23856,-9.76726,-10.2956,-10.8247,-11.3535,-11.8826,-12.412,-12.9413,-13.4712,-14.0014,-14.5316,-15.0623,-15.5931,-16.1241,-16.6557,-17.1874,-17.7201,-18.2523,-18.7855,-19.3183,-19.8521,-20.386,-20.9201,-21.455,-21.9902,-22.5257,-23.0617,-23.5983,-24.1348,-24.6719,-25.2097,-25.7474,-26.286,-26.825,-27.3637,-27.9037,-28.4434,-28.9838,-29.5243,-30.066,-30.6071,-31.1493,-31.6912,-32.2343,-32.7775,-33.3212,-33.8654,-34.4098,-34.9548,-35.4997,-36.0458,-36.5921,-37.1389,-37.6857,-38.2334,-38.7816,-39.3304,-39.8803,-40.4299,-40.9807,-41.5319,-42.0838,-42.637,-43.1903,-43.7449,-44.2997,-44.856,-45.4129,-45.9706,-46.5303,-47.0904,-47.6518,-48.2141,-48.7783,-49.3439,-49.9107,-50.4794,-51.0498,-51.6218,-52.1952,-52.7713,-53.3488,-53.9292,-54.5114,-55.0962,-55.6837,-56.2734,-56.8666,-57.4622,-58.0611,-58.6635,-59.2689,-59.8779,-60.4911,-61.1079,-61.7288,-62.3545,-62.9838,-63.6187,-64.2584,-64.9027,-65.5528,-66.2082,-66.8698,-67.5369,-68.2107,90,90,90,90,90,90,90,90,90,90,90,90,90,90,90,
90,90,90,90,90,90,90,90,90,90,90,90,90,90,90,68.3373,67.6621,66.9924,66.3294,65.6718,65.0203,64.3744,63.7333,63.0971,62.4656,61.8385,61.216,60.5979,59.9839,59.3728,58.7658,58.1626,57.562,56.9652,56.3711,55.7799,55.1913,54.6057,54.0222,53.4408,52.8617,52.2848,51.7098,51.137,50.566,49.996,49.4282,48.8618,48.2969,47.7334,47.1704,46.6096,46.0496,45.4903,44.9326,44.3756,43.8193,43.2647,42.7103,42.1564,41.6036,41.0514,40.5002,39.9494,39.3988,38.8492,38.2999,37.7514,37.2034,36.6559,36.1092,35.5624,35.0163,34.4705,33.9253,33.3802,32.8358,32.2919,31.748,31.2054,30.6622,30.1196,29.578,29.0362,28.4951,27.9541,27.4134,26.8734,26.3342,25.7949,25.256,24.7173,24.1796,23.6412,23.1044,22.5672,22.031,21.4945,20.9591,20.4234,19.8885,19.3543,18.8196,18.2857,17.7527,17.2195,16.6863,16.154,15.6219,15.0897,14.5582,14.0267,13.4958,12.9653,12.4346,11.9044,11.374,10.8439,10.3141,9.78445,9.25503,8.72576,8.19659,7.66747,7.13838,6.60925,6.08065,5.55171,5.0229,4.49408,3.96531,3.43662,2.90785,2.37913,1.85048,1.32173,0.793034,0.26435,-0.26435,-0.793034,-1.32173,-1.85048,-2.37913,-2.90785,-3.43662,-3.96531,-4.49408,-5.0229,-5.55171,-6.08065,-6.60925,-7.13838,-7.66747,-8.19659,-8.72576,-9.25503,-9.78445,-10.3141,-10.8439,-11.374,-11.9044,-12.4346,-12.9653,-13.4958,-14.0267,-14.5582,-15.0897,-15.6219,-16.154,-16.6863,-17.2195,-17.7527,-18.2857,-18.8196,-19.3543,-19.8885,-20.4234,-20.9591,-21.4945,-22.031,-22.5672,-23.1044,-23.6412,-24.1796,-24.7173,-25.256,-25.7949,-26.3342,-26.8734,-27.4134,-27.9541,-28.4951,-29.0362,-29.578,-30.1196,-30.6622,-31.2054,-31.748,-32.2919,-32.8358,-33.3802,-33.9253,-34.4705,-35.0163,-35.5624,-36.1092,-36.6559,-37.2034,-37.7514,-38.2999,-38.8492,-39.3988,-39.9494,-40.5002,-41.0514,-41.6036,-42.1564,-42.7103,-43.2647,-43.8193,-44.3756,-44.9326,-45.4903,-46.0496,-46.6096,-47.1704,-47.7334,-48.2969,-48.8618,-49.4282,-49.996,-50.566,-51.137,-51.7098,-52.2848,-52.8617,-53.4408,-54.0222,-54.6057,-55.1913,-55.7799,-56.3711,-56.9652,-57.562,-58.1626,-58.7658,-59.3728,-59.9839,-60.5979,-61.216,-61.8385,-62.4656,-63.0971,-63.7333,-64.3744,-65.0203,-65.6718,-66.3294,-66.9924,-67.6621,-68.3373,90,90,90,90,90,90,90,90,90,90,90,90,90,90,90,
90,90,90,90,90,90,90,90,90,90,90,90,90,90,90,90,67.7913,67.1202,66.4552,65.7962,65.1427,64.4945,63.852,63.2144,62.5812,61.9528,61.3286,60.7091,60.093,59.481,58.8726,58.2678,57.6664,57.0679,56.4722,55.8802,55.29,54.7031,54.1184,53.5357,52.9558,52.3778,51.8017,51.228,50.6554,50.0846,49.5156,48.9484,48.3819,47.8176,47.2543,46.6923,46.131,45.5715,45.0122,44.4544,43.8976,43.3411,42.7859,42.2315,41.678,41.1246,40.5726,40.021,39.4697,38.9192,38.3691,37.8199,37.2711,36.7223,36.1743,35.6271,35.0799,34.5337,33.9872,33.4419,32.8962,32.3514,31.8071,31.2629,30.7193,30.1758,29.6329,29.0904,28.5485,28.0067,27.4655,26.924,26.3837,25.8436,25.3039,24.7645,24.2254,23.6865,23.1481,22.6107,22.0728,21.5359,20.9991,20.4629,19.927,19.3911,18.856,18.3209,17.7865,17.2525,16.7187,16.1849,15.6519,15.1185,14.5861,14.0539,13.5216,12.9898,12.4584,11.9267,11.3956,10.8647,10.3335,9.80312,9.27235,8.74231,8.21178,7.68189,7.15144,6.62154,6.09158,5.56186,5.03205,4.50228,3.97251,3.44282,2.91309,2.38343,1.85377,1.32413,0.794485,0.264823,-0.264823,-0.794485,-1.32413,-1.85377,-2.38343,-2.91309,-3.44282,-3.97251,-4.50228,-5.03205,-5.56186,-6.09158,-6.62154,-7.15144,-7.68189,-8.21178,-8.74231,-9.27235,-9.80312,-10.3335,-10.8647,-11.3956,-11.9267,-12.4584,-12.9898,-13.5216,-14.0539,-14.5861,-15.1185,-15.6519,-16.1849,-16.7187,-17.2525,-17.7865,-18.3209,-18.856,-19.3911,-19.927,-20.4629,-20.9991,-21.5359,-22.0728,-22.6107,-23.1481,-23.6865,-24.2254,-24.7645,-25.3039,-25.8436,-26.3837,-26.924,-27.4655,-28.0067,-28.5485,-29.0904,-29.6329,-30.1758,-30.7193,-31.2629,-31.8071,-32.3514,-32.8962,-33.4419,-33.9872,-34.5337,-35.0799,-35.6271,-36.1743,-36.7223,-37.2711,-37.8199,-38.3691,-38.9192,-39.4697,-40.021,-40.5726,-41.1246,-41.678,-42.2315,-42.7859,-43.3411,-43.8976,-44.4544,-45.0122,-45.5715,-46.131,-46.6923,-47.2543,-47.8176,-48.3819,-48.9484,-49.5156,-50.0846,-50.6554,-51.228,-51.8017,-52.3778,-52.9558,-53.5357,-54.1184,-54.7031,-55.29,-55.8802,-56.4722,-57.0679,-57.6664,-58.2678,-58.8726,-59.481,-60.093,-60.7091,-61.3286,-61.9528,-62.5812,-63.2144,-63.852,-64.4945,-65.1427,-65.7962,-66.4552,-67.1202,-67.7913,90,90,90,90,90,90,90,90,90,90,90,90,90,90,90,90,
90,90,90,90,90,90,90,90,90,90,90,90,90,90,90,90,67.9258,67.2529,66.5858,65.9248,65.2696,64.6199,63.9754,63.3361,62.701,62.0708,61.4455,60.8243,60.2065,59.5931,58.9831,58.3773,57.7738,57.1744,56.5775,55.9838,55.3926,54.8045,54.2185,53.6346,53.0535,52.4742,51.8972,51.3219,50.7484,50.1765,49.6066,49.0378,48.4709,47.9054,47.3408,46.7779,46.2159,45.6547,45.095,44.536,43.978,43.4214,42.865,42.3098,41.7547,41.2008,40.648,40.0951,39.5433,38.9917,38.4411,37.8906,37.341,36.7914,36.2426,35.6941,35.1464,34.5989,34.0521,33.5054,32.9592,32.4132,31.868,31.323,30.7782,30.2337,29.69,29.1466,28.6037,28.0611,27.5187,26.9767,26.4353,25.8941,25.3536,24.8128,24.2729,23.7332,23.1942,22.6552,22.1164,21.5783,21.0406,20.5035,19.9662,19.4295,18.8932,18.3577,17.822,17.2864,16.7518,16.2174,15.6829,15.1486,14.615,14.0812,13.5481,13.0155,12.4827,11.9503,11.4176,10.8859,10.3539,9.82212,9.29053,8.75908,8.22773,7.69644,7.16516,6.63445,6.10308,5.57248,5.04161,4.51079,3.98008,3.44933,2.91861,2.38794,1.85728,1.3266,0.795951,0.265322,-0.265322,-0.795951,-1.3266,-1.85728,-2.38794,-2.91861,-3.44933,-3.98008,-4.51079,-5.04161,-5.57248,-6.10308,-6.63445,-7.16516,-7.69644,-8.22773,-8.75908,-9.29053,-9.82212,-10.3539,-10.8859,-11.4176,-11.9503,-12.4827,-13.0155,-13.5481,-14.0812,-14.615,-15.1486,-15.6829,-16.2174,-16.7518,-17.2864,-17.822,-18.3577,-18.8932,-19.4295,-19.9662,-20.5035,-21.0406,-21.5783,-22.1164,-22.6552,-23.1942,-23.7332,-24.2729,-24.8128,-25.3536,-25.8941,-26.4353,-26.9767,-27.5187,-28.0611,-28.6037,-29.1466,-29.69,-30.2337,-30.7782,-31.323,-31.868,-32.4132,-32.9592,-33.5054,-34.0521,-34.5989,-35.1464,-35.6941,-36.2426,-36.7914,-37.341,-37.8906,-38.4411,-38.9917,-39.5433,-40.0951,-40.648,-41.2008,-41.7547,-42.3098,-42.865,-43.4214,-43.978,-44.536,-45.095,-45.6547,-46.2159,-46.7779,-47.3408,-47.9054,-48.4709,-49.0378,-49.6066,-50.1765,-50.7484,-51.3219,-51.8972,-52.4742,-53.0535,-53.6346,-54.2185,-54.8045,-55.3926,-55.9838,-56.5775,-57.1744,-57.7738,-58.3773,-58.9831,-59.5931,-60.2065,-60.8243,-61.4455,-62.0708,-62.701,-63.3361,-63.9754,-64.6199,-65.2696,-65.9248,-66.5858,-67.2529,-67.9258,90,90,90,90,90,90,90,90,90,90,90,90,90,90,90,90,
90,90,90,90,90,90,90,90,90,90,90,90,90,90,90,90,68.0653,67.39,66.7212,66.0585,65.4013,64.7496,64.1034,63.462,62.8254,62.1937,61.5667,60.9432,60.3245,59.7097,59.0982,58.4899,57.8854,57.2847,56.6864,56.0909,55.4985,54.9091,54.3219,53.7371,53.1546,52.574,51.9957,51.4192,50.8448,50.2716,49.7009,49.1312,48.5626,47.9962,47.4304,46.8663,46.3034,45.7413,45.1807,44.6208,44.062,43.5037,42.9464,42.3904,41.8348,41.28,40.726,40.1722,39.6191,39.0666,38.5151,37.9637,37.4132,36.8627,36.3134,35.7637,35.215,34.6662,34.1185,33.5709,33.0238,32.4774,31.9309,31.3853,30.8392,30.2943,29.7492,29.2053,28.6612,28.1171,27.5742,27.0313,26.4885,25.9464,25.405,24.8634,24.322,23.7814,23.2416,22.7014,22.1615,21.6226,21.0841,20.5455,20.0075,19.4697,18.932,18.3952,17.8584,17.3222,16.7859,16.2506,15.7148,15.1796,14.6451,14.1105,13.576,13.0418,12.5081,11.9743,11.4408,10.9077,10.3747,9.84204,9.30899,8.77667,8.24445,7.7117,7.17956,6.64738,6.11574,5.58356,5.05159,4.51971,3.9879,3.4561,2.9244,2.39262,1.86092,1.32924,0.797552,0.26584,-0.26584,-0.797552,-1.32924,-1.86092,-2.39262,-2.9244,-3.4561,-3.9879,-4.51971,-5.05159,-5.58356,-6.11574,-6.64738,-7.17956,-7.7117,-8.24445,-8.77667,-9.30899,-9.84204,-10.3747,-10.9077,-11.4408,-11.9743,-12.5081,-13.0418,-13.576,-14.1105,-14.6451,-15.1796,-15.7148,-16.2506,-16.7859,-17.3222,-17.8584,-18.3952,-18.932,-19.4697,-20.0075,-20.5455,-21.0841,-21.6226,-22.1615,-22.7014,-23.2416,-23.7814,-24.322,-24.8634,-25.405,-25.9464,-26.4885,-27.0313,-27.5742,-28.1171,-28.6612,-29.2053,-29.7492,-30.2943,-30.8392,-31.3853,-31.9309,-32.4774,-33.0238,-33.5709,-34.1185,-34.6662,-35.215,-35.7637,-36.3134,-36.8627,-37.4132,-37.9637,-38.5151,-39.0666,-39.6191,-40.1722,-40.726,-41.28,-41.8348,-42.3904,-42.9464,-43.5037,-44.062,-44.6208,-45.1807,-45.7413,-46.3034,-46.8663,-47.4304,-47.9962,-48.5626,-49.1312,-49.7009,-50.2716,-50.8448,-51.4192,-51.9957,-52.574,-53.1546,-53.7371,-54.3219,-54.9091,-55.4985,-56.0909,-56.6864,-57.2847,-57.8854,-58.4899,-59.0982,-59.7097,-60.3245,-60.9432,-61.5667,-62.1937,-62.8254,-63.462,-64.1034,-64.7496,-65.4013,-66.0585,-66.7212,-67.39,-68.0653,90,90,90,90,90,90,90,90,90,90,90,90,90,90,90,90,
90,90,90,90,90,90,90,90,90,90,90,90,90,90,90,90,68.21,67.5324,66.8614,66.1967,65.5373,64.8841,64.2355,63.5926,62.9545,62.321,61.6917,61.067,60.4468,59.8299,59.217,58.6072,58.0018,57.399,56.7993,56.2023,55.609,55.0178,54.4292,53.8431,53.2592,52.6774,52.0978,51.5204,50.9446,50.3705,49.798,49.227,48.6584,48.0903,47.5239,46.9581,46.3943,45.8313,45.2694,44.7086,44.1489,43.5893,43.0314,42.4741,41.9172,41.3615,40.8061,40.2518,39.6978,39.1444,38.592,38.0397,37.4878,36.9368,36.3861,35.8355,35.2859,34.7366,34.1879,33.6394,33.0914,32.5436,31.9962,31.4491,30.9029,30.3566,29.8106,29.2652,28.7202,28.1758,27.6314,27.0875,26.5441,26.0009,25.4582,24.9157,24.3734,23.8319,23.2906,22.7494,22.2087,21.6682,21.1283,20.589,20.0498,19.5108,18.9725,18.4342,17.8967,17.3588,16.8218,16.2848,15.7481,15.2121,14.6759,14.1405,13.605,13.0694,12.5347,12,11.465,10.931,10.3966,9.86241,9.32893,8.7951,8.26137,7.7277,7.19463,6.66155,6.12839,5.59505,5.06204,4.52907,3.9961,3.4632,2.9304,2.39753,1.86473,1.33196,0.799168,0.266388,-0.266388,-0.799168,-1.33196,-1.86473,-2.39753,-2.9304,-3.4632,-3.9961,-4.52907,-5.06204,-5.59505,-6.12839,-6.66155,-7.19463,-7.7277,-8.26137,-8.7951,-9.32893,-9.86241,-10.3966,-10.931,-11.465,-12,-12.5347,-13.0694,-13.605,-14.1405,-14.6759,-15.2121,-15.7481,-16.2848,-16.8218,-17.3588,-17.8967,-18.4342,-18.9725,-19.5108,-20.0498,-20.589,-21.1283,-21.6682,-22.2087,-22.7494,-23.2906,-23.8319,-24.3734,-24.9157,-25.4582,-26.0009,-26.5441,-27.0875,-27.6314,-28.1758,-28.7202,-29.2652,-29.8106,-30.3566,-30.9029,-31.4491,-31.9962,-32.5436,-33.0914,-33.6394,-34.1879,-34.7366,-35.2859,-35.8355,-36.3861,-36.9368,-37.4878,-38.0397,-38.592,-39.1444,-39.6978,-40.2518,-40.8061,-41.3615,-41.9172,-42.4741,-43.0314,-43.5893,-44.1489,-44.7086,-45.2694,-45.8313,-46.3943,-46.9581,-47.5239,-48.0903,-48.6584,-49.227,-49.798,-50.3705,-50.9446,-51.5204,-52.0978,-52.6774,-53.2592,-53.8431,-54.4292,-55.0178,-55.609,-56.2023,-56.7993,-57.399,-58.0018,-58.6072,-59.217,-59.8299,-60.4468,-61.067,-61.6917,-62.321,-62.9545,-63.5926,-64.2355,-64.8841,-65.5373,-66.1967,-66.8614,-67.5324,-68.21,90,90,90,90,90,90,90,90,90,90,90,90,90,90,90,90,
90,90,90,90,90,90,90,90,90,90,90,90,90,90,90,90,90,67.6804,67.0067,66.3396,65.6786,65.0232,64.3731,63.728,63.0875,62.4526,61.8217,61.1952,60.5726,59.9545,59.3397,58.729,58.1213,57.5169,56.9163,56.318,55.7229,55.1302,54.5403,53.9526,53.3676,52.7843,52.2037,51.6249,51.0478,50.4724,49.8989,49.327,48.7565,48.1875,47.6198,47.0534,46.4883,45.9239,45.3611,44.7993,44.2382,43.6781,43.1189,42.5606,42.0032,41.4461,40.8897,40.3345,39.7795,39.2248,38.6713,38.118,37.5652,37.0132,36.4612,35.91,35.3594,34.8091,34.259,33.7099,33.161,32.6117,32.0636,31.5156,30.9681,30.4212,29.8741,29.3278,28.7818,28.2362,27.6909,27.1455,26.6008,26.0569,25.513,24.9692,24.426,23.8835,23.3412,22.7991,22.2571,21.7154,21.1745,20.6342,20.0937,19.5535,19.0139,18.475,17.936,17.3972,16.8585,16.3208,15.7831,15.2453,14.7084,14.1714,13.6348,13.0982,12.5621,12.0264,11.4903,10.9547,10.4193,9.88421,9.34926,8.81446,8.27907,7.74443,7.21041,6.67575,6.14162,5.60708,5.07292,4.53874,4.00468,3.47064,2.93663,2.40267,1.86872,1.3348,0.800861,0.266951,-0.266951,-0.800861,-1.3348,-1.86872,-2.40267,-2.93663,-3.47064,-4.00468,-4.53874,-5.07292,-5.60708,-6.14162,-6.67575,-7.21041,-7.74443,-8.27907,-8.81446,-9.34926,-9.88421,-10.4193,-10.9547,-11.4903,-12.0264,-12.5621,-13.0982,-13.6348,-14.1714,-14.7084,-15.2453,-15.7831,-16.3208,-16.8585,-17.3972,-17.936,-18.475,-19.0139,-19.5535,-20.0937,-20.6342,-21.1745,-21.7154,-22.2571,-22.7991,-23.3412,-23.8835,-24.426,-24.9692,-25.513,-26.0569,-26.6008,-27.1455,-27.6909,-28.2362,-28.7818,-29.3278,-29.8741,-30.4212,-30.9681,-31.5156,-32.0636,-32.6117,-33.161,-33.7099,-34.259,-34.8091,-35.3594,-35.91,-36.4612,-37.0132,-37.5652,-38.118,-38.6713,-39.2248,-39.7795,-40.3345,-40.8897,-41.4461,-42.0032,-42.5606,-43.1189,-43.6781,-44.2382,-44.7993,-45.3611,-45.9239,-46.4883,-47.0534,-47.6198,-48.1875,-48.7565,-49.327,-49.8989,-50.4724,-51.0478,-51.6249,-52.2037,-52.7843,-53.3676,-53.9526,-54.5403,-55.1302,-55.7229,-56.318,-56.9163,-57.5169,-58.1213,-58.729,-59.3397,-59.9545,-60.5726,-61.1952,-61.8217,-62.4526,-63.0875,-63.728,-64.3731,-65.0232,-65.6786,-66.3396,-67.0067,-67.6804,90,90,90,90,90,90,90,90,90,90,90,90,90,90,90,90,90,
90,90,90,90,90,90,90,90,90,90,90,90,90,90,90,90,90,67.8327,67.1573,66.488,65.8249,65.1673,64.515,63.8681,63.2259,62.5888,61.9559,61.3275,60.7033,60.0834,59.4671,58.8548,58.2452,57.6393,57.0368,56.4371,55.8404,55.2464,54.655,54.0664,53.4794,52.8951,52.3128,51.7325,51.1545,50.5776,50.0032,49.4298,48.8584,48.2879,47.7188,47.1515,46.5849,46.02,45.4558,44.8926,44.3305,43.7694,43.2097,42.6499,42.0915,41.533,40.9756,40.4194,39.8635,39.3081,38.7532,38.1993,37.645,37.0921,36.5394,35.9872,35.4351,34.8839,34.3327,33.7826,33.2322,32.6827,32.1332,31.5841,31.0359,30.4877,29.9397,29.3918,28.8451,28.2985,27.7521,27.2057,26.6603,26.1148,25.5699,25.0248,24.4808,23.9368,23.3935,22.8504,22.3073,21.7648,21.2222,20.6808,20.1393,19.5983,19.0569,18.5166,17.9764,17.4366,16.8971,16.3575,15.8188,15.2802,14.7415,14.2035,13.6654,13.1277,12.5905,12.0532,11.5163,10.9795,10.4425,9.90637,9.36981,8.83399,8.29827,7.762,7.22628,6.6906,6.15486,5.6196,5.08418,4.54886,4.0136,3.47835,2.94314,2.40798,1.87283,1.33771,0.802632,0.267545,-0.267545,-0.802632,-1.33771,-1.87283,-2.40798,-2.94314,-3.47835,-4.0136,-4.54886,-5.08418,-5.6196,-6.15486,-6.6906,-7.22628,-7.762,-8.29827,-8.83399,-9.36981,-9.90637,-10.4425,-10.9795,-11.5163,-12.0532,-12.5905,-13.1277,-13.6654,-14.2035,-14.7415,-15.2802,-15.8188,-16.3575,-16.8971,-17.4366,-17.9764,-18.5166,-19.0569,-19.5983,-20.1393,-20.6808,-21.2222,-21.7648,-22.3073,-22.8504,-23.3935,-23.9368,-24.4808,-25.0248,-25.5699,-26.1148,-26.6603,-27.2057,-27.7521,-28.2985,-28.8451,-29.3918,-29.9397,-30.4877,-31.0359,-31.5841,-32.1332,-32.6827,-33.2322,-33.7826,-34.3327,-34.8839,-35.4351,-35.9872,-36.5394,-37.0921,-37.645,-38.1993,-38.7532,-39.3081,-39.8635,-40.4194,-40.9756,-41.533,-42.0915,-42.6499,-43.2097,-43.7694,-44.3305,-44.8926,-45.4558,-46.02,-46.5849,-47.1515,-47.7188,-48.2879,-48.8584,-49.4298,-50.0032,-50.5776,-51.1545,-51.7325,-52.3128,-52.8951,-53.4794,-54.0664,-54.655,-55.2464,-55.8404,-56.4371,-57.0368,-57.6393,-58.2452,-58.8548,-59.4671,-60.0834,-60.7033,-61.3275,-61.9559,-62.5888,-63.2259,-63.8681,-64.515,-65.1673,-65.8249,-66.488,-67.1573,-67.8327,90,90,90,90,90,90,90,90,90,90,90,90,90,90,90,90,90,
90,90,90,90,90,90,90,90,90,90,90,90,90,90,90,90,90,67.9907,67.3131,66.6415,65.9761,65.3161,64.6616,64.0124,63.3687,62.7291,62.0951,61.4645,60.8388,60.2164,59.599,58.9843,58.3739,57.7662,57.1621,56.5605,55.9623,55.3669,54.7739,54.1835,53.5954,53.0096,52.4262,51.8446,51.2646,50.6867,50.1108,49.5361,48.9636,48.3921,47.822,47.2532,46.6856,46.1192,45.554,44.9898,44.4267,43.8641,43.3024,42.7421,42.1826,41.6231,41.0647,40.507,39.9504,39.394,38.8377,38.2823,37.7278,37.1733,36.6196,36.0667,35.5136,34.9613,34.4094,33.8575,33.3063,32.7558,32.2051,31.6551,31.1053,30.5563,30.0072,29.4588,28.9105,28.3628,27.8149,27.268,26.721,26.1744,25.6287,25.0826,24.5375,23.9924,23.4475,22.9032,22.3591,21.815,21.2721,20.7288,20.1863,19.6436,19.1019,18.5598,18.0187,17.4771,16.9365,16.396,15.8555,15.3158,14.7762,14.2369,13.6978,13.1586,12.6198,12.0812,11.5432,11.0049,10.4674,9.9295,9.39187,8.85438,8.31699,7.78026,7.24294,6.70618,6.16936,5.63254,5.09593,4.55936,4.02279,3.48635,2.94989,2.41353,1.87713,1.34081,0.804482,0.26816,-0.26816,-0.804482,-1.34081,-1.87713,-2.41353,-2.94989,-3.48635,-4.02279,-4.55936,-5.09593,-5.63254,-6.16936,-6.70618,-7.24294,-7.78026,-8.31699,-8.85438,-9.39187,-9.9295,-10.4674,-11.0049,-11.5432,-12.0812,-12.6198,-13.1586,-13.6978,-14.2369,-14.7762,-15.3158,-15.8555,-16.396,-16.9365,-17.4771,-18.0187,-18.5598,-19.1019,-19.6436,-20.1863,-20.7288,-21.2721,-21.815,-22.3591,-22.9032,-23.4475,-23.9924,-24.5375,-25.0826,-25.6287,-26.1744,-26.721,-27.268,-27.8149,-28.3628,-28.9105,-29.4588,-30.0072,-30.5563,-31.1053,-31.6551,-32.2051,-32.7558,-33.3063,-33.8575,-34.4094,-34.9613,-35.5136,-36.0667,-36.6196,-37.1733,-37.7278,-38.2823,-38.8377,-39.394,-39.9504,-40.507,-41.0647,-41.6231,-42.1826,-42.7421,-43.3024,-43.8641,-44.4267,-44.9898,-45.554,-46.1192,-46.6856,-47.2532,-47.822,-48.3921,-48.9636,-49.5361,-50.1108,-50.6867,-51.2646,-51.8446,-52.4262,-53.0096,-53.5954,-54.1835,-54.7739,-55.3669,-55.9623,-56.5605,-57.1621,-57.7662,-58.3739,-58.9843,-59.599,-60.2164,-60.8388,-61.4645,-62.0951,-62.7291,-63.3687,-64.0124,-64.6616,-65.3161,-65.9761,-66.6415,-67.3131,-67.9907,90,90,90,90,90,90,90,90,90,90,90,90,90,90,90,90,90,
90,90,90,90,90,90,90,90,90,90,90,90,90,90,90,90,90,90,67.4738,66.7999,66.1323,65.4699,64.8137,64.1623,63.5164,62.8751,62.2386,61.6063,60.9781,60.3549,59.7351,59.1188,58.5059,57.8971,57.2911,56.6882,56.0882,55.4907,54.8967,54.3047,53.7152,53.1279,52.5429,51.9598,51.3787,50.7998,50.222,49.6466,49.0722,48.4992,47.928,47.3577,46.789,46.2216,45.6553,45.0896,44.525,43.9618,43.3995,42.8372,42.2767,41.7164,41.1565,40.5978,40.0401,39.4825,38.9255,38.3691,37.8131,37.2578,36.7031,36.1487,35.5945,35.0409,34.488,33.9352,33.3827,32.831,32.2793,31.7285,31.1776,30.627,30.0768,29.5276,28.9782,28.4285,27.8803,27.3317,26.7836,26.2365,25.6891,25.1421,24.5951,24.0492,23.5031,22.9578,22.4125,21.8673,21.3227,20.7785,20.2347,19.6909,19.1475,18.605,18.062,17.5195,16.9777,16.4354,15.8939,15.3529,14.8116,14.2714,13.7305,13.1906,12.6507,12.1106,11.5707,11.0318,10.4927,9.95313,9.41437,8.87566,8.33714,7.79868,7.26024,6.72236,6.18381,5.64611,5.10812,4.57024,4.03242,3.49467,2.95692,2.41926,1.88161,1.34399,0.806412,0.268795,-0.268795,-0.806412,-1.34399,-1.88161,-2.41926,-2.95692,-3.49467,-4.03242,-4.57024,-5.10812,-5.64611,-6.18381,-6.72236,-7.26024,-7.79868,-8.33714,-8.87566,-9.41437,-9.95313,-10.4927,-11.0318,-11.5707,-12.1106,-12.6507,-13.1906,-13.7305,-14.2714,-14.8116,-15.3529,-15.8939,-16.4354,-16.9777,-17.5195,-18.062,-18.605,-19.1475,-19.6909,-20.2347,-20.7785,-21.3227,-21.8673,-22.4125,-22.9578,-23.5031,-24.0492,-24.5951,-25.1421,-25.6891,-26.2365,-26.7836,-27.3317,-27.8803,-28.4285,-28.9782,-29.5276,-30.0768,-30.627,-31.1776,-31.7285,-32.2793,-32.831,-33.3827,-33.9352,-34.488,-35.0409,-35.5945,-36.1487,-36.7031,-37.2578,-37.8131,-38.3691,-38.9255,-39.4825,-40.0401,-40.5978,-41.1565,-41.7164,-42.2767,-42.8372,-43.3995,-43.9618,-44.525,-45.0896,-45.6553,-46.2216,-46.789,-47.3577,-47.928,-48.4992,-49.0722,-49.6466,-50.222,-50.7998,-51.3787,-51.9598,-52.5429,-53.1279,-53.7152,-54.3047,-54.8967,-55.4907,-56.0882,-56.6882,-57.2911,-57.8971,-58.5059,-59.1188,-59.7351,-60.3549,-60.9781,-61.6063,-62.2386,-62.8751,-63.5164,-64.1623,-64.8137,-65.4699,-66.1323,-66.7999,-67.4738,90,90,90,90,90,90,90,90,90,90,90,90,90,90,90,90,90,90,
90,90,90,90,90,90,90,90,90,90,90,90,90,90,90,90,90,90,67.6397,66.9635,66.2935,65.6289,64.9704,64.317,63.6687,63.0252,62.3864,61.7525,61.1226,60.4969,59.8753,59.2571,58.6431,58.0321,57.4241,56.82,56.2179,55.6193,55.0233,54.4298,53.8387,53.2499,52.6634,52.0791,51.4964,50.916,50.3371,49.7601,49.1842,48.6101,48.0374,47.4664,46.8962,46.3272,45.7593,45.193,44.6272,44.0625,43.4986,42.9361,42.374,41.8126,41.2516,40.6917,40.1324,39.5738,39.0156,38.4584,37.9013,37.3446,36.7885,36.233,35.678,35.1234,34.5689,34.015,33.4616,32.9087,32.3563,31.8035,31.2518,30.7005,30.149,29.5983,29.0477,28.4973,27.9479,27.3981,26.8491,26.3003,25.7518,25.2033,24.6554,24.108,23.5611,23.014,22.4676,21.9212,21.3754,20.8301,20.2847,19.7395,19.1949,18.6507,18.1067,17.5628,17.0199,16.4766,15.9337,15.3912,14.8486,14.3065,13.7651,13.2235,12.6817,12.141,11.6001,11.0588,10.5184,9.97825,9.43771,8.89792,8.35822,7.81798,7.27827,6.73861,6.19949,5.66,5.12072,4.58154,4.04241,3.5033,2.96423,2.42526,1.88624,1.34732,0.808371,0.26946,-0.26946,-0.808371,-1.34732,-1.88624,-2.42526,-2.96423,-3.5033,-4.04241,-4.58154,-5.12072,-5.66,-6.19949,-6.73861,-7.27827,-7.81798,-8.35822,-8.89792,-9.43771,-9.97825,-10.5184,-11.0588,-11.6001,-12.141,-12.6817,-13.2235,-13.7651,-14.3065,-14.8486,-15.3912,-15.9337,-16.4766,-17.0199,-17.5628,-18.1067,-18.6507,-19.1949,-19.7395,-20.2847,-20.8301,-21.3754,-21.9212,-22.4676,-23.014,-23.5611,-24.108,-24.6554,-25.2033,-25.7518,-26.3003,-26.8491,-27.3981,-27.9479,-28.4973,-29.0477,-29.5983,-30.149,-30.7005,-31.2518,-31.8035,-32.3563,-32.9087,-33.4616,-34.015,-34.5689,-35.1234,-35.678,-36.233,-36.7885,-37.3446,-37.9013,-38.4584,-39.0156,-39.5738,-40.1324,-40.6917,-41.2516,-41.8126,-42.374,-42.9361,-43.4986,-44.0625,-44.6272,-45.193,-45.7593,-46.3272,-46.8962,-47.4664,-48.0374,-48.6101,-49.1842,-49.7601,-50.3371,-50.916,-51.4964,-52.0791,-52.6634,-53.2499,-53.8387,-54.4298,-55.0233,-55.6193,-56.2179,-56.82,-57.4241,-58.0321,-58.6431,-59.2571,-59.8753,-60.4969,-61.1226,-61.7525,-62.3864,-63.0252,-63.6687,-64.317,-64.9704,-65.6289,-66.2935,-66.9635,-67.6397,90,90,90,90,90,90,90,90,90,90,90,90,90,90,90,90,90,90,
90,90,90,90,90,90,90,90,90,90,90,90,90,90,90,90,90,90,67.8113,67.1324,66.4598,65.7933,65.1319,64.4765,63.8262,63.1803,62.5398,61.9033,61.2716,60.6442,60.0201,59.4004,58.7839,58.1714,57.562,56.9554,56.3521,55.752,55.1543,54.5587,53.9664,53.3761,52.7879,52.2016,51.6178,51.0362,50.4553,49.8772,49.3001,48.7244,48.1505,47.578,47.0062,46.436,45.867,45.2995,44.7326,44.1667,43.6012,43.0376,42.4738,41.9113,41.3495,40.7885,40.228,39.6677,39.1084,38.55,37.9917,37.4342,36.8766,36.3202,35.7641,35.2082,34.6529,34.0979,33.5428,32.9892,32.4351,31.8814,31.3284,30.7755,30.2232,29.6708,29.1194,28.5682,28.017,27.4661,26.9159,26.3658,25.8161,25.2667,24.7173,24.169,23.62,23.0719,22.5243,21.9767,21.4297,20.8826,20.3365,19.7903,19.2437,18.6982,18.153,17.6081,17.0632,16.5186,15.9748,15.4302,14.887,14.3432,13.7998,13.257,12.7147,12.1722,11.6293,11.0874,10.5453,10.0039,9.46202,8.92039,8.37946,7.83798,7.29712,6.75623,6.21526,5.67447,5.13377,4.59318,4.0527,3.51223,2.9718,2.43142,1.89105,1.35077,0.810466,0.270144,-0.270144,-0.810466,-1.35077,-1.89105,-2.43142,-2.9718,-3.51223,-4.0527,-4.59318,-5.13377,-5.67447,-6.21526,-6.75623,-7.29712,-7.83798,-8.37946,-8.92039,-9.46202,-10.0039,-10.5453,-11.0874,-11.6293,-12.1722,-12.7147,-13.257,-13.7998,-14.3432,-14.887,-15.4302,-15.9748,-16.5186,-17.0632,-17.6081,-18.153,-18.6982,-19.2437,-19.7903,-20.3365,-20.8826,-21.4297,-21.9767,-22.5243,-23.0719,-23.62,-24.169,-24.7173,-25.2667,-25.8161,-26.3658,-26.9159,-27.4661,-28.017,-28.5682,-29.1194,-29.6708,-30.2232,-30.7755,-31.3284,-31.8814,-32.4351,-32.9892,-33.5428,-34.0979,-34.6529,-35.2082,-35.7641,-36.3202,-36.8766,-37.4342,-37.9917,-38.55,-39.1084,-39.6677,-40.228,-40.7885,-41.3495,-41.9113,-42.4738,-43.0376,-43.6012,-44.1667,-44.7326,-45.2995,-45.867,-46.436,-47.0062,-47.578,-48.1505,-48.7244,-49.3001,-49.8772,-50.4553,-51.0362,-51.6178,-52.2016,-52.7879,-53.3761,-53.9664,-54.5587,-55.1543,-55.752,-56.3521,-56.9554,-57.562,-58.1714,-58.7839,-59.4004,-60.0201,-60.6442,-61.2716,-61.9033,-62.5398,-63.1803,-63.8262,-64.4765,-65.1319,-65.7933,-66.4598,-67.1324,-67.8113,90,90,90,90,90,90,90,90,90,90,90,90,90,90,90,90,90,90,
90,90,90,90,90,90,90,90,90,90,90,90,90,90,90,90,90,90,90,67.3069,66.6321,65.9627,65.2992,64.6414,63.9887,63.3405,62.6973,62.0593,61.4251,60.7958,60.17,59.5482,58.93,58.3152,57.7037,57.096,56.4909,55.8886,55.2888,54.692,54.0977,53.5061,52.9163,52.3288,51.7434,51.1592,50.578,49.9978,49.4195,48.8423,48.2672,47.6929,47.12,46.5486,45.9784,45.4093,44.8412,44.2736,43.707,43.1421,42.5771,42.0134,41.4504,40.8877,40.326,39.7653,39.2048,38.6447,38.0852,37.5264,36.968,36.4099,35.8525,35.2954,34.7389,34.183,33.6271,33.0718,32.5164,31.9615,31.4073,30.8531,30.2999,29.7462,29.1935,28.6406,28.0882,27.5363,26.9845,26.4334,25.8825,25.3318,24.7814,24.231,23.6815,23.132,22.5827,22.0338,21.4855,20.9371,20.3892,19.8418,19.2947,18.7471,18.2007,17.6544,17.1084,16.5624,16.0166,15.4716,14.9259,14.3813,13.8367,13.2921,12.7477,12.2039,11.6604,11.1167,10.5731,10.0299,9.4868,8.94448,8.40166,7.8588,7.31604,6.77386,6.2316,5.68947,5.14736,4.60534,4.06339,3.52151,2.97963,2.43777,1.89605,1.35429,0.812583,0.270856,-0.270856,-0.812583,-1.35429,-1.89605,-2.43777,-2.97963,-3.52151,-4.06339,-4.60534,-5.14736,-5.68947,-6.2316,-6.77386,-7.31604,-7.8588,-8.40166,-8.94448,-9.4868,-10.0299,-10.5731,-11.1167,-11.6604,-12.2039,-12.7477,-13.2921,-13.8367,-14.3813,-14.9259,-15.4716,-16.0166,-16.5624,-17.1084,-17.6544,-18.2007,-18.7471,-19.2947,-19.8418,-20.3892,-20.9371,-21.4855,-22.0338,-22.5827,-23.132,-23.6815,-24.231,-24.7814,-25.3318,-25.8825,-26.4334,-26.9845,-27.5363,-28.0882,-28.6406,-29.1935,-29.7462,-30.2999,-30.8531,-31.4073,-31.9615,-32.5164,-33.0718,-33.6271,-34.183,-34.7389,-35.2954,-35.8525,-36.4099,-36.968,-37.5264,-38.0852,-38.6447,-39.2048,-39.7653,-40.326,-40.8877,-41.4504,-42.0134,-42.5771,-43.1421,-43.707,-44.2736,-44.8412,-45.4093,-45.9784,-46.5486,-47.12,-47.6929,-48.2672,-48.8423,-49.4195,-49.9978,-50.578,-51.1592,-51.7434,-52.3288,-52.9163,-53.5061,-54.0977,-54.692,-55.2888,-55.8886,-56.4909,-57.096,-57.7037,-58.3152,-58.93,-59.5482,-60.17,-60.7958,-61.4251,-62.0593,-62.6973,-63.3405,-63.9887,-64.6414,-65.2992,-65.9627,-66.6321,-67.3069,90,90,90,90,90,90,90,90,90,90,90,90,90,90,90,90,90,90,90,
90,90,90,90,90,90,90,90,90,90,90,90,90,90,90,90,90,90,90,67.4871,66.8093,66.1374,65.4717,64.8112,64.1558,63.5061,62.8608,62.2201,61.584,60.9525,60.3243,59.7004,59.0803,58.4637,57.8505,57.2401,56.633,56.0294,55.4279,54.8298,54.2337,53.64,53.049,52.4597,51.8723,51.2869,50.704,50.1221,49.5426,48.964,48.3873,47.8118,47.2372,46.6646,46.0927,45.5219,44.9525,44.3837,43.8162,43.2496,42.6839,42.1185,41.5542,40.9902,40.4277,39.8649,39.3035,38.7422,38.1813,37.6213,37.0616,36.5026,35.9439,35.3855,34.8278,34.2705,33.7129,33.1562,32.5999,32.0442,31.4887,30.9335,30.3782,29.8235,29.2695,28.7158,28.1624,27.6089,27.0555,26.5031,25.9508,25.3989,24.8471,24.2956,23.7446,23.1934,22.6432,22.0932,21.543,20.9933,20.444,19.8952,19.3468,18.7981,18.2497,17.702,17.1546,16.6069,16.0604,15.5132,14.9668,14.4204,13.8743,13.3283,12.7828,12.2376,11.6921,11.147,10.6022,10.0576,9.51307,8.9682,8.42403,7.87991,7.33642,6.79227,6.2486,5.70488,5.1613,4.61782,4.0744,3.53105,2.98767,2.4444,1.90121,1.35798,0.814794,0.271593,-0.271593,-0.814794,-1.35798,-1.90121,-2.4444,-2.98767,-3.53105,-4.0744,-4.61782,-5.1613,-5.70488,-6.2486,-6.79227,-7.33642,-7.87991,-8.42403,-8.9682,-9.51307,-10.0576,-10.6022,-11.147,-11.6921,-12.2376,-12.7828,-13.3283,-13.8743,-14.4204,-14.9668,-15.5132,-16.0604,-16.6069,-17.1546,-17.702,-18.2497,-18.7981,-19.3468,-19.8952,-20.444,-20.9933,-21.543,-22.0932,-22.6432,-23.1934,-23.7446,-24.2956,-24.8471,-25.3989,-25.9508,-26.5031,-27.0555,-27.6089,-28.1624,-28.7158,-29.2695,-29.8235,-30.3782,-30.9335,-31.4887,-32.0442,-32.5999,-33.1562,-33.7129,-34.2705,-34.8278,-35.3855,-35.9439,-36.5026,-37.0616,-37.6213,-38.1813,-38.7422,-39.3035,-39.8649,-40.4277,-40.9902,-41.5542,-42.1185,-42.6839,-43.2496,-43.8162,-44.3837,-44.9525,-45.5219,-46.0927,-46.6646,-47.2372,-47.8118,-48.3873,-48.964,-49.5426,-50.1221,-50.704,-51.2869,-51.8723,-52.4597,-53.049,-53.64,-54.2337,-54.8298,-55.4279,-56.0294,-56.633,-57.2401,-57.8505,-58.4637,-59.0803,-59.7004,-60.3243,-60.9525,-61.584,-62.2201,-62.8608,-63.5061,-64.1558,-64.8112,-65.4717,-66.1374,-66.8093,-67.4871,90,90,90,90,90,90,90,90,90,90,90,90,90,90,90,90,90,90,90,
90,90,90,90,90,90,90,90,90,90,90,90,90,90,90,90,90,90,90,67.6724,66.9921,66.3177,65.6495,64.9866,64.329,63.6766,63.0286,62.386,61.7475,61.1133,60.4837,59.8578,59.235,58.6166,58.0013,57.3896,56.7806,56.1747,55.5719,54.9711,54.3738,53.7783,53.1851,52.5942,52.0058,51.4187,50.8336,50.2509,49.6692,49.089,48.5105,47.9342,47.3582,46.7839,46.2108,45.6386,45.0676,44.4979,43.9287,43.3604,42.7933,42.227,41.6615,41.0962,40.5318,39.9686,39.4051,38.8424,38.2806,37.7193,37.1583,36.5979,36.038,35.4786,34.919,34.3604,33.8023,33.2443,32.6866,32.129,31.5722,31.0157,30.4598,29.9038,29.3479,28.7928,28.238,27.6834,27.1287,26.5747,26.0213,25.468,24.9149,24.362,23.8093,23.257,22.7051,22.1535,21.6027,21.0516,20.501,19.9502,19.3998,18.8503,18.3005,17.7516,17.2021,16.6535,16.105,15.5566,15.0086,14.4608,13.9129,13.3655,12.8184,12.2713,11.7251,11.178,10.6316,10.0857,9.53924,8.99357,8.44799,7.90239,7.35688,6.81134,6.26633,5.72089,5.17578,4.63077,4.08578,3.5409,2.99606,2.45127,1.90649,1.36173,0.817021,0.27235,-0.27235,-0.817021,-1.36173,-1.90649,-2.45127,-2.99606,-3.5409,-4.08578,-4.63077,-5.17578,-5.72089,-6.26633,-6.81134,-7.35688,-7.90239,-8.44799,-8.99357,-9.53924,-10.0857,-10.6316,-11.178,-11.7251,-12.2713,-12.8184,-13.3655,-13.9129,-14.4608,-15.0086,-15.5566,-16.105,-16.6535,-17.2021,-17.7516,-18.3005,-18.8503,-19.3998,-19.9502,-20.501,-21.0516,-21.6027,-22.1535,-22.7051,-23.257,-23.8093,-24.362,-24.9149,-25.468,-26.0213,-26.5747,-27.1287,-27.6834,-28.238,-28.7928,-29.3479,-29.9038,-30.4598,-31.0157,-31.5722,-32.129,-32.6866,-33.2443,-33.8023,-34.3604,-34.919,-35.4786,-36.038,-36.5979,-37.1583,-37.7193,-38.2806,-38.8424,-39.4051,-39.9686,-40.5318,-41.0962,-41.6615,-42.227,-42.7933,-43.3604,-43.9287,-44.4979,-45.0676,-45.6386,-46.2108,-46.7839,-47.3582,-47.9342,-48.5105,-49.089,-49.6692,-50.2509,-50.8336,-51.4187,-52.0058,-52.5942,-53.1851,-53.7783,-54.3738,-54.9711,-55.5719,-56.1747,-56.7806,-57.3896,-58.0013,-58.6166,-59.235,-59.8578,-60.4837,-61.1133,-61.7475,-62.386,-63.0286,-63.6766,-64.329,-64.9866,-65.6495,-66.3177,-66.9921,-67.6724,90,90,90,90,90,90,90,90,90,90,90,90,90,90,90,90,90,90,90,
90,90,90,90,90,90,90,90,90,90,90,90,90,90,90,90,90,90,90,90,67.181,66.5038,65.8331,65.1671,64.507,63.8521,63.2021,62.5571,61.9161,61.28,60.648,60.0193,59.3947,58.7744,58.1572,57.5428,56.9319,56.3243,55.7197,55.1171,54.5175,53.9203,53.3257,52.733,52.1424,51.5544,50.9675,50.383,49.8,49.2184,48.6386,48.0597,47.4824,46.9068,46.3323,45.7588,45.1864,44.6149,44.0444,43.4752,42.9063,42.3387,41.7718,41.2051,40.6394,40.0744,39.5099,38.9463,38.3832,37.82,37.2576,36.6959,36.1345,35.5738,35.0131,34.4531,33.8936,33.3342,32.7752,32.2165,31.6583,31.1004,30.5432,29.9857,29.4284,28.8722,28.316,27.76,27.2039,26.6487,26.0939,25.5391,24.9846,24.4303,23.8762,23.3227,22.7691,22.2163,21.6632,21.1109,20.5589,20.0067,19.4554,18.9039,18.3527,17.8017,17.2515,16.7007,16.1507,15.6009,15.0516,14.5024,13.9529,13.404,12.8556,12.307,11.7586,11.2107,10.6624,10.1149,9.56693,9.01981,8.47217,7.92519,7.37822,6.83121,6.28405,5.73734,5.19065,4.64406,4.09752,3.55112,3.00469,2.4583,1.91199,1.36571,0.819407,0.273133,-0.273133,-0.819407,-1.36571,-1.91199,-2.4583,-3.00469,-3.55112,-4.09752,-4.64406,-5.19065,-5.73734,-6.28405,-6.83121,-7.37822,-7.92519,-8.47217,-9.01981,-9.56693,-10.1149,-10.6624,-11.2107,-11.7586,-12.307,-12.8556,-13.404,-13.9529,-14.5024,-15.0516,-15.6009,-16.1507,-16.7007,-17.2515,-17.8017,-18.3527,-18.9039,-19.4554,-20.0067,-20.5589,-21.1109,-21.6632,-22.2163,-22.7691,-23.3227,-23.8762,-24.4303,-24.9846,-25.5391,-26.0939,-26.6487,-27.2039,-27.76,-28.316,-28.8722,-29.4284,-29.9857,-30.5432,-31.1004,-31.6583,-32.2165,-32.7752,-33.3342,-33.8936,-34.4531,-35.0131,-35.5738,-36.1345,-36.6959,-37.2576,-37.82,-38.3832,-38.9463,-39.5099,-40.0744,-40.6394,-41.2051,-41.7718,-42.3387,-42.9063,-43.4752,-44.0444,-44.6149,-45.1864,-45.7588,-46.3323,-46.9068,-47.4824,-48.0597,-48.6386,-49.2184,-49.8,-50.383,-50.9675,-51.5544,-52.1424,-52.733,-53.3257,-53.9203,-54.5175,-55.1171,-55.7197,-56.3243,-56.9319,-57.5428,-58.1572,-58.7744,-59.3947,-60.0193,-60.648,-61.28,-61.9161,-62.5571,-63.2021,-63.8521,-64.507,-65.1671,-65.8331,-66.5038,-67.181,90,90,90,90,90,90,90,90,90,90,90,90,90,90,90,90,90,90,90,90,
90,90,90,90,90,90,90,90,90,90,90,90,90,90,90,90,90,90,90,90,67.3752,66.6952,66.0213,65.3535,64.6909,64.0334,63.3809,62.7329,62.0899,61.4513,60.8165,60.1865,59.5594,58.9368,58.3172,57.7012,57.0886,56.4786,55.8721,55.2678,54.6658,54.0671,53.4707,52.8761,52.2838,51.6939,51.1057,50.5189,49.9346,49.3512,48.7696,48.1897,47.6106,47.0336,46.4577,45.8824,45.3082,44.7358,44.1638,43.5924,43.0225,42.4535,41.8848,41.3171,40.7501,40.1832,39.6177,39.0527,38.4881,37.9239,37.3601,36.797,36.2342,35.6724,35.1099,34.5488,33.9879,33.4271,32.8669,32.3065,31.7472,31.1878,30.6291,30.0705,29.5117,28.9541,28.3964,27.8389,27.2813,26.7247,26.1684,25.6118,25.0558,24.5006,23.945,23.39,22.8352,22.2806,21.7263,21.1723,20.619,20.0653,19.5119,18.9589,18.4062,17.8543,17.302,16.7498,16.1984,15.6469,15.0955,14.5447,13.9939,13.4435,12.8934,12.3433,11.7935,11.2434,10.6941,10.1446,9.59516,9.04652,8.49735,7.94815,7.39966,6.85113,6.30253,5.75435,5.20607,4.65783,4.10966,3.56156,3.01354,2.46558,1.91762,1.3697,0.821811,0.273942,-0.273942,-0.821811,-1.3697,-1.91762,-2.46558,-3.01354,-3.56156,-4.10966,-4.65783,-5.20607,-5.75435,-6.30253,-6.85113,-7.39966,-7.94815,-8.49735,-9.04652,-9.59516,-10.1446,-10.6941,-11.2434,-11.7935,-12.3433,-12.8934,-13.4435,-13.9939,-14.5447,-15.0955,-15.6469,-16.1984,-16.7498,-17.302,-17.8543,-18.4062,-18.9589,-19.5119,-20.0653,-20.619,-21.1723,-21.7263,-22.2806,-22.8352,-23.39,-23.945,-24.5006,-25.0558,-25.6118,-26.1684,-26.7247,-27.2813,-27.8389,-28.3964,-28.9541,-29.5117,-30.0705,-30.6291,-31.1878,-31.7472,-32.3065,-32.8669,-33.4271,-33.9879,-34.5488,-35.1099,-35.6724,-36.2342,-36.797,-37.3601,-37.9239,-38.4881,-39.0527,-39.6177,-40.1832,-40.7501,-41.3171,-41.8848,-42.4535,-43.0225,-43.5924,-44.1638,-44.7358,-45.3082,-45.8824,-46.4577,-47.0336,-47.6106,-48.1897,-48.7696,-49.3512,-49.9346,-50.5189,-51.1057,-51.6939,-52.2838,-52.8761,-53.4707,-54.0671,-54.6658,-55.2678,-55.8721,-56.4786,-57.0886,-57.7012,-58.3172,-58.9368,-59.5594,-60.1865,-60.8165,-61.4513,-62.0899,-62.7329,-63.3809,-64.0334,-64.6909,-65.3535,-66.0213,-66.6952,-67.3752,90,90,90,90,90,90,90,90,90,90,90,90,90,90,90,90,90,90,90,90,
90,90,90,90,90,90,90,90,90,90,90,90,90,90,90,90,90,90,90,90,90,66.8929,66.2164,65.5452,64.8797,64.2199,63.5646,62.9142,62.2687,61.6281,60.9908,60.3582,59.7291,59.1041,58.4825,57.8642,57.2492,56.6377,56.0284,55.4225,54.8191,54.2182,53.6195,53.0235,52.4292,51.8374,51.2474,50.6592,50.073,49.4877,48.9051,48.3229,47.7428,47.164,46.5862,46.0095,45.4343,44.8596,44.2862,43.7142,43.1425,42.5716,42.0014,41.4323,40.8637,40.2958,39.7289,39.1624,38.5959,38.0307,37.4654,36.9008,36.3364,35.7728,35.2097,34.6472,34.0843,33.5223,32.9607,32.3995,31.8384,31.2778,30.7171,30.157,29.5972,29.0375,28.4789,27.9196,27.3611,26.8029,26.2451,25.687,25.1297,24.5724,24.0158,23.4593,22.9029,22.347,21.791,21.2356,20.6799,20.1252,19.5705,19.016,18.4617,17.9076,17.3538,16.8007,16.2471,15.6941,15.1412,14.5887,14.0362,13.4843,12.9322,12.3805,11.829,11.2774,10.7266,10.1754,9.62435,9.07351,8.52339,7.97269,7.422,6.87189,6.32163,5.77182,5.2219,4.67201,4.12218,3.57243,3.02277,2.47309,1.92349,1.37391,0.824316,0.274773,-0.274773,-0.824316,-1.37391,-1.92349,-2.47309,-3.02277,-3.57243,-4.12218,-4.67201,-5.2219,-5.77182,-6.32163,-6.87189,-7.422,-7.97269,-8.52339,-9.07351,-9.62435,-10.1754,-10.7266,-11.2774,-11.829,-12.3805,-12.9322,-13.4843,-14.0362,-14.5887,-15.1412,-15.6941,-16.2471,-16.8007,-17.3538,-17.9076,-18.4617,-19.016,-19.5705,-20.1252,-20.6799,-21.2356,-21.791,-22.347,-22.9029,-23.4593,-24.0158,-24.5724,-25.1297,-25.687,-26.2451,-26.8029,-27.3611,-27.9196,-28.4789,-29.0375,-29.5972,-30.157,-30.7171,-31.2778,-31.8384,-32.3995,-32.9607,-33.5223,-34.0843,-34.6472,-35.2097,-35.7728,-36.3364,-36.9008,-37.4654,-38.0307,-38.5959,-39.1624,-39.7289,-40.2958,-40.8637,-41.4323,-42.0014,-42.5716,-43.1425,-43.7142,-44.2862,-44.8596,-45.4343,-46.0095,-46.5862,-47.164,-47.7428,-48.3229,-48.9051,-49.4877,-50.073,-50.6592,-51.2474,-51.8374,-52.4292,-53.0235,-53.6195,-54.2182,-54.8191,-55.4225,-56.0284,-56.6377,-57.2492,-57.8642,-58.4825,-59.1041,-59.7291,-60.3582,-60.9908,-61.6281,-62.2687,-62.9142,-63.5646,-64.2199,-64.8797,-65.5452,-66.2164,-66.8929,90,90,90,90,90,90,90,90,90,90,90,90,90,90,90,90,90,90,90,90,90,
90,90,90,90,90,90,90,90,90,90,90,90,90,90,90,90,90,90,90,90,90,67.0967,66.4169,65.7433,65.0749,64.4122,63.754,63.1013,62.4532,61.8096,61.1703,60.5351,59.9041,59.2765,58.6528,58.0325,57.4155,56.8012,56.1904,55.5822,54.9769,54.3734,53.7733,53.1753,52.5796,51.9855,51.3935,50.8039,50.2153,49.6289,49.044,48.4603,47.8784,47.298,46.7188,46.1406,45.5635,44.9873,44.4124,43.8384,43.2653,42.6933,42.1216,41.551,40.981,40.4116,39.8431,39.2747,38.7071,38.1404,37.5736,37.0079,36.4424,35.8767,35.3121,34.7481,34.1845,33.6209,33.0574,32.4946,31.9322,31.3697,30.8083,30.2463,29.6853,29.1244,28.5636,28.003,27.4431,26.8834,26.3234,25.7643,25.2055,24.6468,24.0886,23.5305,22.9725,22.4151,21.8576,21.3004,20.7433,20.187,19.6305,19.0745,18.5186,17.9629,17.4075,16.8521,16.2975,15.7429,15.1884,14.6344,14.0802,13.526,12.9729,12.4189,11.8659,11.3126,10.7601,10.2073,9.65472,9.10224,8.54985,7.99742,7.44572,6.89334,6.34151,5.78987,5.23824,4.68665,4.13511,3.58364,3.03218,2.4808,1.92949,1.37821,0.826905,0.275632,-0.275632,-0.826905,-1.37821,-1.92949,-2.4808,-3.03218,-3.58364,-4.13511,-4.68665,-5.23824,-5.78987,-6.34151,-6.89334,-7.44572,-7.99742,-8.54985,-9.10224,-9.65472,-10.2073,-10.7601,-11.3126,-11.8659,-12.4189,-12.9729,-13.526,-14.0802,-14.6344,-15.1884,-15.7429,-16.2975,-16.8521,-17.4075,-17.9629,-18.5186,-19.0745,-19.6305,-20.187,-20.7433,-21.3004,-21.8576,-22.4151,-22.9725,-23.5305,-24.0886,-24.6468,-25.2055,-25.7643,-26.3234,-26.8834,-27.4431,-28.003,-28.5636,-29.1244,-29.6853,-30.2463,-30.8083,-31.3697,-31.9322,-32.4946,-33.0574,-33.6209,-34.1845,-34.7481,-35.3121,-35.8767,-36.4424,-37.0079,-37.5736,-38.1404,-38.7071,-39.2747,-39.8431,-40.4116,-40.981,-41.551,-42.1216,-42.6933,-43.2653,-43.8384,-44.4124,-44.9873,-45.5635,-46.1406,-46.7188,-47.298,-47.8784,-48.4603,-49.044,-49.6289,-50.2153,-50.8039,-51.3935,-51.9855,-52.5796,-53.1753,-53.7733,-54.3734,-54.9769,-55.5822,-56.1904,-56.8012,-57.4155,-58.0325,-58.6528,-59.2765,-59.9041,-60.5351,-61.1703,-61.8096,-62.4532,-63.1013,-63.754,-64.4122,-65.0749,-65.7433,-66.4169,-67.0967,90,90,90,90,90,90,90,90,90,90,90,90,90,90,90,90,90,90,90,90,90,
90,90,90,90,90,90,90,90,90,90,90,90,90,90,90,90,90,90,90,90,90,67.3059,66.6235,65.9466,65.2757,64.6098,63.9494,63.294,62.6433,61.9966,61.3552,60.7174,60.0837,59.454,58.828,58.2051,57.5861,56.9698,56.3564,55.7462,55.1384,54.5335,53.9313,53.331,52.7333,52.1376,51.544,50.952,50.3619,49.7737,49.1872,48.6021,48.0181,47.4362,46.855,46.2749,45.6967,45.1189,44.5421,43.9671,43.3919,42.818,42.2451,41.673,41.101,40.5305,39.9605,39.3904,38.8214,38.2526,37.6851,37.1178,36.5503,35.9839,35.4177,34.852,34.2863,33.7212,33.157,32.5922,32.0282,31.4644,30.9014,30.3381,29.7755,29.2131,28.651,28.0891,27.5276,26.9657,26.4046,25.8439,25.2834,24.7231,24.1632,23.6037,23.044,22.485,21.9258,21.367,20.8082,20.2505,19.6923,19.1344,18.577,18.0197,17.4625,16.9055,16.3492,15.7929,15.2367,14.6804,14.1246,13.5694,13.0138,12.4588,11.9041,11.3491,10.7944,10.2399,9.68546,9.13128,8.57719,8.02315,7.46911,6.91566,6.36212,5.80845,5.255,4.70164,4.14833,3.5951,3.04196,2.48881,1.93567,1.38261,0.829534,0.276519,-0.276519,-0.829534,-1.38261,-1.93567,-2.48881,-3.04196,-3.5951,-4.14833,-4.70164,-5.255,-5.80845,-6.36212,-6.91566,-7.46911,-8.02315,-8.57719,-9.13128,-9.68546,-10.2399,-10.7944,-11.3491,-11.9041,-12.4588,-13.0138,-13.5694,-14.1246,-14.6804,-15.2367,-15.7929,-16.3492,-16.9055,-17.4625,-18.0197,-18.577,-19.1344,-19.6923,-20.2505,-20.8082,-21.367,-21.9258,-22.485,-23.044,-23.6037,-24.1632,-24.7231,-25.2834,-25.8439,-26.4046,-26.9657,-27.5276,-28.0891,-28.651,-29.2131,-29.7755,-30.3381,-30.9014,-31.4644,-32.0282,-32.5922,-33.157,-33.7212,-34.2863,-34.852,-35.4177,-35.9839,-36.5503,-37.1178,-37.6851,-38.2526,-38.8214,-39.3904,-39.9605,-40.5305,-41.101,-41.673,-42.2451,-42.818,-43.3919,-43.9671,-44.5421,-45.1189,-45.6967,-46.2749,-46.855,-47.4362,-48.0181,-48.6021,-49.1872,-49.7737,-50.3619,-50.952,-51.544,-52.1376,-52.7333,-53.331,-53.9313,-54.5335,-55.1384,-55.7462,-56.3564,-56.9698,-57.5861,-58.2051,-58.828,-59.454,-60.0837,-60.7174,-61.3552,-61.9966,-62.6433,-63.294,-63.9494,-64.6098,-65.2757,-65.9466,-66.6235,-67.3059,90,90,90,90,90,90,90,90,90,90,90,90,90,90,90,90,90,90,90,90,90,
90,90,90,90,90,90,90,90,90,90,90,90,90,90,90,90,90,90,90,90,90,90,66.836,66.1564,65.4822,64.8133,64.1505,63.4918,62.8384,62.1895,61.5449,60.905,60.2692,59.6365,59.0082,58.3829,57.7613,57.1428,56.5279,55.9156,55.3058,54.6988,54.0937,53.4918,52.892,52.2943,51.6988,51.1047,50.5131,49.9228,49.3343,48.7476,48.1621,47.5782,46.9954,46.4137,45.8335,45.2542,44.6758,44.0983,43.5224,42.9469,42.3721,41.7979,41.2252,40.6526,40.081,39.5098,38.939,38.3691,37.7995,37.2306,36.662,36.0939,35.5256,34.9587,34.3915,33.825,33.2586,32.6931,32.1274,31.562,30.9973,30.4324,29.868,29.3043,28.7405,28.1769,27.6137,27.0509,26.4882,25.9257,25.3635,24.8015,24.2402,23.6787,23.1173,22.5568,21.9959,21.4353,20.8754,20.3154,19.7554,19.196,18.6367,18.0776,17.5195,16.9608,16.4021,15.8441,15.2861,14.7287,14.1712,13.6135,13.0563,12.4996,11.943,11.3862,10.8298,10.2735,9.71742,9.16148,8.60562,8.04972,7.49392,6.93807,6.38277,5.82759,5.27236,4.71716,4.16202,3.60695,3.05198,2.49699,1.94205,1.38716,0.832314,0.277429,-0.277429,-0.832314,-1.38716,-1.94205,-2.49699,-3.05198,-3.60695,-4.16202,-4.71716,-5.27236,-5.82759,-6.38277,-6.93807,-7.49392,-8.04972,-8.60562,-9.16148,-9.71742,-10.2735,-10.8298,-11.3862,-11.943,-12.4996,-13.0563,-13.6135,-14.1712,-14.7287,-15.2861,-15.8441,-16.4021,-16.9608,-17.5195,-18.0776,-18.6367,-19.196,-19.7554,-20.3154,-20.8754,-21.4353,-21.9959,-22.5568,-23.1173,-23.6787,-24.2402,-24.8015,-25.3635,-25.9257,-26.4882,-27.0509,-27.6137,-28.1769,-28.7405,-29.3043,-29.868,-30.4324,-30.9973,-31.562,-32.1274,-32.6931,-33.2586,-33.825,-34.3915,-34.9587,-35.5256,-36.0939,-36.662,-37.2306,-37.7995,-38.3691,-38.939,-39.5098,-40.081,-40.6526,-41.2252,-41.7979,-42.3721,-42.9469,-43.5224,-44.0983,-44.6758,-45.2542,-45.8335,-46.4137,-46.9954,-47.5782,-48.1621,-48.7476,-49.3343,-49.9228,-50.5131,-51.1047,-51.6988,-52.2943,-52.892,-53.4918,-54.0937,-54.6988,-55.3058,-55.9156,-56.5279,-57.1428,-57.7613,-58.3829,-59.0082,-59.6365,-60.2692,-60.905,-61.5449,-62.1895,-62.8384,-63.4918,-64.1505,-64.8133,-65.4822,-66.1564,-66.836,90,90,90,90,90,90,90,90,90,90,90,90,90,90,90,90,90,90,90,90,90,90,
90,90,90,90,90,90,90,90,90,90,90,90,90,90,90,90,90,90,90,90,90,90,67.0545,66.3718,65.6948,65.0233,64.3572,63.6958,63.0396,62.388,61.7407,61.098,60.4595,59.8247,59.1934,58.5663,57.9425,57.3214,56.704,56.0887,55.4771,54.8677,54.2613,53.6573,53.0551,52.4554,51.8582,51.2625,50.6688,50.076,49.4859,48.8971,48.31,47.7236,47.1392,46.5559,45.974,45.3927,44.8131,44.234,43.6565,43.0789,42.5028,41.927,41.3527,40.7784,40.2052,39.6323,39.0599,38.4883,37.917,37.3464,36.7765,36.2068,35.6371,35.0681,34.4996,33.932,33.3639,32.7966,32.2292,31.6624,31.096,30.5293,29.9636,29.3981,28.8323,28.2678,27.7029,27.1384,26.5738,26.0099,25.4459,24.8821,24.3191,23.7558,23.1929,22.6303,22.0683,21.5061,20.9439,20.3826,19.8211,19.2597,18.6988,18.1379,17.5772,17.0174,16.4569,15.8971,15.3373,14.7781,14.2181,13.6593,13.1003,12.5417,11.9828,11.4242,10.8659,10.3077,9.74979,9.19202,8.63434,8.0767,7.51906,6.96201,6.40424,5.84722,5.29009,4.73307,4.17609,3.61913,3.06225,2.50543,1.94861,1.39189,0.835139,0.278368,-0.278368,-0.835139,-1.39189,-1.94861,-2.50543,-3.06225,-3.61913,-4.17609,-4.73307,-5.29009,-5.84722,-6.40424,-6.96201,-7.51906,-8.0767,-8.63434,-9.19202,-9.74979,-10.3077,-10.8659,-11.4242,-11.9828,-12.5417,-13.1003,-13.6593,-14.2181,-14.7781,-15.3373,-15.8971,-16.4569,-17.0174,-17.5772,-18.1379,-18.6988,-19.2597,-19.8211,-20.3826,-20.9439,-21.5061,-22.0683,-22.6303,-23.1929,-23.7558,-24.3191,-24.8821,-25.4459,-26.0099,-26.5738,-27.1384,-27.7029,-28.2678,-28.8323,-29.3981,-29.9636,-30.5293,-31.096,-31.6624,-32.2292,-32.7966,-33.3639,-33.932,-34.4996,-35.0681,-35.6371,-36.2068,-36.7765,-37.3464,-37.917,-38.4883,-39.0599,-39.6323,-40.2052,-40.7784,-41.3527,-41.927,-42.5028,-43.0789,-43.6565,-44.234,-44.8131,-45.3927,-45.974,-46.5559,-47.1392,-47.7236,-48.31,-48.8971,-49.4859,-50.076,-50.6688,-51.2625,-51.8582,-52.4554,-53.0551,-53.6573,-54.2613,-54.8677,-55.4771,-56.0887,-56.704,-57.3214,-57.9425,-58.5663,-59.1934,-59.8247,-60.4595,-61.098,-61.7407,-62.388,-63.0396,-63.6958,-64.3572,-65.0233,-65.6948,-66.3718,-67.0545,90,90,90,90,90,90,90,90,90,90,90,90,90,90,90,90,90,90,90,90,90,90,
90,90,90,90,90,90,90,90,90,90,90,90,90,90,90,90,90,90,90,90,90,90,90,66.5942,65.9138,65.2389,64.57,63.9058,63.2468,62.5921,61.9426,61.2972,60.6556,60.0184,59.3848,58.7547,58.1281,57.5049,56.8848,56.2682,55.6541,55.0425,54.4336,53.8269,53.223,52.6216,52.0218,51.4236,50.8282,50.2342,49.6416,49.0511,48.4619,47.8738,47.2878,46.7024,46.1184,45.5358,44.9546,44.3737,43.7937,43.2148,42.6371,42.06,41.4831,40.9076,40.3326,39.758,39.1844,38.6106,38.038,37.4656,36.8936,36.3222,35.7513,35.1809,34.6106,34.0412,33.4717,32.9027,32.3339,31.7655,31.1973,30.6292,30.0617,29.4944,28.9276,28.3605,27.794,27.2277,26.6617,26.0956,25.5307,24.965,24.4001,23.8353,23.2709,22.7061,22.1422,21.5783,21.0147,20.451,19.8882,19.325,18.7622,18.1994,17.6371,17.0752,16.5129,15.9514,15.3897,14.8286,14.2674,13.706,13.1451,12.5846,12.0239,11.464,10.9038,10.3432,9.78343,9.22376,8.66408,8.10455,7.54501,6.98607,6.4264,5.86748,5.30846,4.74946,4.19058,3.63171,3.07287,2.51414,1.95542,1.3967,0.83799,0.279331,-0.279331,-0.83799,-1.3967,-1.95542,-2.51414,-3.07287,-3.63171,-4.19058,-4.74946,-5.30846,-5.86748,-6.4264,-6.98607,-7.54501,-8.10455,-8.66408,-9.22376,-9.78343,-10.3432,-10.9038,-11.464,-12.0239,-12.5846,-13.1451,-13.706,-14.2674,-14.8286,-15.3897,-15.9514,-16.5129,-17.0752,-17.6371,-18.1994,-18.7622,-19.325,-19.8882,-20.451,-21.0147,-21.5783,-22.1422,-22.7061,-23.2709,-23.8353,-24.4001,-24.965,-25.5307,-26.0956,-26.6617,-27.2277,-27.794,-28.3605,-28.9276,-29.4944,-30.0617,-30.6292,-31.1973,-31.7655,-32.3339,-32.9027,-33.4717,-34.0412,-34.6106,-35.1809,-35.7513,-36.3222,-36.8936,-37.4656,-38.038,-38.6106,-39.1844,-39.758,-40.3326,-40.9076,-41.4831,-42.06,-42.6371,-43.2148,-43.7937,-44.3737,-44.9546,-45.5358,-46.1184,-46.7024,-47.2878,-47.8738,-48.4619,-49.0511,-49.6416,-50.2342,-50.8282,-51.4236,-52.0218,-52.6216,-53.223,-53.8269,-54.4336,-55.0425,-55.6541,-56.2682,-56.8848,-57.5049,-58.1281,-58.7547,-59.3848,-60.0184,-60.6556,-61.2972,-61.9426,-62.5921,-63.2468,-63.9058,-64.57,-65.2389,-65.9138,-66.5942,90,90,90,90,90,90,90,90,90,90,90,90,90,90,90,90,90,90,90,90,90,90,90,
90,90,90,90,90,90,90,90,90,90,90,90,90,90,90,90,90,90,90,90,90,90,90,66.8224,66.1388,65.4611,64.7887,64.1219,63.4595,62.8025,62.1496,61.5014,60.857,60.2172,59.5812,58.9483,58.3195,57.6937,57.0714,56.452,55.8357,55.2219,54.6108,54.0019,53.3958,52.7918,52.1898,51.5903,50.9924,50.3962,49.8018,49.2092,48.6178,48.0285,47.4403,46.8527,46.2675,45.6827,45.0993,44.5167,43.9354,43.3548,42.7749,42.1961,41.6178,41.0406,40.4634,39.8871,39.3117,38.7365,38.1622,37.5885,37.0147,36.4418,35.8692,35.297,34.7249,34.1532,33.5824,33.0115,32.4409,31.871,31.301,30.7316,30.1622,29.5934,29.0248,28.4561,27.8875,27.3198,26.7522,26.1843,25.6175,25.05,24.4832,23.9165,23.3504,22.7843,22.2185,21.6526,21.0874,20.5218,19.9571,19.3919,18.8272,18.2627,17.6988,17.1347,16.571,16.0067,15.4437,14.8802,14.3171,13.7544,13.1916,12.6291,12.0664,11.504,10.9418,10.3799,9.81814,9.25651,8.69497,8.13347,7.57197,7.01034,6.4494,5.88827,5.32728,4.76632,4.20541,3.64457,3.08382,2.52306,1.96231,1.40164,0.840952,0.280325,-0.280325,-0.840952,-1.40164,-1.96231,-2.52306,-3.08382,-3.64457,-4.20541,-4.76632,-5.32728,-5.88827,-6.4494,-7.01034,-7.57197,-8.13347,-8.69497,-9.25651,-9.81814,-10.3799,-10.9418,-11.504,-12.0664,-12.6291,-13.1916,-13.7544,-14.3171,-14.8802,-15.4437,-16.0067,-16.571,-17.1347,-17.6988,-18.2627,-18.8272,-19.3919,-19.9571,-20.5218,-21.0874,-21.6526,-22.2185,-22.7843,-23.3504,-23.9165,-24.4832,-25.05,-25.6175,-26.1843,-26.7522,-27.3198,-27.8875,-28.4561,-29.0248,-29.5934,-30.1622,-30.7316,-31.301,-31.871,-32.4409,-33.0115,-33.5824,-34.1532,-34.7249,-35.297,-35.8692,-36.4418,-37.0147,-37.5885,-38.1622,-38.7365,-39.3117,-39.8871,-40.4634,-41.0406,-41.6178,-42.1961,-42.7749,-43.3548,-43.9354,-44.5167,-45.0993,-45.6827,-46.2675,-46.8527,-47.4403,-48.0285,-48.6178,-49.2092,-49.8018,-50.3962,-50.9924,-51.5903,-52.1898,-52.7918,-53.3958,-54.0019,-54.6108,-55.2219,-55.8357,-56.452,-57.0714,-57.6937,-58.3195,-58.9483,-59.5812,-60.2172,-60.857,-61.5014,-62.1496,-62.8025,-63.4595,-64.1219,-64.7887,-65.4611,-66.1388,-66.8224,90,90,90,90,90,90,90,90,90,90,90,90,90,90,90,90,90,90,90,90,90,90,90,
90,90,90,90,90,90,90,90,90,90,90,90,90,90,90,90,90,90,90,90,90,90,90,90,66.3708,65.6897,65.0139,64.3442,63.6789,63.0185,62.3626,61.7116,61.0646,60.422,59.7828,59.1479,58.516,57.8882,57.2631,56.6411,56.022,55.4059,54.7926,54.1816,53.5732,52.9674,52.3628,51.7611,51.1608,50.5629,49.9663,49.3719,48.7788,48.1873,47.5969,47.0079,46.42,45.8335,45.2483,44.664,44.0804,43.498,42.9163,42.3357,41.7557,41.1766,40.5976,40.0204,39.4427,38.8662,38.2896,37.7141,37.1388,36.5642,35.9896,35.4156,34.842,34.269,33.6963,33.1239,32.5514,31.9796,31.4077,30.8367,30.266,29.695,29.1242,28.5541,27.9842,27.4143,26.8445,26.2755,25.7061,25.1373,24.5688,24.0007,23.4321,22.8646,22.2963,21.7293,21.1618,20.5942,20.0276,19.4606,18.8945,18.328,17.7615,17.196,16.6297,16.0642,15.4992,14.9335,14.3684,13.8039,13.239,12.6745,12.1098,11.546,10.9818,10.4178,9.85343,9.28977,8.7262,8.16267,7.59913,7.03619,6.47283,5.90972,5.34669,4.78369,4.22073,3.65781,3.09503,2.53223,1.96944,1.40673,0.844009,0.281344,-0.281344,-0.844009,-1.40673,-1.96944,-2.53223,-3.09503,-3.65781,-4.22073,-4.78369,-5.34669,-5.90972,-6.47283,-7.03619,-7.59913,-8.16267,-8.7262,-9.28977,-9.85343,-10.4178,-10.9818,-11.546,-12.1098,-12.6745,-13.239,-13.8039,-14.3684,-14.9335,-15.4992,-16.0642,-16.6297,-17.196,-17.7615,-18.328,-18.8945,-19.4606,-20.0276,-20.5942,-21.1618,-21.7293,-22.2963,-22.8646,-23.4321,-24.0007,-24.5688,-25.1373,-25.7061,-26.2755,-26.8445,-27.4143,-27.9842,-28.5541,-29.1242,-29.695,-30.266,-30.8367,-31.4077,-31.9796,-32.5514,-33.1239,-33.6963,-34.269,-34.842,-35.4156,-35.9896,-36.5642,-37.1388,-37.7141,-38.2896,-38.8662,-39.4427,-40.0204,-40.5976,-41.1766,-41.7557,-42.3357,-42.9163,-43.498,-44.0804,-44.664,-45.2483,-45.8335,-46.42,-47.0079,-47.5969,-48.1873,-48.7788,-49.3719,-49.9663,-50.5629,-51.1608,-51.7611,-52.3628,-52.9674,-53.5732,-54.1816,-54.7926,-55.4059,-56.022,-56.6411,-57.2631,-57.8882,-58.516,-59.1479,-59.7828,-60.422,-61.0646,-61.7116,-62.3626,-63.0185,-63.6789,-64.3442,-65.0139,-65.6897,-66.3708,90,90,90,90,90,90,90,90,90,90,90,90,90,90,90,90,90,90,90,90,90,90,90,90,
90,90,90,90,90,90,90,90,90,90,90,90,90,90,90,90,90,90,90,90,90,90,90,90,66.6089,65.9243,65.2457,64.5725,63.9037,63.2403,62.5818,61.9278,61.2782,60.6325,59.9904,59.3528,58.7184,58.0874,57.46,56.8357,56.2143,55.5953,54.9797,54.3668,53.7556,53.1472,52.5407,51.9372,51.3346,50.734,50.136,49.539,48.9435,48.3502,47.7575,47.1668,46.577,45.9887,45.4012,44.8151,44.2297,43.6455,43.0619,42.4795,41.8976,41.3167,40.7363,40.1567,39.5776,38.9987,38.4211,37.8433,37.2661,36.6901,36.1136,35.5377,34.9627,34.3876,33.813,33.2386,32.6647,32.091,31.5175,30.9442,30.3719,29.7989,29.2267,28.6546,28.083,27.5112,26.9399,26.3686,25.7978,25.227,24.6565,24.0864,23.5163,22.9463,22.3767,21.8077,21.2382,20.6691,20.1001,19.5317,18.9629,18.3948,17.8264,17.2588,16.6904,16.1229,15.5558,14.9889,14.4216,13.8542,13.2879,12.7215,12.1547,11.5881,11.0219,10.4558,9.88994,9.32419,8.75852,8.19288,7.62789,7.0622,6.49694,5.93166,5.36652,4.80147,4.23642,3.67149,3.10653,2.54169,1.97684,1.41202,0.847182,0.282395,-0.282395,-0.847182,-1.41202,-1.97684,-2.54169,-3.10653,-3.67149,-4.23642,-4.80147,-5.36652,-5.93166,-6.49694,-7.0622,-7.62789,-8.19288,-8.75852,-9.32419,-9.88994,-10.4558,-11.0219,-11.5881,-12.1547,-12.7215,-13.2879,-13.8542,-14.4216,-14.9889,-15.5558,-16.1229,-16.6904,-17.2588,-17.8264,-18.3948,-18.9629,-19.5317,-20.1001,-20.6691,-21.2382,-21.8077,-22.3767,-22.9463,-23.5163,-24.0864,-24.6565,-25.227,-25.7978,-26.3686,-26.9399,-27.5112,-28.083,-28.6546,-29.2267,-29.7989,-30.3719,-30.9442,-31.5175,-32.091,-32.6647,-33.2386,-33.813,-34.3876,-34.9627,-35.5377,-36.1136,-36.6901,-37.2661,-37.8433,-38.4211,-38.9987,-39.5776,-40.1567,-40.7363,-41.3167,-41.8976,-42.4795,-43.0619,-43.6455,-44.2297,-44.8151,-45.4012,-45.9887,-46.577,-47.1668,-47.7575,-48.3502,-48.9435,-49.539,-50.136,-50.734,-51.3346,-51.9372,-52.5407,-53.1472,-53.7556,-54.3668,-54.9797,-55.5953,-56.2143,-56.8357,-57.46,-58.0874,-58.7184,-59.3528,-59.9904,-60.6325,-61.2782,-61.9278,-62.5818,-63.2403,-63.9037,-64.5725,-65.2457,-65.9243,-66.6089,90,90,90,90,90,90,90,90,90,90,90,90,90,90,90,90,90,90,90,90,90,90,90,90,
90,90,90,90,90,90,90,90,90,90,90,90,90,90,90,90,90,90,90,90,90,90,90,90,66.8535,66.1662,65.484,64.8072,64.1357,63.4693,62.8073,62.1503,61.4975,60.849,60.2043,59.5633,58.9261,58.2931,57.6627,57.0355,56.4118,55.7905,55.1725,54.5563,53.9433,53.3324,52.7237,52.1178,51.513,50.9105,50.3098,49.7112,49.1135,48.5174,47.9233,47.3307,46.7386,46.1484,45.5586,44.9706,44.3833,43.7967,43.2118,42.6269,42.0436,41.4608,40.878,40.2965,39.7155,39.1352,38.5556,37.9759,37.3973,36.8187,36.2407,35.6633,35.0858,34.5093,33.9327,33.3569,32.7808,32.2056,31.6301,31.0551,30.4804,29.9063,29.3321,28.7583,28.1846,27.6107,27.0377,26.4646,25.8918,25.3191,24.7471,24.1744,23.6025,23.0309,22.4593,21.8879,21.3166,20.7454,20.1748,19.6037,19.0334,18.4634,17.8929,17.3231,16.7532,16.1836,15.6137,15.0446,14.4759,13.9065,13.338,12.7693,12.2003,11.6323,11.064,10.4958,9.92771,9.35979,8.79195,8.22414,7.65633,7.08912,6.52161,5.95422,5.38697,4.81975,4.25258,3.68547,3.1184,2.55137,1.98435,1.41741,0.850389,0.283473,-0.283473,-0.850389,-1.41741,-1.98435,-2.55137,-3.1184,-3.68547,-4.25258,-4.81975,-5.38697,-5.95422,-6.52161,-7.08912,-7.65633,-8.22414,-8.79195,-9.35979,-9.92771,-10.4958,-11.064,-11.6323,-12.2003,-12.7693,-13.338,-13.9065,-14.4759,-15.0446,-15.6137,-16.1836,-16.7532,-17.3231,-17.8929,-18.4634,-19.0334,-19.6037,-20.1748,-20.7454,-21.3166,-21.8879,-22.4593,-23.0309,-23.6025,-24.1744,-24.7471,-25.3191,-25.8918,-26.4646,-27.0377,-27.6107,-28.1846,-28.7583,-29.3321,-29.9063,-30.4804,-31.0551,-31.6301,-32.2056,-32.7808,-33.3569,-33.9327,-34.5093,-35.0858,-35.6633,-36.2407,-36.8187,-37.3973,-37.9759,-38.5556,-39.1352,-39.7155,-40.2965,-40.878,-41.4608,-42.0436,-42.6269,-43.2118,-43.7967,-44.3833,-44.9706,-45.5586,-46.1484,-46.7386,-47.3307,-47.9233,-48.5174,-49.1135,-49.7112,-50.3098,-50.9105,-51.513,-52.1178,-52.7237,-53.3324,-53.9433,-54.5563,-55.1725,-55.7905,-56.4118,-57.0355,-57.6627,-58.2931,-58.9261,-59.5633,-60.2043,-60.849,-61.4975,-62.1503,-62.8073,-63.4693,-64.1357,-64.8072,-65.484,-66.1662,-66.8535,90,90,90,90,90,90,90,90,90,90,90,90,90,90,90,90,90,90,90,90,90,90,90,90,
90,90,90,90,90,90,90,90,90,90,90,90,90,90,90,90,90,90,90,90,90,90,90,90,90,66.4147,65.7291,65.0487,64.3738,63.7039,63.0394,62.3788,61.723,61.0712,60.4238,59.7806,59.1405,58.5039,57.8712,57.2415,56.6145,55.9911,55.3698,54.7518,54.1359,53.5231,52.9123,52.3031,51.6964,51.0915,50.4884,49.8875,49.2878,48.6898,48.0933,47.4979,46.9044,46.3122,45.7205,45.1301,44.5413,43.9524,43.3655,42.7787,42.1934,41.6082,41.0239,40.4409,39.8579,39.2756,38.6935,38.1123,37.5315,36.9515,36.3711,35.792,35.213,34.6344,34.0558,33.4783,32.9004,32.3229,31.7458,31.1688,30.5924,30.0162,29.4398,28.8645,28.2888,27.7133,27.1382,26.5633,25.9883,25.4135,24.8394,24.2654,23.6911,23.1176,22.5438,21.9705,21.397,20.8236,20.2509,19.6782,19.1057,18.5335,17.9614,17.3888,16.8176,16.2457,15.6736,15.1023,14.5314,13.9604,13.3891,12.8181,12.2477,11.6774,11.1067,10.5363,9.96601,9.39596,8.82587,8.25647,7.68641,7.11695,6.547,5.97743,5.40793,4.83852,4.26916,3.6998,3.13054,2.56132,1.99211,1.42292,0.853706,0.284581,-0.284581,-0.853706,-1.42292,-1.99211,-2.56132,-3.13054,-3.6998,-4.26916,-4.83852,-5.40793,-5.97743,-6.547,-7.11695,-7.68641,-8.25647,-8.82587,-9.39596,-9.96601,-10.5363,-11.1067,-11.6774,-12.2477,-12.8181,-13.3891,-13.9604,-14.5314,-15.1023,-15.6736,-16.2457,-16.8176,-17.3888,-17.9614,-18.5335,-19.1057,-19.6782,-20.2509,-20.8236,-21.397,-21.9705,-22.5438,-23.1176,-23.6911,-24.2654,-24.8394,-25.4135,-25.9883,-26.5633,-27.1382,-27.7133,-28.2888,-28.8645,-29.4398,-30.0162,-30.5924,-31.1688,-31.7458,-32.3229,-32.9004,-33.4783,-34.0558,-34.6344,-35.213,-35.792,-36.3711,-36.9515,-37.5315,-38.1123,-38.6935,-39.2756,-39.8579,-40.4409,-41.0239,-41.6082,-42.1934,-42.7787,-43.3655,-43.9524,-44.5413,-45.1301,-45.7205,-46.3122,-46.9044,-47.4979,-48.0933,-48.6898,-49.2878,-49.8875,-50.4884,-51.0915,-51.6964,-52.3031,-52.9123,-53.5231,-54.1359,-54.7518,-55.3698,-55.9911,-56.6145,-57.2415,-57.8712,-58.5039,-59.1405,-59.7806,-60.4238,-61.0712,-61.723,-62.3788,-63.0394,-63.7039,-64.3738,-65.0487,-65.7291,-66.4147,90,90,90,90,90,90,90,90,90,90,90,90,90,90,90,90,90,90,90,90,90,90,90,90,90,
90,90,90,90,90,90,90,90,90,90,90,90,90,90,90,90,90,90,90,90,90,90,90,90,90,66.6699,65.9812,65.2971,64.6191,63.9458,63.2776,62.6143,61.9554,61.3003,60.6495,60.003,59.3601,58.7211,58.0853,57.4527,56.8232,56.197,55.5736,54.9526,54.3342,53.7184,53.1048,52.4937,51.8849,51.2776,50.6721,50.0688,49.4667,48.8671,48.2678,47.6708,47.0749,46.4803,45.8866,45.2946,44.7029,44.1125,43.5231,42.9348,42.3466,41.7598,41.1739,40.5885,40.0034,39.4195,38.8355,38.2521,37.6698,37.0877,36.5056,35.9241,35.3434,34.7627,34.1824,33.6029,33.0232,32.4433,31.8644,31.2858,30.7072,30.1288,29.5512,28.9729,28.3952,27.8182,27.2412,26.6638,26.0875,25.5105,24.9342,24.3579,23.7823,23.2066,22.6306,22.055,21.4799,20.9045,20.3293,19.7545,19.1798,18.6053,18.0312,17.457,16.8833,16.3091,15.7356,15.162,14.5887,14.0155,13.4418,12.8688,12.2959,11.7233,11.1504,10.5783,10.0057,9.43325,8.86085,8.28915,7.71677,7.14508,6.57306,6.00129,5.42953,4.8578,4.28617,3.71462,3.14303,2.57155,2.00007,1.42861,0.857137,0.285714,-0.285714,-0.857137,-1.42861,-2.00007,-2.57155,-3.14303,-3.71462,-4.28617,-4.8578,-5.42953,-6.00129,-6.57306,-7.14508,-7.71677,-8.28915,-8.86085,-9.43325,-10.0057,-10.5783,-11.1504,-11.7233,-12.2959,-12.8688,-13.4418,-14.0155,-14.5887,-15.162,-15.7356,-16.3091,-16.8833,-17.457,-18.0312,-18.6053,-19.1798,-19.7545,-20.3293,-20.9045,-21.4799,-22.055,-22.6306,-23.2066,-23.7823,-24.3579,-24.9342,-25.5105,-26.0875,-26.6638,-27.2412,-27.8182,-28.3952,-28.9729,-29.5512,-30.1288,-30.7072,-31.2858,-31.8644,-32.4433,-33.0232,-33.6029,-34.1824,-34.7627,-35.3434,-35.9241,-36.5056,-37.0877,-37.6698,-38.2521,-38.8355,-39.4195,-40.0034,-40.5885,-41.1739,-41.7598,-42.3466,-42.9348,-43.5231,-44.1125,-44.7029,-45.2946,-45.8866,-46.4803,-47.0749,-47.6708,-48.2678,-48.8671,-49.4667,-50.0688,-50.6721,-51.2776,-51.8849,-52.4937,-53.1048,-53.7184,-54.3342,-54.9526,-55.5736,-56.197,-56.8232,-57.4527,-58.0853,-58.7211,-59.3601,-60.003,-60.6495,-61.3003,-61.9554,-62.6143,-63.2776,-63.9458,-64.6191,-65.2971,-65.9812,-66.6699,90,90,90,90,90,90,90,90,90,90,90,90,90,90,90,90,90,90,90,90,90,90,90,90,90,
90,90,90,90,90,90,90,90,90,90,90,90,90,90,90,90,90,90,90,90,90,90,90,90,90,90,66.2402,65.5525,64.8708,64.1943,63.5227,62.8557,62.1937,61.5358,60.8819,60.2323,59.5863,58.9442,58.305,57.6702,57.0376,56.4084,55.7825,55.1589,54.5381,53.9198,53.3037,52.6896,52.0783,51.4689,50.8609,50.2551,49.651,49.0485,48.4476,47.8481,47.2502,46.6531,46.0573,45.4629,44.8692,44.2771,43.6852,43.0948,42.5051,41.9162,41.3278,40.7402,40.1531,39.5671,38.9815,38.3959,37.8111,37.2273,36.6435,36.0599,35.477,34.8947,34.3122,33.7301,33.1491,32.5673,31.9865,31.4054,30.8252,30.2446,29.6648,29.0851,28.5053,27.926,27.3467,26.768,26.1885,25.6101,25.0315,24.4536,23.8751,23.2971,22.7194,22.1424,21.5643,20.9873,20.4106,19.8333,19.2565,18.6796,18.103,17.5272,16.9507,16.3749,15.7988,15.2228,14.6474,14.0716,13.4964,12.9209,12.3457,11.7707,11.1955,10.621,10.046,9.47181,8.89713,8.32237,7.74825,7.17408,6.5998,6.02563,5.45161,4.87761,4.3037,3.72974,3.15588,2.58205,2.00823,1.43444,0.860617,0.286885,-0.286885,-0.860617,-1.43444,-2.00823,-2.58205,-3.15588,-3.72974,-4.3037,-4.87761,-5.45161,-6.02563,-6.5998,-7.17408,-7.74825,-8.32237,-8.89713,-9.47181,-10.046,-10.621,-11.1955,-11.7707,-12.3457,-12.9209,-13.4964,-14.0716,-14.6474,-15.2228,-15.7988,-16.3749,-16.9507,-17.5272,-18.103,-18.6796,-19.2565,-19.8333,-20.4106,-20.9873,-21.5643,-22.1424,-22.7194,-23.2971,-23.8751,-24.4536,-25.0315,-25.6101,-26.1885,-26.768,-27.3467,-27.926,-28.5053,-29.0851,-29.6648,-30.2446,-30.8252,-31.4054,-31.9865,-32.5673,-33.1491,-33.7301,-34.3122,-34.8947,-35.477,-36.0599,-36.6435,-37.2273,-37.8111,-38.3959,-38.9815,-39.5671,-40.1531,-40.7402,-41.3278,-41.9162,-42.5051,-43.0948,-43.6852,-44.2771,-44.8692,-45.4629,-46.0573,-46.6531,-47.2502,-47.8481,-48.4476,-49.0485,-49.651,-50.2551,-50.8609,-51.4689,-52.0783,-52.6896,-53.3037,-53.9198,-54.5381,-55.1589,-55.7825,-56.4084,-57.0376,-57.6702,-58.305,-58.9442,-59.5863,-60.2323,-60.8819,-61.5358,-62.1937,-62.8557,-63.5227,-64.1943,-64.8708,-65.5525,-66.2402,90,90,90,90,90,90,90,90,90,90,90,90,90,90,90,90,90,90,90,90,90,90,90,90,90,90,
90,90,90,90,90,90,90,90,90,90,90,90,90,90,90,90,90,90,90,90,90,90,90,90,90,90,90,65.8154,65.1296,64.4496,63.7745,63.1043,62.4388,61.7772,61.1202,60.4677,59.8186,59.1734,58.5319,57.8931,57.2583,56.6265,55.9971,55.3714,54.747,54.1262,53.5076,52.8913,52.2775,51.6651,51.055,50.4467,49.84,49.2354,48.632,48.03,47.4295,46.8303,46.2325,45.6359,45.0397,44.4455,43.8519,43.259,42.6671,42.0761,41.486,40.8959,40.307,39.7185,39.1306,38.5434,37.9568,37.3704,36.7845,36.1996,35.6145,35.0294,34.4452,33.8618,33.2776,32.6942,32.1114,31.5287,30.9462,30.3637,29.7816,29.1996,28.618,28.0367,27.4548,26.8741,26.2932,25.7122,25.1315,24.5513,23.971,23.3912,22.8114,22.2312,21.6516,21.0722,20.4931,19.9134,19.3348,18.7558,18.1767,17.5983,17.0201,16.442,15.8637,15.2851,14.7072,14.1298,13.5521,12.9741,12.3965,11.8191,11.2421,10.6651,10.0877,9.51112,8.93386,8.35729,7.7807,7.20406,6.62732,6.0508,5.47436,4.89794,4.32157,3.74527,3.16905,2.59282,2.01658,1.44037,0.864206,0.288079,-0.288079,-0.864206,-1.44037,-2.01658,-2.59282,-3.16905,-3.74527,-4.32157,-4.89794,-5.47436,-6.0508,-6.62732,-7.20406,-7.7807,-8.35729,-8.93386,-9.51112,-10.0877,-10.6651,-11.2421,-11.8191,-12.3965,-12.9741,-13.5521,-14.1298,-14.7072,-15.2851,-15.8637,-16.442,-17.0201,-17.5983,-18.1767,-18.7558,-19.3348,-19.9134,-20.4931,-21.0722,-21.6516,-22.2312,-22.8114,-23.3912,-23.971,-24.5513,-25.1315,-25.7122,-26.2932,-26.8741,-27.4548,-28.0367,-28.618,-29.1996,-29.7816,-30.3637,-30.9462,-31.5287,-32.1114,-32.6942,-33.2776,-33.8618,-34.4452,-35.0294,-35.6145,-36.1996,-36.7845,-37.3704,-37.9568,-38.5434,-39.1306,-39.7185,-40.307,-40.8959,-41.486,-42.0761,-42.6671,-43.259,-43.8519,-44.4455,-45.0397,-45.6359,-46.2325,-46.8303,-47.4295,-48.03,-48.632,-49.2354,-49.84,-50.4467,-51.055,-51.6651,-52.2775,-52.8913,-53.5076,-54.1262,-54.747,-55.3714,-55.9971,-56.6265,-57.2583,-57.8931,-58.5319,-59.1734,-59.8186,-60.4677,-61.1202,-61.7772,-62.4388,-63.1043,-63.7745,-64.4496,-65.1296,-65.8154,90,90,90,90,90,90,90,90,90,90,90,90,90,90,90,90,90,90,90,90,90,90,90,90,90,90,90,
90,90,90,90,90,90,90,90,90,90,90,90,90,90,90,90,90,90,90,90,90,90,90,90,90,90,90,66.0849,65.3961,64.7123,64.0337,63.3597,62.6904,62.0258,61.3656,60.7099,60.0576,59.4092,58.764,58.1226,57.4846,56.8496,56.218,55.5887,54.9627,54.3387,53.7174,53.0981,52.4813,51.8668,51.2545,50.6435,50.0343,49.4271,48.8215,48.2174,47.6142,47.013,46.4125,45.8133,45.2154,44.6186,44.0229,43.4278,42.8337,42.2405,41.6478,41.0559,40.4649,39.8745,39.2844,38.6951,38.1063,37.518,36.9298,36.3427,35.7549,35.1685,34.582,33.9963,33.4107,32.825,32.2399,31.6549,31.07,30.4857,29.9013,29.3173,28.7333,28.1496,27.5663,26.9828,26.4001,25.817,25.2346,24.6519,24.0694,23.4873,22.905,22.3229,21.7409,21.159,20.5775,19.9962,19.4151,18.8336,18.2527,17.6721,17.0913,16.5105,15.9297,15.3494,14.769,14.1891,13.6089,13.0292,12.4489,11.8691,11.2894,10.7101,10.1307,9.55086,8.97182,8.39271,7.81357,7.23446,6.65548,6.07655,5.49762,4.91877,4.33998,3.76125,3.18254,2.60384,2.02524,1.44659,0.867925,0.28931,-0.28931,-0.867925,-1.44659,-2.02524,-2.60384,-3.18254,-3.76125,-4.33998,-4.91877,-5.49762,-6.07655,-6.65548,-7.23446,-7.81357,-8.39271,-8.97182,-9.55086,-10.1307,-10.7101,-11.2894,-11.8691,-12.4489,-13.0292,-13.6089,-14.1891,-14.769,-15.3494,-15.9297,-16.5105,-17.0913,-17.6721,-18.2527,-18.8336,-19.4151,-19.9962,-20.5775,-21.159,-21.7409,-22.3229,-22.905,-23.4873,-24.0694,-24.6519,-25.2346,-25.817,-26.4001,-26.9828,-27.5663,-28.1496,-28.7333,-29.3173,-29.9013,-30.4857,-31.07,-31.6549,-32.2399,-32.825,-33.4107,-33.9963,-34.582,-35.1685,-35.7549,-36.3427,-36.9298,-37.518,-38.1063,-38.6951,-39.2844,-39.8745,-40.4649,-41.0559,-41.6478,-42.2405,-42.8337,-43.4278,-44.0229,-44.6186,-45.2154,-45.8133,-46.4125,-47.013,-47.6142,-48.2174,-48.8215,-49.4271,-50.0343,-50.6435,-51.2545,-51.8668,-52.4813,-53.0981,-53.7174,-54.3387,-54.9627,-55.5887,-56.218,-56.8496,-57.4846,-58.1226,-58.764,-59.4092,-60.0576,-60.7099,-61.3656,-62.0258,-62.6904,-63.3597,-64.0337,-64.7123,-65.3961,-66.0849,90,90,90,90,90,90,90,90,90,90,90,90,90,90,90,90,90,90,90,90,90,90,90,90,90,90,90,
90,90,90,90,90,90,90,90,90,90,90,90,90,90,90,90,90,90,90,90,90,90,90,90,90,90,90,90,65.6697,64.982,64.2998,63.6222,62.9496,62.2818,61.6177,60.9582,60.303,59.6513,59.0029,58.3591,57.7175,57.0797,56.4445,55.8129,55.1836,54.5566,53.9331,53.3111,52.6916,52.0739,51.4589,50.8458,50.2339,49.6241,49.0158,48.409,47.8042,47.1997,46.5976,45.9957,45.3955,44.7965,44.1986,43.6013,43.0049,42.4091,41.8141,41.22,40.6267,40.0346,39.4422,38.8506,38.2594,37.6694,37.0789,36.4894,35.9003,35.3111,34.7226,34.1345,33.5466,32.9585,32.371,31.7842,31.1973,30.6106,30.0243,29.4384,28.852,28.2663,27.681,27.0951,26.5097,25.9247,25.3397,24.7546,24.1702,23.5856,23.0008,22.4165,21.8326,21.2488,20.6649,20.0811,19.4975,18.9141,18.3306,17.7474,17.164,16.5808,15.9981,15.4152,14.8323,14.2497,13.6676,13.0853,12.5024,11.9207,11.3385,10.7564,10.1746,9.59272,9.01096,8.42932,7.84755,7.26572,6.68446,6.10295,5.52158,4.94024,4.35893,3.77763,3.19645,2.61521,2.03403,1.45287,0.871691,0.290572,-0.290572,-0.871691,-1.45287,-2.03403,-2.61521,-3.19645,-3.77763,-4.35893,-4.94024,-5.52158,-6.10295,-6.68446,-7.26572,-7.84755,-8.42932,-9.01096,-9.59272,-10.1746,-10.7564,-11.3385,-11.9207,-12.5024,-13.0853,-13.6676,-14.2497,-14.8323,-15.4152,-15.9981,-16.5808,-17.164,-17.7474,-18.3306,-18.9141,-19.4975,-20.0811,-20.6649,-21.2488,-21.8326,-22.4165,-23.0008,-23.5856,-24.1702,-24.7546,-25.3397,-25.9247,-26.5097,-27.0951,-27.681,-28.2663,-28.852,-29.4384,-30.0243,-30.6106,-31.1973,-31.7842,-32.371,-32.9585,-33.5466,-34.1345,-34.7226,-35.3111,-35.9003,-36.4894,-37.0789,-37.6694,-38.2594,-38.8506,-39.4422,-40.0346,-40.6267,-41.22,-41.8141,-42.4091,-43.0049,-43.6013,-44.1986,-44.7965,-45.3955,-45.9957,-46.5976,-47.1997,-47.8042,-48.409,-49.0158,-49.6241,-50.2339,-50.8458,-51.4589,-52.0739,-52.6916,-53.3111,-53.9331,-54.5566,-55.1836,-55.8129,-56.4445,-57.0797,-57.7175,-58.3591,-59.0029,-59.6513,-60.303,-60.9582,-61.6177,-62.2818,-62.9496,-63.6222,-64.2998,-64.982,-65.6697,90,90,90,90,90,90,90,90,90,90,90,90,90,90,90,90,90,90,90,90,90,90,90,90,90,90,90,90,
90,90,90,90,90,90,90,90,90,90,90,90,90,90,90,90,90,90,90,90,90,90,90,90,90,90,90,90,65.9505,65.2594,64.5733,63.8917,63.2155,62.5444,61.8767,61.2139,60.555,59.8998,59.2486,58.601,57.957,57.3155,56.678,56.0431,55.4106,54.7812,54.1541,53.5294,52.9075,52.2876,51.6695,51.0532,50.4391,49.8264,49.2159,48.6065,47.9988,47.3921,46.7872,46.1831,45.5807,44.9789,44.3788,43.7787,43.18,42.5824,41.9851,41.3887,40.793,40.1986,39.6039,39.0104,38.4169,37.8245,37.2321,36.6397,36.0482,35.4575,34.8663,34.2758,33.686,33.0964,32.5064,31.9171,31.3283,30.7395,30.1507,29.5624,28.9738,28.3858,27.798,27.2099,26.6225,26.035,25.4475,24.8606,24.2737,23.6865,23.0998,22.5131,21.9264,21.3402,20.7544,20.1679,19.5817,18.9963,18.4104,17.8245,17.2392,16.6534,16.0679,15.4824,14.8976,14.3124,13.7276,13.1424,12.5577,11.9733,11.3884,10.8036,10.2197,9.63519,9.05083,8.46638,7.88266,7.29811,6.71412,6.13011,5.54615,4.96221,4.37832,3.79449,3.21062,2.62688,2.04311,1.45936,0.875584,0.29187,-0.29187,-0.875584,-1.45936,-2.04311,-2.62688,-3.21062,-3.79449,-4.37832,-4.96221,-5.54615,-6.13011,-6.71412,-7.29811,-7.88266,-8.46638,-9.05083,-9.63519,-10.2197,-10.8036,-11.3884,-11.9733,-12.5577,-13.1424,-13.7276,-14.3124,-14.8976,-15.4824,-16.0679,-16.6534,-17.2392,-17.8245,-18.4104,-18.9963,-19.5817,-20.1679,-20.7544,-21.3402,-21.9264,-22.5131,-23.0998,-23.6865,-24.2737,-24.8606,-25.4475,-26.035,-26.6225,-27.2099,-27.798,-28.3858,-28.9738,-29.5624,-30.1507,-30.7395,-31.3283,-31.9171,-32.5064,-33.0964,-33.686,-34.2758,-34.8663,-35.4575,-36.0482,-36.6397,-37.2321,-37.8245,-38.4169,-39.0104,-39.6039,-40.1986,-40.793,-41.3887,-41.9851,-42.5824,-43.18,-43.7787,-44.3788,-44.9789,-45.5807,-46.1831,-46.7872,-47.3921,-47.9988,-48.6065,-49.2159,-49.8264,-50.4391,-51.0532,-51.6695,-52.2876,-52.9075,-53.5294,-54.1541,-54.7812,-55.4106,-56.0431,-56.678,-57.3155,-57.957,-58.601,-59.2486,-59.8998,-60.555,-61.2139,-61.8767,-62.5444,-63.2155,-63.8917,-64.5733,-65.2594,-65.9505,90,90,90,90,90,90,90,90,90,90,90,90,90,90,90,90,90,90,90,90,90,90,90,90,90,90,90,90,
90,90,90,90,90,90,90,90,90,90,90,90,90,90,90,90,90,90,90,90,90,90,90,90,90,90,90,90,90,65.5447,64.8539,64.1692,63.4891,62.8142,62.1432,61.4767,60.8139,60.1559,59.5012,58.8502,58.2029,57.5581,56.9172,56.2795,55.6442,55.0115,54.382,53.7539,53.1289,52.5057,51.8853,51.2667,50.6492,50.0343,49.421,48.8092,48.1989,47.5899,46.9822,46.3762,45.771,45.1669,44.5639,43.9615,43.361,42.7604,42.1608,41.562,40.964,40.3667,39.7701,39.1742,38.5788,37.9835,37.3891,36.7948,36.2008,35.6077,35.0145,34.4219,33.8296,33.2371,32.645,32.0537,31.4624,30.871,30.2797,29.6897,29.0988,28.5085,27.9182,27.3281,26.7381,26.1482,25.5587,24.9693,24.3797,23.7901,23.2014,22.612,22.0235,21.4344,20.8459,20.257,19.6687,19.0806,18.4919,17.904,17.3155,16.7274,16.1401,15.5519,14.9643,14.377,13.7895,13.2016,12.6141,12.0269,11.4398,10.853,10.2657,9.6784,9.09192,8.50467,7.91817,7.3315,6.74465,6.15796,5.57134,4.98473,4.39829,3.81178,3.22529,2.63885,2.0524,1.46598,0.879596,0.293193,-0.293193,-0.879596,-1.46598,-2.0524,-2.63885,-3.22529,-3.81178,-4.39829,-4.98473,-5.57134,-6.15796,-6.74465,-7.3315,-7.91817,-8.50467,-9.09192,-9.6784,-10.2657,-10.853,-11.4398,-12.0269,-12.6141,-13.2016,-13.7895,-14.377,-14.9643,-15.5519,-16.1401,-16.7274,-17.3155,-17.904,-18.4919,-19.0806,-19.6687,-20.257,-20.8459,-21.4344,-22.0235,-22.612,-23.2014,-23.7901,-24.3797,-24.9693,-25.5587,-26.1482,-26.7381,-27.3281,-27.9182,-28.5085,-29.0988,-29.6897,-30.2797,-30.871,-31.4624,-32.0537,-32.645,-33.2371,-33.8296,-34.4219,-35.0145,-35.6077,-36.2008,-36.7948,-37.3891,-37.9835,-38.5788,-39.1742,-39.7701,-40.3667,-40.964,-41.562,-42.1608,-42.7604,-43.361,-43.9615,-44.5639,-45.1669,-45.771,-46.3762,-46.9822,-47.5899,-48.1989,-48.8092,-49.421,-50.0343,-50.6492,-51.2667,-51.8853,-52.5057,-53.1289,-53.7539,-54.382,-55.0115,-55.6442,-56.2795,-56.9172,-57.5581,-58.2029,-58.8502,-59.5012,-60.1559,-60.8139,-61.4767,-62.1432,-62.8142,-63.4891,-64.1692,-64.8539,-65.5447,90,90,90,90,90,90,90,90,90,90,90,90,90,90,90,90,90,90,90,90,90,90,90,90,90,90,90,90,90,
90,90,90,90,90,90,90,90,90,90,90,90,90,90,90,90,90,90,90,90,90,90,90,90,90,90,90,90,90,65.8373,65.1431,64.4544,63.7704,63.0916,62.4165,61.7466,61.0807,60.4187,59.7605,59.1061,58.4552,57.8075,57.1636,56.5222,55.8839,55.2484,54.615,53.9851,53.3567,52.7311,52.1074,51.4854,50.8661,50.2479,49.6318,49.0171,48.4043,47.7925,47.1824,46.5736,45.966,45.3591,44.7537,44.1493,43.5455,42.943,42.3414,41.7402,41.1398,40.54,39.941,39.3425,38.7442,38.1469,37.5501,36.9536,36.3577,35.762,35.1663,34.5711,33.9763,33.3821,32.7877,32.1936,31.5996,31.0062,30.4128,29.8202,29.227,28.6341,28.0417,27.4489,26.8566,26.2643,25.6724,25.0802,24.4886,23.8969,23.305,22.7139,22.122,21.531,20.9398,20.3487,19.7577,19.167,18.5762,17.9855,17.3948,16.8041,16.2131,15.6229,15.033,14.4424,13.8527,13.2627,12.6723,12.0823,11.4924,10.9028,10.3131,9.72305,9.1337,8.54425,7.95486,7.3653,6.77591,6.18653,5.59722,5.00799,4.41866,3.82946,3.24028,2.65108,2.06194,1.47283,0.883683,0.294558,-0.294558,-0.883683,-1.47283,-2.06194,-2.65108,-3.24028,-3.82946,-4.41866,-5.00799,-5.59722,-6.18653,-6.77591,-7.3653,-7.95486,-8.54425,-9.1337,-9.72305,-10.3131,-10.9028,-11.4924,-12.0823,-12.6723,-13.2627,-13.8527,-14.4424,-15.033,-15.6229,-16.2131,-16.8041,-17.3948,-17.9855,-18.5762,-19.167,-19.7577,-20.3487,-20.9398,-21.531,-22.122,-22.7139,-23.305,-23.8969,-24.4886,-25.0802,-25.6724,-26.2643,-26.8566,-27.4489,-28.0417,-28.6341,-29.227,-29.8202,-30.4128,-31.0062,-31.5996,-32.1936,-32.7877,-33.3821,-33.9763,-34.5711,-35.1663,-35.762,-36.3577,-36.9536,-37.5501,-38.1469,-38.7442,-39.3425,-39.941,-40.54,-41.1398,-41.7402,-42.3414,-42.943,-43.5455,-44.1493,-44.7537,-45.3591,-45.966,-46.5736,-47.1824,-47.7925,-48.4043,-49.0171,-49.6318,-50.2479,-50.8661,-51.4854,-52.1074,-52.7311,-53.3567,-53.9851,-54.615,-55.2484,-55.8839,-56.5222,-57.1636,-57.8075,-58.4552,-59.1061,-59.7605,-60.4187,-61.0807,-61.7466,-62.4165,-63.0916,-63.7704,-64.4544,-65.1431,-65.8373,90,90,90,90,90,90,90,90,90,90,90,90,90,90,90,90,90,90,90,90,90,90,90,90,90,90,90,90,90,
90,90,90,90,90,90,90,90,90,90,90,90,90,90,90,90,90,90,90,90,90,90,90,90,90,90,90,90,90,90,65.44,64.7472,64.0592,63.3762,62.6979,62.0243,61.3543,60.6888,60.0275,59.3691,58.7153,58.0639,57.4162,56.7717,56.1301,55.4915,54.8553,54.222,53.5911,52.9621,52.335,51.7111,51.0883,50.4673,49.8487,49.2311,48.6154,48.0016,47.3887,46.7769,46.1669,45.557,44.9492,44.3419,43.736,43.1306,42.5266,41.9229,41.3199,40.7176,40.1165,39.5151,38.9147,38.3149,37.7154,37.1165,36.518,35.9197,35.3223,34.7241,34.1276,33.5308,32.9337,32.3375,31.7409,31.1454,30.5497,29.9538,29.3584,28.7634,28.1686,27.573,26.9782,26.3835,25.7888,25.1947,24.6003,24.0058,23.4118,22.8179,22.224,21.6302,21.0361,20.4428,19.8491,19.2554,18.6617,18.069,17.4754,16.8825,16.2893,15.6961,15.1035,14.5104,13.9171,13.3244,12.7317,12.1394,11.5466,10.954,10.3616,9.76907,9.17676,8.58445,7.99268,7.40024,6.80799,6.21585,5.62376,5.03169,4.43971,3.84766,3.25563,2.66371,2.07172,1.47983,0.887896,0.295965,-0.295965,-0.887896,-1.47983,-2.07172,-2.66371,-3.25563,-3.84766,-4.43971,-5.03169,-5.62376,-6.21585,-6.80799,-7.40024,-7.99268,-8.58445,-9.17676,-9.76907,-10.3616,-10.954,-11.5466,-12.1394,-12.7317,-13.3244,-13.9171,-14.5104,-15.1035,-15.6961,-16.2893,-16.8825,-17.4754,-18.069,-18.6617,-19.2554,-19.8491,-20.4428,-21.0361,-21.6302,-22.224,-22.8179,-23.4118,-24.0058,-24.6003,-25.1947,-25.7888,-26.3835,-26.9782,-27.573,-28.1686,-28.7634,-29.3584,-29.9538,-30.5497,-31.1454,-31.7409,-32.3375,-32.9337,-33.5308,-34.1276,-34.7241,-35.3223,-35.9197,-36.518,-37.1165,-37.7154,-38.3149,-38.9147,-39.5151,-40.1165,-40.7176,-41.3199,-41.9229,-42.5266,-43.1306,-43.736,-44.3419,-44.9492,-45.557,-46.1669,-46.7769,-47.3887,-48.0016,-48.6154,-49.2311,-49.8487,-50.4673,-51.0883,-51.7111,-52.335,-52.9621,-53.5911,-54.222,-54.8553,-55.4915,-56.1301,-56.7717,-57.4162,-58.0639,-58.7153,-59.3691,-60.0275,-60.6888,-61.3543,-62.0243,-62.6979,-63.3762,-64.0592,-64.7472,-65.44,90,90,90,90,90,90,90,90,90,90,90,90,90,90,90,90,90,90,90,90,90,90,90,90,90,90,90,90,90,90,
90,90,90,90,90,90,90,90,90,90,90,90,90,90,90,90,90,90,90,90,90,90,90,90,90,90,90,90,90,90,90,65.0481,64.3563,63.6695,62.9871,62.3093,61.6355,60.9668,60.3011,59.6394,58.9821,58.3272,57.6763,57.0283,56.3833,55.7417,55.1024,54.4655,53.8313,53.1992,52.5697,51.9423,51.3165,50.6935,50.0714,49.4509,48.8327,48.2155,47.6,46.9858,46.3722,45.7608,45.1495,44.5402,43.9313,43.3234,42.7163,42.1105,41.505,40.9006,40.296,39.6929,39.0895,38.4875,37.8855,37.2839,36.6827,36.0824,35.4817,34.8818,34.2822,33.6827,33.0838,32.4849,31.8861,31.2881,30.6897,30.0912,29.4934,28.8956,28.298,27.7008,27.1035,26.5059,25.909,25.3121,24.7148,24.118,23.5211,22.9246,22.3284,21.7317,21.1353,20.5391,19.9425,19.3467,18.7509,18.1544,17.5585,16.9625,16.3665,15.7711,15.1754,14.5794,13.9839,13.3886,12.793,12.1976,11.6019,11.007,10.4113,9.81661,9.22125,8.62588,8.03105,7.43624,6.84094,6.24593,5.65098,5.0561,4.46119,3.86628,3.27149,2.67663,2.08183,1.48697,0.892167,0.297393,-0.297393,-0.892167,-1.48697,-2.08183,-2.67663,-3.27149,-3.86628,-4.46119,-5.0561,-5.65098,-6.24593,-6.84094,-7.43624,-8.03105,-8.62588,-9.22125,-9.81661,-10.4113,-11.007,-11.6019,-12.1976,-12.793,-13.3886,-13.9839,-14.5794,-15.1754,-15.7711,-16.3665,-16.9625,-17.5585,-18.1544,-18.7509,-19.3467,-19.9425,-20.5391,-21.1353,-21.7317,-22.3284,-22.9246,-23.5211,-24.118,-24.7148,-25.3121,-25.909,-26.5059,-27.1035,-27.7008,-28.298,-28.8956,-29.4934,-30.0912,-30.6897,-31.2881,-31.8861,-32.4849,-33.0838,-33.6827,-34.2822,-34.8818,-35.4817,-36.0824,-36.6827,-37.2839,-37.8855,-38.4875,-39.0895,-39.6929,-40.296,-40.9006,-41.505,-42.1105,-42.7163,-43.3234,-43.9313,-44.5402,-45.1495,-45.7608,-46.3722,-46.9858,-47.6,-48.2155,-48.8327,-49.4509,-50.0714,-50.6935,-51.3165,-51.9423,-52.5697,-53.1992,-53.8313,-54.4655,-55.1024,-55.7417,-56.3833,-57.0283,-57.6763,-58.3272,-58.9821,-59.6394,-60.3011,-60.9668,-61.6355,-62.3093,-62.9871,-63.6695,-64.3563,-65.0481,90,90,90,90,90,90,90,90,90,90,90,90,90,90,90,90,90,90,90,90,90,90,90,90,90,90,90,90,90,90,90,
90,90,90,90,90,90,90,90,90,90,90,90,90,90,90,90,90,90,90,90,90,90,90,90,90,90,90,90,90,90,90,65.3577,64.6616,63.9703,63.284,62.6024,61.925,61.2521,60.5825,59.9173,59.2558,58.5983,57.9438,57.2922,56.644,55.9985,55.3559,54.7161,54.0783,53.4432,52.8105,52.1801,51.5509,50.9243,50.3002,49.6766,49.0554,48.4356,47.8171,47.1993,46.5842,45.9692,45.3558,44.7434,44.132,43.5214,42.9117,42.3033,41.6952,41.0877,40.4809,39.8747,39.2695,38.6644,38.0597,37.4555,36.8525,36.2494,35.6461,35.0434,34.441,33.8397,33.238,32.6363,32.0353,31.4341,30.8332,30.2325,29.6318,29.0317,28.4312,27.8315,27.2318,26.6314,26.0315,25.4323,24.833,24.2332,23.6342,23.0347,22.4353,21.8359,21.2371,20.6382,20.0391,19.44,18.8413,18.2425,17.6436,17.0452,16.4462,15.8476,15.2495,14.6506,14.0525,13.4543,12.8555,12.2572,11.6589,11.0608,10.4629,9.86503,9.26651,8.66868,8.0707,7.47273,6.87467,6.27686,5.67895,5.08112,4.48325,3.88549,3.2877,2.68987,2.0921,1.49435,0.896582,0.298873,-0.298873,-0.896582,-1.49435,-2.0921,-2.68987,-3.2877,-3.88549,-4.48325,-5.08112,-5.67895,-6.27686,-6.87467,-7.47273,-8.0707,-8.66868,-9.26651,-9.86503,-10.4629,-11.0608,-11.6589,-12.2572,-12.8555,-13.4543,-14.0525,-14.6506,-15.2495,-15.8476,-16.4462,-17.0452,-17.6436,-18.2425,-18.8413,-19.44,-20.0391,-20.6382,-21.2371,-21.8359,-22.4353,-23.0347,-23.6342,-24.2332,-24.833,-25.4323,-26.0315,-26.6314,-27.2318,-27.8315,-28.4312,-29.0317,-29.6318,-30.2325,-30.8332,-31.4341,-32.0353,-32.6363,-33.238,-33.8397,-34.441,-35.0434,-35.6461,-36.2494,-36.8525,-37.4555,-38.0597,-38.6644,-39.2695,-39.8747,-40.4809,-41.0877,-41.6952,-42.3033,-42.9117,-43.5214,-44.132,-44.7434,-45.3558,-45.9692,-46.5842,-47.1993,-47.8171,-48.4356,-49.0554,-49.6766,-50.3002,-50.9243,-51.5509,-52.1801,-52.8105,-53.4432,-54.0783,-54.7161,-55.3559,-55.9985,-56.644,-57.2922,-57.9438,-58.5983,-59.2558,-59.9173,-60.5825,-61.2521,-61.925,-62.6024,-63.284,-63.9703,-64.6616,-65.3577,90,90,90,90,90,90,90,90,90,90,90,90,90,90,90,90,90,90,90,90,90,90,90,90,90,90,90,90,90,90,90,
90,90,90,90,90,90,90,90,90,90,90,90,90,90,90,90,90,90,90,90,90,90,90,90,90,90,90,90,90,90,90,90,64.9751,64.2798,63.5895,62.9036,62.222,61.5452,60.872,60.2028,59.538,58.876,58.2182,57.563,56.9111,56.2623,55.6164,54.9732,54.3322,53.6941,53.0583,52.4243,51.7924,51.1627,50.5346,49.9088,49.2846,48.6611,48.04,47.4201,46.8009,46.1838,45.5672,44.9522,44.3381,43.7249,43.112,42.5009,41.8901,41.2799,40.6704,40.062,39.4536,38.8462,38.2388,37.6327,37.0265,36.4206,35.8145,35.2096,34.6047,34.0001,33.3961,32.7921,32.188,31.5845,30.9809,30.3776,29.7746,29.1709,28.5684,27.9657,27.3631,26.7608,26.158,25.5557,24.9534,24.3515,23.7492,23.1475,22.5451,21.9432,21.3416,20.7393,20.1378,19.5358,18.9346,18.3327,17.7315,17.1293,16.5277,15.9267,15.3254,14.724,14.1229,13.5213,12.9202,12.3185,11.7178,11.1165,10.5153,9.91423,9.31317,8.71209,8.11167,7.51035,6.90947,6.30854,5.70765,5.10683,4.50597,3.90511,3.3043,2.70355,2.10272,1.50191,0.901143,0.300387,-0.300387,-0.901143,-1.50191,-2.10272,-2.70355,-3.3043,-3.90511,-4.50597,-5.10683,-5.70765,-6.30854,-6.90947,-7.51035,-8.11167,-8.71209,-9.31317,-9.91423,-10.5153,-11.1165,-11.7178,-12.3185,-12.9202,-13.5213,-14.1229,-14.724,-15.3254,-15.9267,-16.5277,-17.1293,-17.7315,-18.3327,-18.9346,-19.5358,-20.1378,-20.7393,-21.3416,-21.9432,-22.5451,-23.1475,-23.7492,-24.3515,-24.9534,-25.5557,-26.158,-26.7608,-27.3631,-27.9657,-28.5684,-29.1709,-29.7746,-30.3776,-30.9809,-31.5845,-32.188,-32.7921,-33.3961,-34.0001,-34.6047,-35.2096,-35.8145,-36.4206,-37.0265,-37.6327,-38.2388,-38.8462,-39.4536,-40.062,-40.6704,-41.2799,-41.8901,-42.5009,-43.112,-43.7249,-44.3381,-44.9522,-45.5672,-46.1838,-46.8009,-47.4201,-48.04,-48.6611,-49.2846,-49.9088,-50.5346,-51.1627,-51.7924,-52.4243,-53.0583,-53.6941,-54.3322,-54.9732,-55.6164,-56.2623,-56.9111,-57.563,-58.2182,-58.876,-59.538,-60.2028,-60.872,-61.5452,-62.222,-62.9036,-63.5895,-64.2798,-64.9751,90,90,90,90,90,90,90,90,90,90,90,90,90,90,90,90,90,90,90,90,90,90,90,90,90,90,90,90,90,90,90,90,
90,90,90,90,90,90,90,90,90,90,90,90,90,90,90,90,90,90,90,90,90,90,90,90,90,90,90,90,90,90,90,90,65.2975,64.5981,63.9029,63.213,62.5274,61.8463,61.1696,60.4968,59.8277,59.1617,58.5002,57.8417,57.1861,56.5337,55.8844,55.2372,54.593,53.9516,53.3122,52.675,52.04,51.4075,50.7762,50.1468,49.5194,48.8937,48.269,47.6464,47.0244,46.4041,45.7849,45.1671,44.5498,43.9334,43.3183,42.7039,42.0904,41.4774,40.8657,40.2539,39.6433,39.0326,38.4228,37.8134,37.2044,36.5956,35.9876,35.3803,34.7721,34.165,33.5581,32.9517,32.3452,31.7381,31.1325,30.5262,29.9207,29.3146,28.7091,28.1039,27.4982,26.8932,26.2879,25.6825,25.0777,24.4727,23.8675,23.2624,22.6577,22.0533,21.4485,20.8437,20.2392,19.6347,19.0296,18.4251,17.8207,17.2166,16.612,16.0077,15.4031,14.7991,14.1947,13.5907,12.9861,12.3819,11.7778,11.1732,10.5695,9.96506,9.36136,8.75695,8.15318,7.54921,6.94505,6.34112,5.73708,5.13318,4.52918,3.92535,3.32141,2.71751,2.11359,1.50972,0.905855,0.301942,-0.301942,-0.905855,-1.50972,-2.11359,-2.71751,-3.32141,-3.92535,-4.52918,-5.13318,-5.73708,-6.34112,-6.94505,-7.54921,-8.15318,-8.75695,-9.36136,-9.96506,-10.5695,-11.1732,-11.7778,-12.3819,-12.9861,-13.5907,-14.1947,-14.7991,-15.4031,-16.0077,-16.612,-17.2166,-17.8207,-18.4251,-19.0296,-19.6347,-20.2392,-20.8437,-21.4485,-22.0533,-22.6577,-23.2624,-23.8675,-24.4727,-25.0777,-25.6825,-26.2879,-26.8932,-27.4982,-28.1039,-28.7091,-29.3146,-29.9207,-30.5262,-31.1325,-31.7381,-32.3452,-32.9517,-33.5581,-34.165,-34.7721,-35.3803,-35.9876,-36.5956,-37.2044,-37.8134,-38.4228,-39.0326,-39.6433,-40.2539,-40.8657,-41.4774,-42.0904,-42.7039,-43.3183,-43.9334,-44.5498,-45.1671,-45.7849,-46.4041,-47.0244,-47.6464,-48.269,-48.8937,-49.5194,-50.1468,-50.7762,-51.4075,-52.04,-52.675,-53.3122,-53.9516,-54.593,-55.2372,-55.8844,-56.5337,-57.1861,-57.8417,-58.5002,-59.1617,-59.8277,-60.4968,-61.1696,-61.8463,-62.5274,-63.213,-63.9029,-64.5981,-65.2975,90,90,90,90,90,90,90,90,90,90,90,90,90,90,90,90,90,90,90,90,90,90,90,90,90,90,90,90,90,90,90,90,
90,90,90,90,90,90,90,90,90,90,90,90,90,90,90,90,90,90,90,90,90,90,90,90,90,90,90,90,90,90,90,90,90,64.9245,64.2252,63.5309,62.8412,62.1561,61.4754,60.7982,60.1248,59.4559,58.7901,58.1273,57.4682,56.8121,56.159,55.509,54.8615,54.2159,53.5733,52.9333,52.2945,51.6589,51.0242,50.3921,49.7609,49.1321,48.5045,47.8782,47.2535,46.6304,46.0079,45.3869,44.7673,44.1481,43.5301,42.9125,42.2966,41.6804,41.0657,40.4516,39.8377,39.2246,38.6119,37.9996,37.3876,36.7764,36.1654,35.5552,34.9446,34.335,33.7251,33.1156,32.5061,31.8966,31.2878,30.679,30.0705,29.4617,28.8532,28.2453,27.637,27.0289,26.4204,25.8127,25.2047,24.5971,23.9894,23.3811,22.7737,22.1663,21.5583,20.9508,20.3431,19.7352,19.1281,18.5204,17.9133,17.3054,16.6979,16.0904,15.4832,14.8758,14.2687,13.6613,13.0542,12.4464,11.8391,11.2317,10.6246,10.0175,9.41032,8.80317,8.19597,7.58865,6.98167,6.37448,5.76735,5.16027,4.55308,3.94607,3.33895,2.73185,2.12475,1.51769,0.910639,0.303536,-0.303536,-0.910639,-1.51769,-2.12475,-2.73185,-3.33895,-3.94607,-4.55308,-5.16027,-5.76735,-6.37448,-6.98167,-7.58865,-8.19597,-8.80317,-9.41032,-10.0175,-10.6246,-11.2317,-11.8391,-12.4464,-13.0542,-13.6613,-14.2687,-14.8758,-15.4832,-16.0904,-16.6979,-17.3054,-17.9133,-18.5204,-19.1281,-19.7352,-20.3431,-20.9508,-21.5583,-22.1663,-22.7737,-23.3811,-23.9894,-24.5971,-25.2047,-25.8127,-26.4204,-27.0289,-27.637,-28.2453,-28.8532,-29.4617,-30.0705,-30.679,-31.2878,-31.8966,-32.5061,-33.1156,-33.7251,-34.335,-34.9446,-35.5552,-36.1654,-36.7764,-37.3876,-37.9996,-38.6119,-39.2246,-39.8377,-40.4516,-41.0657,-41.6804,-42.2966,-42.9125,-43.5301,-44.1481,-44.7673,-45.3869,-46.0079,-46.6304,-47.2535,-47.8782,-48.5045,-49.1321,-49.7609,-50.3921,-51.0242,-51.6589,-52.2945,-52.9333,-53.5733,-54.2159,-54.8615,-55.509,-56.159,-56.8121,-57.4682,-58.1273,-58.7901,-59.4559,-60.1248,-60.7982,-61.4754,-62.1561,-62.8412,-63.5309,-64.2252,-64.9245,90,90,90,90,90,90,90,90,90,90,90,90,90,90,90,90,90,90,90,90,90,90,90,90,90,90,90,90,90,90,90,90,90,
90,90,90,90,90,90,90,90,90,90,90,90,90,90,90,90,90,90,90,90,90,90,90,90,90,90,90,90,90,90,90,90,90,90,64.5567,63.8582,63.1644,62.4748,61.7891,61.1084,60.4309,59.7576,59.088,58.4217,57.7588,57.0992,56.4423,55.7879,55.1371,54.4882,53.8417,53.1978,52.5562,51.9164,51.2794,50.6435,50.0095,49.3768,48.7464,48.1168,47.4898,46.8629,46.2375,45.6136,44.9907,44.3686,43.7473,43.1273,42.5075,41.8888,41.2713,40.6538,40.0373,39.4218,38.8057,38.1909,37.5759,36.9623,36.3482,35.7345,35.1218,34.5088,33.8957,33.2832,32.6711,32.0594,31.4475,30.8362,30.2245,29.613,29.0017,28.3902,27.7793,27.1679,26.5571,25.9462,25.3355,24.7247,24.1142,23.5035,22.8922,22.2821,21.6713,21.0607,20.4501,19.8391,19.2285,18.618,18.0075,17.3969,16.7868,16.1757,15.5652,14.955,14.3444,13.7342,13.1236,12.5132,11.9022,11.2922,10.6814,10.0716,9.4609,8.85022,8.24017,7.6293,7.0192,6.40882,5.7984,5.18805,4.57765,3.96729,3.35688,2.74661,2.13621,1.52584,0.915499,0.305173,-0.305173,-0.915499,-1.52584,-2.13621,-2.74661,-3.35688,-3.96729,-4.57765,-5.18805,-5.7984,-6.40882,-7.0192,-7.6293,-8.24017,-8.85022,-9.4609,-10.0716,-10.6814,-11.2922,-11.9022,-12.5132,-13.1236,-13.7342,-14.3444,-14.955,-15.5652,-16.1757,-16.7868,-17.3969,-18.0075,-18.618,-19.2285,-19.8391,-20.4501,-21.0607,-21.6713,-22.2821,-22.8922,-23.5035,-24.1142,-24.7247,-25.3355,-25.9462,-26.5571,-27.1679,-27.7793,-28.3902,-29.0017,-29.613,-30.2245,-30.8362,-31.4475,-32.0594,-32.6711,-33.2832,-33.8957,-34.5088,-35.1218,-35.7345,-36.3482,-36.9623,-37.5759,-38.1909,-38.8057,-39.4218,-40.0373,-40.6538,-41.2713,-41.8888,-42.5075,-43.1273,-43.7473,-44.3686,-44.9907,-45.6136,-46.2375,-46.8629,-47.4898,-48.1168,-48.7464,-49.3768,-50.0095,-50.6435,-51.2794,-51.9164,-52.5562,-53.1978,-53.8417,-54.4882,-55.1371,-55.7879,-56.4423,-57.0992,-57.7588,-58.4217,-59.088,-59.7576,-60.4309,-61.1084,-61.7891,-62.4748,-63.1644,-63.8582,-64.5567,90,90,90,90,90,90,90,90,90,90,90,90,90,90,90,90,90,90,90,90,90,90,90,90,90,90,90,90,90,90,90,90,90,90,
90,90,90,90,90,90,90,90,90,90,90,90,90,90,90,90,90,90,90,90,90,90,90,90,90,90,90,90,90,90,90,90,90,90,90,64.1944,63.4958,62.802,62.1124,61.4269,60.7455,60.0681,59.3944,58.7242,58.0572,57.3937,56.7329,56.075,55.4204,54.7681,54.1181,53.4704,52.8254,52.1821,51.5413,50.9015,50.2646,49.6296,48.9948,48.3628,47.7318,47.102,46.4738,45.846,45.2201,44.5951,43.9709,43.3474,42.7246,42.1035,41.4825,40.862,40.2425,39.6234,39.0053,38.387,37.7694,37.1527,36.5357,35.9192,35.303,34.6873,34.0721,33.4563,32.8416,32.2268,31.6112,30.997,30.3826,29.7679,29.1539,28.5397,27.9256,27.3118,26.6976,26.0836,25.4699,24.8556,24.2418,23.6283,23.0145,22.4007,21.7871,21.1731,20.5592,19.946,19.3322,18.7182,18.1048,17.4907,16.8771,16.264,15.6497,15.0359,14.4227,13.8089,13.1946,12.5814,11.9674,11.3538,10.7402,10.1266,9.51233,8.89871,8.28512,7.67131,7.05776,6.44399,5.83027,5.21653,4.60282,3.98914,3.37541,2.76167,2.14796,1.53425,0.920594,0.30685,-0.30685,-0.920594,-1.53425,-2.14796,-2.76167,-3.37541,-3.98914,-4.60282,-5.21653,-5.83027,-6.44399,-7.05776,-7.67131,-8.28512,-8.89871,-9.51233,-10.1266,-10.7402,-11.3538,-11.9674,-12.5814,-13.1946,-13.8089,-14.4227,-15.0359,-15.6497,-16.264,-16.8771,-17.4907,-18.1048,-18.7182,-19.3322,-19.946,-20.5592,-21.1731,-21.7871,-22.4007,-23.0145,-23.6283,-24.2418,-24.8556,-25.4699,-26.0836,-26.6976,-27.3118,-27.9256,-28.5397,-29.1539,-29.7679,-30.3826,-30.997,-31.6112,-32.2268,-32.8416,-33.4563,-34.0721,-34.6873,-35.303,-35.9192,-36.5357,-37.1527,-37.7694,-38.387,-39.0053,-39.6234,-40.2425,-40.862,-41.4825,-42.1035,-42.7246,-43.3474,-43.9709,-44.5951,-45.2201,-45.846,-46.4738,-47.102,-47.7318,-48.3628,-48.9948,-49.6296,-50.2646,-50.9015,-51.5413,-52.1821,-52.8254,-53.4704,-54.1181,-54.7681,-55.4204,-56.075,-56.7329,-57.3937,-58.0572,-58.7242,-59.3944,-60.0681,-60.7455,-61.4269,-62.1124,-62.802,-63.4958,-64.1944,90,90,90,90,90,90,90,90,90,90,90,90,90,90,90,90,90,90,90,90,90,90,90,90,90,90,90,90,90,90,90,90,90,90,90,
90,90,90,90,90,90,90,90,90,90,90,90,90,90,90,90,90,90,90,90,90,90,90,90,90,90,90,90,90,90,90,90,90,90,90,64.5394,63.8365,63.1382,62.444,61.7546,61.069,60.3871,59.7093,59.0349,58.364,57.6963,57.032,56.3698,55.7115,55.0553,54.4013,53.7506,53.1017,52.455,51.8107,51.1679,50.527,49.8881,49.2503,48.6148,47.9804,47.3476,46.7159,46.0851,45.4557,44.8277,44.2005,43.574,42.9482,42.3235,41.6995,41.0759,40.4533,39.8312,39.2099,38.589,37.9683,37.3479,36.7287,36.1086,35.4897,34.8713,34.2524,33.6339,33.0159,32.3977,31.7801,31.1625,30.5448,29.9273,29.31,28.6927,28.0758,27.4586,26.8416,26.2245,25.6076,24.9908,24.3735,23.7565,23.1398,22.5231,21.9063,21.2893,20.6725,20.0551,19.4381,18.8214,18.2044,17.5873,16.9701,16.3533,15.7363,15.1195,14.5026,13.8851,13.2686,12.6516,12.0341,11.4174,10.8,10.1828,9.56546,8.94881,8.33146,7.71461,7.09729,6.48019,5.86297,5.24582,4.62875,4.01152,3.39441,2.77721,2.16009,1.54288,0.925712,0.308582,-0.308582,-0.925712,-1.54288,-2.16009,-2.77721,-3.39441,-4.01152,-4.62875,-5.24582,-5.86297,-6.48019,-7.09729,-7.71461,-8.33146,-8.94881,-9.56546,-10.1828,-10.8,-11.4174,-12.0341,-12.6516,-13.2686,-13.8851,-14.5026,-15.1195,-15.7363,-16.3533,-16.9701,-17.5873,-18.2044,-18.8214,-19.4381,-20.0551,-20.6725,-21.2893,-21.9063,-22.5231,-23.1398,-23.7565,-24.3735,-24.9908,-25.6076,-26.2245,-26.8416,-27.4586,-28.0758,-28.6927,-29.31,-29.9273,-30.5448,-31.1625,-31.7801,-32.3977,-33.0159,-33.6339,-34.2524,-34.8713,-35.4897,-36.1086,-36.7287,-37.3479,-37.9683,-38.589,-39.2099,-39.8312,-40.4533,-41.0759,-41.6995,-42.3235,-42.9482,-43.574,-44.2005,-44.8277,-45.4557,-46.0851,-46.7159,-47.3476,-47.9804,-48.6148,-49.2503,-49.8881,-50.527,-51.1679,-51.8107,-52.455,-53.1017,-53.7506,-54.4013,-55.0553,-55.7115,-56.3698,-57.032,-57.6963,-58.364,-59.0349,-59.7093,-60.3871,-61.069,-61.7546,-62.444,-63.1382,-63.8365,-64.5394,90,90,90,90,90,90,90,90,90,90,90,90,90,90,90,90,90,90,90,90,90,90,90,90,90,90,90,90,90,90,90,90,90,90,90,
90,90,90,90,90,90,90,90,90,90,90,90,90,90,90,90,90,90,90,90,90,90,90,90,90,90,90,90,90,90,90,90,90,90,90,90,64.1871,63.4841,62.7854,62.0917,61.4014,60.7152,60.0332,59.3542,58.6796,58.0073,57.339,56.6731,56.0103,55.3504,54.6934,54.0383,53.3857,52.7355,52.0872,51.4409,50.7969,50.1544,49.5131,48.8736,48.2367,47.5998,46.965,46.3312,45.6982,45.0666,44.4363,43.8062,43.1778,42.5496,41.9223,41.2961,40.6699,40.0451,39.4202,38.7961,38.1727,37.549,36.9261,36.3037,35.6815,35.0593,34.4377,33.8165,33.1951,32.5741,31.9534,31.3321,30.7115,30.0916,29.4707,28.8503,28.2302,27.6097,26.9892,26.3692,25.7491,25.1287,24.5091,23.8885,23.2682,22.6482,22.0283,21.4077,20.7879,20.1675,19.5471,18.9273,18.3066,17.6864,17.0661,16.4456,15.8255,15.2052,14.5843,13.9646,13.3435,12.7234,12.1028,11.4823,10.8618,10.2407,9.62035,8.99984,8.37924,7.75851,7.1379,6.51729,5.89662,5.27594,4.65527,4.03457,3.41392,2.79318,2.17253,1.55177,0.931063,0.310354,-0.310354,-0.931063,-1.55177,-2.17253,-2.79318,-3.41392,-4.03457,-4.65527,-5.27594,-5.89662,-6.51729,-7.1379,-7.75851,-8.37924,-8.99984,-9.62035,-10.2407,-10.8618,-11.4823,-12.1028,-12.7234,-13.3435,-13.9646,-14.5843,-15.2052,-15.8255,-16.4456,-17.0661,-17.6864,-18.3066,-18.9273,-19.5471,-20.1675,-20.7879,-21.4077,-22.0283,-22.6482,-23.2682,-23.8885,-24.5091,-25.1287,-25.7491,-26.3692,-26.9892,-27.6097,-28.2302,-28.8503,-29.4707,-30.0916,-30.7115,-31.3321,-31.9534,-32.5741,-33.1951,-33.8165,-34.4377,-35.0593,-35.6815,-36.3037,-36.9261,-37.549,-38.1727,-38.7961,-39.4202,-40.0451,-40.6699,-41.2961,-41.9223,-42.5496,-43.1778,-43.8062,-44.4363,-45.0666,-45.6982,-46.3312,-46.965,-47.5998,-48.2367,-48.8736,-49.5131,-50.1544,-50.7969,-51.4409,-52.0872,-52.7355,-53.3857,-54.0383,-54.6934,-55.3504,-56.0103,-56.6731,-57.339,-58.0073,-58.6796,-59.3542,-60.0332,-60.7152,-61.4014,-62.0917,-62.7854,-63.4841,-64.1871,90,90,90,90,90,90,90,90,90,90,90,90,90,90,90,90,90,90,90,90,90,90,90,90,90,90,90,90,90,90,90,90,90,90,90,90,
90,90,90,90,90,90,90,90,90,90,90,90,90,90,90,90,90,90,90,90,90,90,90,90,90,90,90,90,90,90,90,90,90,90,90,90,90,63.8395,63.1364,62.4374,61.7431,61.0522,60.3658,59.6831,59.0039,58.3275,57.6548,56.9852,56.3183,55.6543,54.9932,54.3344,53.6777,53.0238,52.3719,51.722,51.0735,50.4273,49.7835,49.1403,48.4988,47.8593,47.2209,46.5834,45.9473,45.3125,44.6786,44.0453,43.4137,42.7823,42.1518,41.5219,40.8929,40.2644,39.6367,39.0093,38.3827,37.7557,37.13,36.5038,35.8782,35.2532,34.6281,34.0035,33.3792,32.7554,32.1312,31.5069,30.8829,30.2594,29.6356,29.0122,28.3885,27.7654,27.1413,26.5183,25.8945,25.2711,24.6478,24.0241,23.4008,22.777,22.1541,21.5304,20.9064,20.2828,19.6593,19.0358,18.4119,17.7881,17.1646,16.541,15.917,15.2927,14.6694,14.045,13.4208,12.7968,12.1729,11.5492,10.9249,10.3005,9.67682,9.05245,8.42786,7.80388,7.17973,6.55548,5.93117,5.30685,4.68253,4.05824,3.4339,2.80962,2.1852,1.56087,0.936518,0.312177,-0.312177,-0.936518,-1.56087,-2.1852,-2.80962,-3.4339,-4.05824,-4.68253,-5.30685,-5.93117,-6.55548,-7.17973,-7.80388,-8.42786,-9.05245,-9.67682,-10.3005,-10.9249,-11.5492,-12.1729,-12.7968,-13.4208,-14.045,-14.6694,-15.2927,-15.917,-16.541,-17.1646,-17.7881,-18.4119,-19.0358,-19.6593,-20.2828,-20.9064,-21.5304,-22.1541,-22.777,-23.4008,-24.0241,-24.6478,-25.2711,-25.8945,-26.5183,-27.1413,-27.7654,-28.3885,-29.0122,-29.6356,-30.2594,-30.8829,-31.5069,-32.1312,-32.7554,-33.3792,-34.0035,-34.6281,-35.2532,-35.8782,-36.5038,-37.13,-37.7557,-38.3827,-39.0093,-39.6367,-40.2644,-40.8929,-41.5219,-42.1518,-42.7823,-43.4137,-44.0453,-44.6786,-45.3125,-45.9473,-46.5834,-47.2209,-47.8593,-48.4988,-49.1403,-49.7835,-50.4273,-51.0735,-51.722,-52.3719,-53.0238,-53.6777,-54.3344,-54.9932,-55.6543,-56.3183,-56.9852,-57.6548,-58.3275,-59.0039,-59.6831,-60.3658,-61.0522,-61.7431,-62.4374,-63.1364,-63.8395,90,90,90,90,90,90,90,90,90,90,90,90,90,90,90,90,90,90,90,90,90,90,90,90,90,90,90,90,90,90,90,90,90,90,90,90,90,
90,90,90,90,90,90,90,90,90,90,90,90,90,90,90,90,90,90,90,90,90,90,90,90,90,90,90,90,90,90,90,90,90,90,90,90,90,64.2054,63.4972,62.7937,62.0941,61.3993,60.708,60.0205,59.3365,58.6567,57.9793,57.3055,56.6348,55.9667,55.3012,54.6382,53.9784,53.3203,52.6647,52.0106,51.3589,50.709,50.061,49.4146,48.7694,48.1257,47.4841,46.8434,46.2036,45.5651,44.9274,44.2914,43.656,43.0213,42.3871,41.7544,41.1216,40.4898,39.8592,39.228,38.598,37.9681,37.339,36.7099,36.081,35.4525,34.8245,34.1963,33.5685,32.9411,32.3136,31.6867,31.059,30.4321,29.8057,29.178,28.5512,27.9244,27.2978,26.6711,26.0442,25.417,24.7902,24.1635,23.5363,22.91,22.2826,21.656,21.0285,20.4017,19.7743,19.1475,18.5199,17.8929,17.2655,16.6385,16.0106,15.383,14.7558,14.128,13.5006,12.8733,12.2454,11.6176,10.9899,10.3622,9.73456,9.1067,8.47886,7.85076,7.22263,6.59463,5.96665,5.33864,4.71063,4.08258,3.45447,2.82641,2.1983,1.57027,0.942144,0.31405,-0.31405,-0.942144,-1.57027,-2.1983,-2.82641,-3.45447,-4.08258,-4.71063,-5.33864,-5.96665,-6.59463,-7.22263,-7.85076,-8.47886,-9.1067,-9.73456,-10.3622,-10.9899,-11.6176,-12.2454,-12.8733,-13.5006,-14.128,-14.7558,-15.383,-16.0106,-16.6385,-17.2655,-17.8929,-18.5199,-19.1475,-19.7743,-20.4017,-21.0285,-21.656,-22.2826,-22.91,-23.5363,-24.1635,-24.7902,-25.417,-26.0442,-26.6711,-27.2978,-27.9244,-28.5512,-29.178,-29.8057,-30.4321,-31.059,-31.6867,-32.3136,-32.9411,-33.5685,-34.1963,-34.8245,-35.4525,-36.081,-36.7099,-37.339,-37.9681,-38.598,-39.228,-39.8592,-40.4898,-41.1216,-41.7544,-42.3871,-43.0213,-43.656,-44.2914,-44.9274,-45.5651,-46.2036,-46.8434,-47.4841,-48.1257,-48.7694,-49.4146,-50.061,-50.709,-51.3589,-52.0106,-52.6647,-53.3203,-53.9784,-54.6382,-55.3012,-55.9667,-56.6348,-57.3055,-57.9793,-58.6567,-59.3365,-60.0205,-60.708,-61.3993,-62.0941,-62.7937,-63.4972,-64.2054,90,90,90,90,90,90,90,90,90,90,90,90,90,90,90,90,90,90,90,90,90,90,90,90,90,90,90,90,90,90,90,90,90,90,90,90,90,
90,90,90,90,90,90,90,90,90,90,90,90,90,90,90,90,90,90,90,90,90,90,90,90,90,90,90,90,90,90,90,90,90,90,90,90,90,90,63.8683,63.1598,62.4559,61.7558,61.0602,60.3682,59.6801,58.9951,58.3132,57.6357,56.9601,56.2881,55.6184,54.9516,54.2875,53.6251,52.9652,52.3078,51.6518,50.9982,50.3464,49.6963,49.0478,48.4003,47.7544,47.1104,46.4673,45.825,45.1845,44.5442,43.905,43.2669,42.6298,41.9933,41.3576,40.7218,40.0874,39.4532,38.8192,38.1865,37.5533,36.9213,36.2893,35.6572,35.0257,34.3945,33.7631,33.1326,32.5014,31.8709,31.2401,30.6101,29.9795,29.349,28.7191,28.0882,27.4581,26.8282,26.1974,25.567,24.937,24.3063,23.6762,23.046,22.4153,21.7851,21.1545,20.5238,19.8933,19.2625,18.6313,18.0002,17.3696,16.7386,16.1072,15.4763,14.8449,14.2139,13.5822,12.9508,12.3195,11.6883,11.0564,10.4252,9.79335,9.16201,8.52995,7.89836,7.26666,6.63495,6.00317,5.37135,4.73939,4.10753,3.47565,2.84374,2.21184,1.57983,0.947946,0.315974,-0.315974,-0.947946,-1.57983,-2.21184,-2.84374,-3.47565,-4.10753,-4.73939,-5.37135,-6.00317,-6.63495,-7.26666,-7.89836,-8.52995,-9.16201,-9.79335,-10.4252,-11.0564,-11.6883,-12.3195,-12.9508,-13.5822,-14.2139,-14.8449,-15.4763,-16.1072,-16.7386,-17.3696,-18.0002,-18.6313,-19.2625,-19.8933,-20.5238,-21.1545,-21.7851,-22.4153,-23.046,-23.6762,-24.3063,-24.937,-25.567,-26.1974,-26.8282,-27.4581,-28.0882,-28.7191,-29.349,-29.9795,-30.6101,-31.2401,-31.8709,-32.5014,-33.1326,-33.7631,-34.3945,-35.0257,-35.6572,-36.2893,-36.9213,-37.5533,-38.1865,-38.8192,-39.4532,-40.0874,-40.7218,-41.3576,-41.9933,-42.6298,-43.2669,-43.905,-44.5442,-45.1845,-45.825,-46.4673,-47.1104,-47.7544,-48.4003,-49.0478,-49.6963,-50.3464,-50.9982,-51.6518,-52.3078,-52.9652,-53.6251,-54.2875,-54.9516,-55.6184,-56.2881,-56.9601,-57.6357,-58.3132,-58.9951,-59.6801,-60.3682,-61.0602,-61.7558,-62.4559,-63.1598,-63.8683,90,90,90,90,90,90,90,90,90,90,90,90,90,90,90,90,90,90,90,90,90,90,90,90,90,90,90,90,90,90,90,90,90,90,90,90,90,90,
90,90,90,90,90,90,90,90,90,90,90,90,90,90,90,90,90,90,90,90,90,90,90,90,90,90,90,90,90,90,90,90,90,90,90,90,90,90,90,63.5363,62.8276,62.1222,61.4221,60.7256,60.0326,59.3431,58.6573,57.9748,57.2953,56.6184,55.9448,55.2737,54.6047,53.9384,53.2752,52.6129,51.9536,51.2957,50.6399,49.986,49.3336,48.6828,48.033,47.3846,46.7382,46.0925,45.4475,44.8038,44.1617,43.5197,42.8787,42.2392,41.599,40.9602,40.3223,39.6846,39.0477,38.4109,37.7746,37.1385,36.5034,35.8677,35.233,34.5977,33.9638,33.3291,32.6946,32.0604,31.4265,30.7924,30.1586,29.5249,28.8907,28.2569,27.6232,26.9897,26.3556,25.7219,25.0879,24.4538,23.8197,23.1861,22.552,21.9173,21.2831,20.6492,20.0142,19.38,18.7456,18.111,17.4763,16.8417,16.2061,15.5719,14.937,14.3015,13.6664,13.0316,12.3959,11.7604,11.1257,10.4902,9.85473,9.21918,8.5834,7.94756,7.31209,6.67638,6.0406,5.40486,4.76904,4.13324,3.49742,2.86149,2.22565,1.58978,0.953866,0.317955,-0.317955,-0.953866,-1.58978,-2.22565,-2.86149,-3.49742,-4.13324,-4.76904,-5.40486,-6.0406,-6.67638,-7.31209,-7.94756,-8.5834,-9.21918,-9.85473,-10.4902,-11.1257,-11.7604,-12.3959,-13.0316,-13.6664,-14.3015,-14.937,-15.5719,-16.2061,-16.8417,-17.4763,-18.111,-18.7456,-19.38,-20.0142,-20.6492,-21.2831,-21.9173,-22.552,-23.1861,-23.8197,-24.4538,-25.0879,-25.7219,-26.3556,-26.9897,-27.6232,-28.2569,-28.8907,-29.5249,-30.1586,-30.7924,-31.4265,-32.0604,-32.6946,-33.3291,-33.9638,-34.5977,-35.233,-35.8677,-36.5034,-37.1385,-37.7746,-38.4109,-39.0477,-39.6846,-40.3223,-40.9602,-41.599,-42.2392,-42.8787,-43.5197,-44.1617,-44.8038,-45.4475,-46.0925,-46.7382,-47.3846,-48.033,-48.6828,-49.3336,-49.986,-50.6399,-51.2957,-51.9536,-52.6129,-53.2752,-53.9384,-54.6047,-55.2737,-55.9448,-56.6184,-57.2953,-57.9748,-58.6573,-59.3431,-60.0326,-60.7256,-61.4221,-62.1222,-62.8276,-63.5363,90,90,90,90,90,90,90,90,90,90,90,90,90,90,90,90,90,90,90,90,90,90,90,90,90,90,90,90,90,90,90,90,90,90,90,90,90,90,90,
90,90,90,90,90,90,90,90,90,90,90,90,90,90,90,90,90,90,90,90,90,90,90,90,90,90,90,90,90,90,90,90,90,90,90,90,90,90,90,90,63.2093,62.4997,61.7943,61.0928,60.3952,59.701,59.0103,58.3232,57.6393,56.9579,56.2799,55.6047,54.9317,54.2614,53.5932,52.9276,52.2639,51.6019,50.9423,50.2839,49.6276,48.9728,48.3196,47.6668,47.0163,46.3667,45.7188,45.0715,44.4254,43.7794,43.1348,42.4918,41.8486,41.2058,40.5643,39.923,39.2824,38.6414,38.0021,37.3623,36.723,36.0847,35.4457,34.8072,34.1694,33.531,32.8938,32.2557,31.6179,30.9801,30.343,29.7053,29.0682,28.4306,27.7933,27.1553,26.5178,25.8801,25.2426,24.6054,23.9675,23.33,22.6917,22.0542,21.4158,20.7777,20.1392,19.5016,18.8629,18.2248,17.5862,16.9476,16.3084,15.6697,15.0312,14.3923,13.7526,13.1141,12.4747,11.8357,11.1958,10.5566,9.91742,9.27739,8.63788,7.99831,7.35865,6.7189,6.07923,5.43942,4.79947,4.15961,3.51973,2.87981,2.2399,1.59996,0.959974,0.319988,-0.319988,-0.959974,-1.59996,-2.2399,-2.87981,-3.51973,-4.15961,-4.79947,-5.43942,-6.07923,-6.7189,-7.35865,-7.99831,-8.63788,-9.27739,-9.91742,-10.5566,-11.1958,-11.8357,-12.4747,-13.1141,-13.7526,-14.3923,-15.0312,-15.6697,-16.3084,-16.9476,-17.5862,-18.2248,-18.8629,-19.5016,-20.1392,-20.7777,-21.4158,-22.0542,-22.6917,-23.33,-23.9675,-24.6054,-25.2426,-25.8801,-26.5178,-27.1553,-27.7933,-28.4306,-29.0682,-29.7053,-30.343,-30.9801,-31.6179,-32.2557,-32.8938,-33.531,-34.1694,-34.8072,-35.4457,-36.0847,-36.723,-37.3623,-38.0021,-38.6414,-39.2824,-39.923,-40.5643,-41.2058,-41.8486,-42.4918,-43.1348,-43.7794,-44.4254,-45.0715,-45.7188,-46.3667,-47.0163,-47.6668,-48.3196,-48.9728,-49.6276,-50.2839,-50.9423,-51.6019,-52.2639,-52.9276,-53.5932,-54.2614,-54.9317,-55.6047,-56.2799,-56.9579,-57.6393,-58.3232,-59.0103,-59.701,-60.3952,-61.0928,-61.7943,-62.4997,-63.2093,90,90,90,90,90,90,90,90,90,90,90,90,90,90,90,90,90,90,90,90,90,90,90,90,90,90,90,90,90,90,90,90,90,90,90,90,90,90,90,90,
90,90,90,90,90,90,90,90,90,90,90,90,90,90,90,90,90,90,90,90,90,90,90,90,90,90,90,90,90,90,90,90,90,90,90,90,90,90,90,90,90,62.8882,62.1772,61.4704,60.7681,60.0693,59.3744,58.6823,57.9932,57.3076,56.6246,55.9453,55.2679,54.5931,53.9208,53.2507,52.5829,51.9164,51.2527,50.5908,49.93,49.2712,48.6139,47.9581,47.3036,46.6499,45.9974,45.3466,44.6964,44.0467,43.3991,42.7509,42.1046,41.4581,40.8129,40.1674,39.5231,38.8795,38.2359,37.5929,36.9497,36.3071,35.6649,35.023,34.3809,33.7391,33.0975,32.4562,31.8153,31.1735,30.532,29.8908,29.2496,28.6089,27.9678,27.3263,26.685,26.0437,25.4024,24.7609,24.119,23.4777,22.8358,22.194,21.5522,20.9104,20.2683,19.6263,18.9839,18.3414,17.6993,17.056,16.414,15.7707,15.1277,14.4849,13.8417,13.1986,12.5554,11.9118,11.2688,10.6251,9.98132,9.33821,8.6942,8.05067,7.40664,6.76277,6.11884,5.47486,4.83086,4.1868,3.54272,2.8986,2.25455,1.6104,0.966212,0.322078,-0.322078,-0.966212,-1.6104,-2.25455,-2.8986,-3.54272,-4.1868,-4.83086,-5.47486,-6.11884,-6.76277,-7.40664,-8.05067,-8.6942,-9.33821,-9.98132,-10.6251,-11.2688,-11.9118,-12.5554,-13.1986,-13.8417,-14.4849,-15.1277,-15.7707,-16.414,-17.056,-17.6993,-18.3414,-18.9839,-19.6263,-20.2683,-20.9104,-21.5522,-22.194,-22.8358,-23.4777,-24.119,-24.7609,-25.4024,-26.0437,-26.685,-27.3263,-27.9678,-28.6089,-29.2496,-29.8908,-30.532,-31.1735,-31.8153,-32.4562,-33.0975,-33.7391,-34.3809,-35.023,-35.6649,-36.3071,-36.9497,-37.5929,-38.2359,-38.8795,-39.5231,-40.1674,-40.8129,-41.4581,-42.1046,-42.7509,-43.3991,-44.0467,-44.6964,-45.3466,-45.9974,-46.6499,-47.3036,-47.9581,-48.6139,-49.2712,-49.93,-50.5908,-51.2527,-51.9164,-52.5829,-53.2507,-53.9208,-54.5931,-55.2679,-55.9453,-56.6246,-57.3076,-57.9932,-58.6823,-59.3744,-60.0693,-60.7681,-61.4704,-62.1772,-62.8882,90,90,90,90,90,90,90,90,90,90,90,90,90,90,90,90,90,90,90,90,90,90,90,90,90,90,90,90,90,90,90,90,90,90,90,90,90,90,90,90,90,
90,90,90,90,90,90,90,90,90,90,90,90,90,90,90,90,90,90,90,90,90,90,90,90,90,90,90,90,90,90,90,90,90,90,90,90,90,90,90,90,90,63.2873,62.5715,61.8596,61.1522,60.4486,59.748,59.0515,58.3579,57.6676,56.9804,56.2954,55.6138,54.9349,54.2576,53.5833,52.9108,52.2409,51.5726,50.9065,50.2415,49.5787,48.9167,48.2573,47.5981,46.9408,46.2846,45.6291,44.9753,44.3225,43.6701,43.0187,42.3676,41.7174,41.0685,40.4197,39.7716,39.1237,38.4763,37.8293,37.1824,36.5364,35.8897,35.2439,34.5984,33.9532,33.3075,32.6627,32.0173,31.372,30.7274,30.0827,29.4369,28.792,28.1472,27.5015,26.8572,26.2116,25.5663,24.9208,24.2753,23.6295,22.9842,22.3386,21.6931,21.0465,20.4009,19.7542,19.1082,18.4618,17.8152,17.168,16.5214,15.875,15.2273,14.5809,13.9337,13.2858,12.6389,11.9911,11.3436,10.6959,10.0482,9.40031,8.75231,8.10402,7.45599,6.80782,6.15956,5.51141,4.86316,4.21478,3.56636,2.91802,2.2696,1.62113,0.972663,0.324234,-0.324234,-0.972663,-1.62113,-2.2696,-2.91802,-3.56636,-4.21478,-4.86316,-5.51141,-6.15956,-6.80782,-7.45599,-8.10402,-8.75231,-9.40031,-10.0482,-10.6959,-11.3436,-11.9911,-12.6389,-13.2858,-13.9337,-14.5809,-15.2273,-15.875,-16.5214,-17.168,-17.8152,-18.4618,-19.1082,-19.7542,-20.4009,-21.0465,-21.6931,-22.3386,-22.9842,-23.6295,-24.2753,-24.9208,-25.5663,-26.2116,-26.8572,-27.5015,-28.1472,-28.792,-29.4369,-30.0827,-30.7274,-31.372,-32.0173,-32.6627,-33.3075,-33.9532,-34.5984,-35.2439,-35.8897,-36.5364,-37.1824,-37.8293,-38.4763,-39.1237,-39.7716,-40.4197,-41.0685,-41.7174,-42.3676,-43.0187,-43.6701,-44.3225,-44.9753,-45.6291,-46.2846,-46.9408,-47.5981,-48.2573,-48.9167,-49.5787,-50.2415,-50.9065,-51.5726,-52.2409,-52.9108,-53.5833,-54.2576,-54.9349,-55.6138,-56.2954,-56.9804,-57.6676,-58.3579,-59.0515,-59.748,-60.4486,-61.1522,-61.8596,-62.5715,-63.2873,90,90,90,90,90,90,90,90,90,90,90,90,90,90,90,90,90,90,90,90,90,90,90,90,90,90,90,90,90,90,90,90,90,90,90,90,90,90,90,90,90,
90,90,90,90,90,90,90,90,90,90,90,90,90,90,90,90,90,90,90,90,90,90,90,90,90,90,90,90,90,90,90,90,90,90,90,90,90,90,90,90,90,90,62.9771,62.2601,61.5472,60.8384,60.1327,59.431,58.7329,58.038,57.3456,56.6564,55.9699,55.2858,54.6043,53.9258,53.2492,52.5744,51.9019,51.2306,50.562,49.8949,49.2287,48.5645,47.9017,47.2401,46.5797,45.921,45.2623,44.6052,43.9491,43.2934,42.639,41.985,41.3317,40.679,40.0266,39.3752,38.7239,38.073,37.4221,36.7722,36.1219,35.4722,34.8225,34.1733,33.5241,32.8751,32.2262,31.5768,30.9279,30.279,29.6295,28.9809,28.3318,27.6824,27.0337,26.3843,25.7352,25.0853,24.4366,23.7863,23.1372,22.487,21.8369,21.1872,20.5369,19.8865,19.2357,18.5853,17.9347,17.2838,16.6322,15.9812,15.3303,14.6789,14.0269,13.3759,12.7242,12.0725,11.42,10.7682,10.1163,9.46361,8.8115,8.15919,7.50669,6.85424,6.2016,5.54898,4.89626,4.24355,3.59073,2.93791,2.28508,1.63218,0.97932,0.326448,-0.326448,-0.97932,-1.63218,-2.28508,-2.93791,-3.59073,-4.24355,-4.89626,-5.54898,-6.2016,-6.85424,-7.50669,-8.15919,-8.8115,-9.46361,-10.1163,-10.7682,-11.42,-12.0725,-12.7242,-13.3759,-14.0269,-14.6789,-15.3303,-15.9812,-16.6322,-17.2838,-17.9347,-18.5853,-19.2357,-19.8865,-20.5369,-21.1872,-21.8369,-22.487,-23.1372,-23.7863,-24.4366,-25.0853,-25.7352,-26.3843,-27.0337,-27.6824,-28.3318,-28.9809,-29.6295,-30.279,-30.9279,-31.5768,-32.2262,-32.8751,-33.5241,-34.1733,-34.8225,-35.4722,-36.1219,-36.7722,-37.4221,-38.073,-38.7239,-39.3752,-40.0266,-40.679,-41.3317,-41.985,-42.639,-43.2934,-43.9491,-44.6052,-45.2623,-45.921,-46.5797,-47.2401,-47.9017,-48.5645,-49.2287,-49.8949,-50.562,-51.2306,-51.9019,-52.5744,-53.2492,-53.9258,-54.6043,-55.2858,-55.9699,-56.6564,-57.3456,-58.038,-58.7329,-59.431,-60.1327,-60.8384,-61.5472,-62.2601,-62.9771,90,90,90,90,90,90,90,90,90,90,90,90,90,90,90,90,90,90,90,90,90,90,90,90,90,90,90,90,90,90,90,90,90,90,90,90,90,90,90,90,90,90,
90,90,90,90,90,90,90,90,90,90,90,90,90,90,90,90,90,90,90,90,90,90,90,90,90,90,90,90,90,90,90,90,90,90,90,90,90,90,90,90,90,90,90,62.6717,61.9539,61.2396,60.529,59.8223,59.1189,58.4185,57.7218,57.0277,56.3366,55.6475,54.9617,54.2778,53.5969,52.9174,52.2401,51.5656,50.8921,50.2202,49.5503,48.8817,48.2146,47.5486,46.8839,46.2203,45.5583,44.8968,44.2369,43.5772,42.9185,42.2599,41.6027,40.9462,40.2897,39.6337,38.979,38.3235,37.6686,37.0145,36.3609,35.7069,35.0537,34.4002,33.7467,33.0936,32.4403,31.7873,31.1347,30.4815,29.8287,29.1753,28.5223,27.8684,27.2159,26.5623,25.9086,25.2551,24.6018,23.9476,23.2941,22.6403,21.9855,21.331,20.6767,20.0223,19.3674,18.713,18.0575,17.4024,16.747,16.0917,15.4361,14.7805,14.1243,13.4683,12.8124,12.1556,11.4998,10.843,10.1861,9.52987,8.87271,8.21613,7.55907,6.90191,6.24483,5.5876,4.93041,4.2731,3.61581,2.95844,2.30106,1.64362,0.986193,0.328726,-0.328726,-0.986193,-1.64362,-2.30106,-2.95844,-3.61581,-4.2731,-4.93041,-5.5876,-6.24483,-6.90191,-7.55907,-8.21613,-8.87271,-9.52987,-10.1861,-10.843,-11.4998,-12.1556,-12.8124,-13.4683,-14.1243,-14.7805,-15.4361,-16.0917,-16.747,-17.4024,-18.0575,-18.713,-19.3674,-20.0223,-20.6767,-21.331,-21.9855,-22.6403,-23.2941,-23.9476,-24.6018,-25.2551,-25.9086,-26.5623,-27.2159,-27.8684,-28.5223,-29.1753,-29.8287,-30.4815,-31.1347,-31.7873,-32.4403,-33.0936,-33.7467,-34.4002,-35.0537,-35.7069,-36.3609,-37.0145,-37.6686,-38.3235,-38.979,-39.6337,-40.2897,-40.9462,-41.6027,-42.2599,-42.9185,-43.5772,-44.2369,-44.8968,-45.5583,-46.2203,-46.8839,-47.5486,-48.2146,-48.8817,-49.5503,-50.2202,-50.8921,-51.5656,-52.2401,-52.9174,-53.5969,-54.2778,-54.9617,-55.6475,-56.3366,-57.0277,-57.7218,-58.4185,-59.1189,-59.8223,-60.529,-61.2396,-61.9539,-62.6717,90,90,90,90,90,90,90,90,90,90,90,90,90,90,90,90,90,90,90,90,90,90,90,90,90,90,90,90,90,90,90,90,90,90,90,90,90,90,90,90,90,90,90,
90,90,90,90,90,90,90,90,90,90,90,90,90,90,90,90,90,90,90,90,90,90,90,90,90,90,90,90,90,90,90,90,90,90,90,90,90,90,90,90,90,90,90,90,62.372,61.6527,60.9371,60.2245,59.5161,58.8107,58.109,57.4095,56.7133,56.0199,55.3291,54.6408,53.9551,53.2712,52.5895,51.909,51.2317,50.5553,49.8805,49.2081,48.5365,47.8656,47.197,46.5295,45.863,45.1971,44.532,43.869,43.2051,42.5431,41.8813,41.2207,40.5607,39.9007,39.2413,38.5823,37.9231,37.2649,36.6065,35.9488,35.2908,34.6336,33.976,33.3184,32.6613,32.0038,31.3469,30.6897,30.0326,29.3752,28.7177,28.0605,27.403,26.7457,26.088,25.4298,24.7721,24.1142,23.4559,22.797,22.1387,21.4804,20.8212,20.1623,19.5035,18.8441,18.1844,17.5244,16.8647,16.205,15.5452,14.8845,14.224,13.5637,12.9026,12.2417,11.5813,10.9203,10.259,9.59759,8.93603,8.27424,7.61279,6.95115,6.28931,5.62747,4.96561,4.30358,3.64159,2.97959,2.31743,1.65536,0.993222,0.331074,-0.331074,-0.993222,-1.65536,-2.31743,-2.97959,-3.64159,-4.30358,-4.96561,-5.62747,-6.28931,-6.95115,-7.61279,-8.27424,-8.93603,-9.59759,-10.259,-10.9203,-11.5813,-12.2417,-12.9026,-13.5637,-14.224,-14.8845,-15.5452,-16.205,-16.8647,-17.5244,-18.1844,-18.8441,-19.5035,-20.1623,-20.8212,-21.4804,-22.1387,-22.797,-23.4559,-24.1142,-24.7721,-25.4298,-26.088,-26.7457,-27.403,-28.0605,-28.7177,-29.3752,-30.0326,-30.6897,-31.3469,-32.0038,-32.6613,-33.3184,-33.976,-34.6336,-35.2908,-35.9488,-36.6065,-37.2649,-37.9231,-38.5823,-39.2413,-39.9007,-40.5607,-41.2207,-41.8813,-42.5431,-43.2051,-43.869,-44.532,-45.1971,-45.863,-46.5295,-47.197,-47.8656,-48.5365,-49.2081,-49.8805,-50.5553,-51.2317,-51.909,-52.5895,-53.2712,-53.9551,-54.6408,-55.3291,-56.0199,-56.7133,-57.4095,-58.109,-58.8107,-59.5161,-60.2245,-60.9371,-61.6527,-62.372,90,90,90,90,90,90,90,90,90,90,90,90,90,90,90,90,90,90,90,90,90,90,90,90,90,90,90,90,90,90,90,90,90,90,90,90,90,90,90,90,90,90,90,90,
90,90,90,90,90,90,90,90,90,90,90,90,90,90,90,90,90,90,90,90,90,90,90,90,90,90,90,90,90,90,90,90,90,90,90,90,90,90,90,90,90,90,90,90,90,62.0781,61.3564,60.6391,59.9257,59.2151,58.5078,57.8034,57.1022,56.4037,55.708,55.0146,54.3234,53.6349,52.9483,52.2638,51.5815,50.9001,50.2213,49.5433,48.8677,48.1929,47.5192,46.8471,46.1761,45.5061,44.837,44.1688,43.5014,42.8348,42.1688,41.5041,40.8388,40.1747,39.511,38.8477,38.1849,37.5224,36.8596,36.1977,35.5359,34.8738,34.2122,33.5501,32.8887,32.2273,31.5658,30.9042,30.243,29.581,28.9194,28.2575,27.5958,26.9338,26.2719,25.6099,24.9477,24.2852,23.6224,22.9599,22.2967,21.6333,20.9696,20.3066,19.6424,18.9787,18.3149,17.6504,16.9861,16.3215,15.657,14.9921,14.3271,13.6615,12.996,12.3305,11.6648,10.9993,10.3335,9.66673,9.0006,8.33504,7.66822,7.00175,6.33515,5.66856,5.00184,4.33504,3.66827,3.00128,2.33445,1.66741,1.00048,0.333496,-0.333496,-1.00048,-1.66741,-2.33445,-3.00128,-3.66827,-4.33504,-5.00184,-5.66856,-6.33515,-7.00175,-7.66822,-8.33504,-9.0006,-9.66673,-10.3335,-10.9993,-11.6648,-12.3305,-12.996,-13.6615,-14.3271,-14.9921,-15.657,-16.3215,-16.9861,-17.6504,-18.3149,-18.9787,-19.6424,-20.3066,-20.9696,-21.6333,-22.2967,-22.9599,-23.6224,-24.2852,-24.9477,-25.6099,-26.2719,-26.9338,-27.5958,-28.2575,-28.9194,-29.581,-30.243,-30.9042,-31.5658,-32.2273,-32.8887,-33.5501,-34.2122,-34.8738,-35.5359,-36.1977,-36.8596,-37.5224,-38.1849,-38.8477,-39.511,-40.1747,-40.8388,-41.5041,-42.1688,-42.8348,-43.5014,-44.1688,-44.837,-45.5061,-46.1761,-46.8471,-47.5192,-48.1929,-48.8677,-49.5433,-50.2213,-50.9001,-51.5815,-52.2638,-52.9483,-53.6349,-54.3234,-55.0146,-55.708,-56.4037,-57.1022,-57.8034,-58.5078,-59.2151,-59.9257,-60.6391,-61.3564,-62.0781,90,90,90,90,90,90,90,90,90,90,90,90,90,90,90,90,90,90,90,90,90,90,90,90,90,90,90,90,90,90,90,90,90,90,90,90,90,90,90,90,90,90,90,90,90,
90,90,90,90,90,90,90,90,90,90,90,90,90,90,90,90,90,90,90,90,90,90,90,90,90,90,90,90,90,90,90,90,90,90,90,90,90,90,90,90,90,90,90,90,90,90,61.7892,61.0658,60.3469,59.6309,58.9183,58.2086,57.5024,56.7983,56.0978,55.3995,54.7031,54.0101,53.3188,52.6293,51.9413,51.2558,50.572,49.8899,49.2092,48.5297,47.8513,47.1752,46.499,45.8249,45.1511,44.4787,43.8066,43.1352,42.4655,41.7954,41.1265,40.458,39.7894,39.1219,38.4547,37.7872,37.1211,36.4542,35.7874,35.1213,34.4552,33.7893,33.1232,32.4577,31.7917,31.1253,30.4594,29.7939,29.1274,28.4613,27.795,27.1288,26.4619,25.7949,25.1284,24.4616,23.794,23.1265,22.4588,21.7911,21.1232,20.4547,19.7871,19.1181,18.4495,17.7805,17.1111,16.4417,15.7721,15.1023,14.433,13.7627,13.0924,12.4222,11.7513,11.0809,10.4097,9.73906,9.06821,8.39713,7.72532,7.05395,6.38243,5.71092,5.03919,4.36745,3.69566,3.02372,2.35186,1.67987,1.00792,0.335989,-0.335989,-1.00792,-1.67987,-2.35186,-3.02372,-3.69566,-4.36745,-5.03919,-5.71092,-6.38243,-7.05395,-7.72532,-8.39713,-9.06821,-9.73906,-10.4097,-11.0809,-11.7513,-12.4222,-13.0924,-13.7627,-14.433,-15.1023,-15.7721,-16.4417,-17.1111,-17.7805,-18.4495,-19.1181,-19.7871,-20.4547,-21.1232,-21.7911,-22.4588,-23.1265,-23.794,-24.4616,-25.1284,-25.7949,-26.4619,-27.1288,-27.795,-28.4613,-29.1274,-29.7939,-30.4594,-31.1253,-31.7917,-32.4577,-33.1232,-33.7893,-34.4552,-35.1213,-35.7874,-36.4542,-37.1211,-37.7872,-38.4547,-39.1219,-39.7894,-40.458,-41.1265,-41.7954,-42.4655,-43.1352,-43.8066,-44.4787,-45.1511,-45.8249,-46.499,-47.1752,-47.8513,-48.5297,-49.2092,-49.8899,-50.572,-51.2558,-51.9413,-52.6293,-53.3188,-54.0101,-54.7031,-55.3995,-56.0978,-56.7983,-57.5024,-58.2086,-58.9183,-59.6309,-60.3469,-61.0658,-61.7892,90,90,90,90,90,90,90,90,90,90,90,90,90,90,90,90,90,90,90,90,90,90,90,90,90,90,90,90,90,90,90,90,90,90,90,90,90,90,90,90,90,90,90,90,90,90,
90,90,90,90,90,90,90,90,90,90,90,90,90,90,90,90,90,90,90,90,90,90,90,90,90,90,90,90,90,90,90,90,90,90,90,90,90,90,90,90,90,90,90,90,90,90,90,61.5055,60.7804,60.0592,59.3407,58.6263,57.9143,57.2056,56.4994,55.7958,55.0947,54.3958,53.6995,53.0052,52.313,51.6219,50.9338,50.2465,49.5606,48.8769,48.1938,47.5124,46.8319,46.153,45.4744,44.7972,44.1208,43.4451,42.7701,42.0961,41.4223,40.7494,40.0764,39.4039,38.7322,38.0608,37.3896,36.7187,36.0473,35.3765,34.7058,34.0358,33.3652,32.6948,32.024,31.354,30.6828,30.0123,29.3418,28.6707,28.0005,27.3287,26.6572,25.9861,25.3148,24.6427,23.9711,23.299,22.6265,21.9542,21.2809,20.6079,19.9349,19.2612,18.588,17.9143,17.2402,16.5655,15.8917,15.2166,14.5423,13.8665,13.1915,12.5165,11.8405,11.1647,10.4893,9.81296,9.13724,8.46045,7.78434,7.1077,6.4312,5.75443,5.0776,4.40077,3.72387,3.04687,2.36985,1.69277,1.01568,0.338557,-0.338557,-1.01568,-1.69277,-2.36985,-3.04687,-3.72387,-4.40077,-5.0776,-5.75443,-6.4312,-7.1077,-7.78434,-8.46045,-9.13724,-9.81296,-10.4893,-11.1647,-11.8405,-12.5165,-13.1915,-13.8665,-14.5423,-15.2166,-15.8917,-16.5655,-17.2402,-17.9143,-18.588,-19.2612,-19.9349,-20.6079,-21.2809,-21.9542,-22.6265,-23.299,-23.9711,-24.6427,-25.3148,-25.9861,-26.6572,-27.3287,-28.0005,-28.6707,-29.3418,-30.0123,-30.6828,-31.354,-32.024,-32.6948,-33.3652,-34.0358,-34.7058,-35.3765,-36.0473,-36.7187,-37.3896,-38.0608,-38.7322,-39.4039,-40.0764,-40.7494,-41.4223,-42.0961,-42.7701,-43.4451,-44.1208,-44.7972,-45.4744,-46.153,-46.8319,-47.5124,-48.1938,-48.8769,-49.5606,-50.2465,-50.9338,-51.6219,-52.313,-53.0052,-53.6995,-54.3958,-55.0947,-55.7958,-56.4994,-57.2056,-57.9143,-58.6263,-59.3407,-60.0592,-60.7804,-61.5055,90,90,90,90,90,90,90,90,90,90,90,90,90,90,90,90,90,90,90,90,90,90,90,90,90,90,90,90,90,90,90,90,90,90,90,90,90,90,90,90,90,90,90,90,90,90,90,
90,90,90,90,90,90,90,90,90,90,90,90,90,90,90,90,90,90,90,90,90,90,90,90,90,90,90,90,90,90,90,90,90,90,90,90,90,90,90,90,90,90,90,90,90,90,90,90,61.2269,60.5001,59.777,59.0562,58.3393,57.6246,56.9127,56.2043,55.4979,54.7938,54.092,53.393,52.6956,52.0001,51.3061,50.6135,49.9238,49.2348,48.5463,47.86,47.1753,46.4915,45.808,45.1259,44.445,43.7644,43.0849,42.406,41.7276,41.0497,40.3722,39.6956,39.0188,38.3428,37.6664,36.9909,36.3153,35.6399,34.965,34.289,33.614,32.939,32.2638,31.5884,30.9139,30.2379,29.5623,28.8874,28.2117,27.5354,26.8597,26.1837,25.507,24.8304,24.1537,23.4762,22.7994,22.1216,21.4441,20.7658,20.0877,19.4093,18.7304,18.0519,17.3729,16.6934,16.0138,15.3347,14.6546,13.9746,13.2939,12.6131,11.9329,11.252,10.5708,9.88945,9.20786,8.52682,7.84507,7.16329,6.48143,5.79939,5.11736,4.43524,3.75299,3.07071,2.38843,1.70602,1.02365,0.341212,-0.341212,-1.02365,-1.70602,-2.38843,-3.07071,-3.75299,-4.43524,-5.11736,-5.79939,-6.48143,-7.16329,-7.84507,-8.52682,-9.20786,-9.88945,-10.5708,-11.252,-11.9329,-12.6131,-13.2939,-13.9746,-14.6546,-15.3347,-16.0138,-16.6934,-17.3729,-18.0519,-18.7304,-19.4093,-20.0877,-20.7658,-21.4441,-22.1216,-22.7994,-23.4762,-24.1537,-24.8304,-25.507,-26.1837,-26.8597,-27.5354,-28.2117,-28.8874,-29.5623,-30.2379,-30.9139,-31.5884,-32.2638,-32.939,-33.614,-34.289,-34.965,-35.6399,-36.3153,-36.9909,-37.6664,-38.3428,-39.0188,-39.6956,-40.3722,-41.0497,-41.7276,-42.406,-43.0849,-43.7644,-44.445,-45.1259,-45.808,-46.4915,-47.1753,-47.86,-48.5463,-49.2348,-49.9238,-50.6135,-51.3061,-52.0001,-52.6956,-53.393,-54.092,-54.7938,-55.4979,-56.2043,-56.9127,-57.6246,-58.3393,-59.0562,-59.777,-60.5001,-61.2269,90,90,90,90,90,90,90,90,90,90,90,90,90,90,90,90,90,90,90,90,90,90,90,90,90,90,90,90,90,90,90,90,90,90,90,90,90,90,90,90,90,90,90,90,90,90,90,90,
90,90,90,90,90,90,90,90,90,90,90,90,90,90,90,90,90,90,90,90,90,90,90,90,90,90,90,90,90,90,90,90,90,90,90,90,90,90,90,90,90,90,90,90,90,90,90,90,90,60.9545,60.2254,59.4996,58.7768,58.0567,57.3398,56.6249,55.9136,55.2041,54.4975,53.7925,53.0896,52.3887,51.6898,50.9923,50.2972,49.6032,48.9109,48.219,47.5288,46.84,46.152,45.4654,44.779,44.0938,43.4092,42.7252,42.0422,41.3591,40.6775,39.9952,39.3142,38.6335,37.9524,37.272,36.5917,35.9113,35.2316,34.5512,33.8714,33.1909,32.5112,31.8313,31.1512,30.4707,29.7905,29.1099,28.4295,27.7486,27.0678,26.3864,25.705,25.0236,24.3414,23.6598,22.9771,22.2944,21.612,20.9288,20.2458,19.5624,18.8786,18.1943,17.5103,16.8257,16.141,15.456,14.7708,14.0849,13.3998,12.7139,12.0277,11.3416,10.6552,9.96864,9.28181,8.59471,7.90769,7.22056,6.53326,5.84577,5.15837,4.47078,3.78307,3.0953,2.40755,1.71965,1.0318,0.343947,-0.343947,-1.0318,-1.71965,-2.40755,-3.0953,-3.78307,-4.47078,-5.15837,-5.84577,-6.53326,-7.22056,-7.90769,-8.59471,-9.28181,-9.96864,-10.6552,-11.3416,-12.0277,-12.7139,-13.3998,-14.0849,-14.7708,-15.456,-16.141,-16.8257,-17.5103,-18.1943,-18.8786,-19.5624,-20.2458,-20.9288,-21.612,-22.2944,-22.9771,-23.6598,-24.3414,-25.0236,-25.705,-26.3864,-27.0678,-27.7486,-28.4295,-29.1099,-29.7905,-30.4707,-31.1512,-31.8313,-32.5112,-33.1909,-33.8714,-34.5512,-35.2316,-35.9113,-36.5917,-37.272,-37.9524,-38.6335,-39.3142,-39.9952,-40.6775,-41.3591,-42.0422,-42.7252,-43.4092,-44.0938,-44.779,-45.4654,-46.152,-46.84,-47.5288,-48.219,-48.9109,-49.6032,-50.2972,-50.9923,-51.6898,-52.3887,-53.0896,-53.7925,-54.4975,-55.2041,-55.9136,-56.6249,-57.3398,-58.0567,-58.7768,-59.4996,-60.2254,-60.9545,90,90,90,90,90,90,90,90,90,90,90,90,90,90,90,90,90,90,90,90,90,90,90,90,90,90,90,90,90,90,90,90,90,90,90,90,90,90,90,90,90,90,90,90,90,90,90,90,90,
90,90,90,90,90,90,90,90,90,90,90,90,90,90,90,90,90,90,90,90,90,90,90,90,90,90,90,90,90,90,90,90,90,90,90,90,90,90,90,90,90,90,90,90,90,90,90,90,90,90,60.6884,59.9561,59.2275,58.5018,57.779,57.059,56.3422,55.6273,54.9145,54.2045,53.4966,52.7902,52.0858,51.3832,50.6825,49.9829,49.2855,48.5892,47.8939,47.2,46.5069,45.8146,45.1236,44.4338,43.7434,43.0547,42.367,41.6792,40.9918,40.3052,39.6194,38.9333,38.2479,37.5619,36.8768,36.1915,35.5062,34.8213,34.1365,33.4514,32.7665,32.0816,31.3963,30.7112,30.0256,29.3398,28.6547,27.9689,27.2826,26.5963,25.9097,25.2226,24.5362,23.8486,23.1612,22.4732,21.7852,21.0967,20.4085,19.7192,19.0303,18.3408,17.6516,16.9618,16.2719,15.5814,14.8903,14.1999,13.5087,12.8172,12.1259,11.4334,10.7418,10.0498,9.35754,8.66501,7.97247,7.27961,6.58678,5.89373,5.2006,4.50736,3.81405,3.1207,2.42727,1.73377,1.04031,0.346767,-0.346767,-1.04031,-1.73377,-2.42727,-3.1207,-3.81405,-4.50736,-5.2006,-5.89373,-6.58678,-7.27961,-7.97247,-8.66501,-9.35754,-10.0498,-10.7418,-11.4334,-12.1259,-12.8172,-13.5087,-14.1999,-14.8903,-15.5814,-16.2719,-16.9618,-17.6516,-18.3408,-19.0303,-19.7192,-20.4085,-21.0967,-21.7852,-22.4732,-23.1612,-23.8486,-24.5362,-25.2226,-25.9097,-26.5963,-27.2826,-27.9689,-28.6547,-29.3398,-30.0256,-30.7112,-31.3963,-32.0816,-32.7665,-33.4514,-34.1365,-34.8213,-35.5062,-36.1915,-36.8768,-37.5619,-38.2479,-38.9333,-39.6194,-40.3052,-40.9918,-41.6792,-42.367,-43.0547,-43.7434,-44.4338,-45.1236,-45.8146,-46.5069,-47.2,-47.8939,-48.5892,-49.2855,-49.9829,-50.6825,-51.3832,-52.0858,-52.7902,-53.4966,-54.2045,-54.9145,-55.6273,-56.3422,-57.059,-57.779,-58.5018,-59.2275,-59.9561,-60.6884,90,90,90,90,90,90,90,90,90,90,90,90,90,90,90,90,90,90,90,90,90,90,90,90,90,90,90,90,90,90,90,90,90,90,90,90,90,90,90,90,90,90,90,90,90,90,90,90,90,90,
90,90,90,90,90,90,90,90,90,90,90,90,90,90,90,90,90,90,90,90,90,90,90,90,90,90,90,90,90,90,90,90,90,90,90,90,90,90,90,90,90,90,90,90,90,90,90,90,90,90,90,60.4274,59.6922,58.9609,58.2322,57.5066,56.7837,56.0636,55.3451,54.6295,53.9154,53.2039,52.4944,51.7867,51.0803,50.3756,49.6725,48.9704,48.2705,47.5708,46.8725,46.1755,45.4792,44.7835,44.0889,43.3949,42.7018,42.0091,41.3168,40.6253,39.9335,39.2429,38.5514,37.8611,37.1708,36.4805,35.7906,35.1006,34.4098,33.7195,33.0301,32.3398,31.6497,30.9593,30.2685,29.5775,28.887,28.1952,27.5039,26.8122,26.1209,25.4288,24.7362,24.0434,23.3508,22.6576,21.9642,21.2707,20.5765,19.8827,19.1876,18.4925,17.7979,17.1027,16.4066,15.7106,15.0146,14.3179,13.6212,12.9244,12.2267,11.5295,10.8313,10.1339,9.43599,8.73782,8.03919,7.34071,6.64203,5.94323,5.24434,4.54524,3.84614,3.147,2.44766,1.7484,1.04905,0.349685,-0.349685,-1.04905,-1.7484,-2.44766,-3.147,-3.84614,-4.54524,-5.24434,-5.94323,-6.64203,-7.34071,-8.03919,-8.73782,-9.43599,-10.1339,-10.8313,-11.5295,-12.2267,-12.9244,-13.6212,-14.3179,-15.0146,-15.7106,-16.4066,-17.1027,-17.7979,-18.4925,-19.1876,-19.8827,-20.5765,-21.2707,-21.9642,-22.6576,-23.3508,-24.0434,-24.7362,-25.4288,-26.1209,-26.8122,-27.5039,-28.1952,-28.887,-29.5775,-30.2685,-30.9593,-31.6497,-32.3398,-33.0301,-33.7195,-34.4098,-35.1006,-35.7906,-36.4805,-37.1708,-37.8611,-38.5514,-39.2429,-39.9335,-40.6253,-41.3168,-42.0091,-42.7018,-43.3949,-44.0889,-44.7835,-45.4792,-46.1755,-46.8725,-47.5708,-48.2705,-48.9704,-49.6725,-50.3756,-51.0803,-51.7867,-52.4944,-53.2039,-53.9154,-54.6295,-55.3451,-56.0636,-56.7837,-57.5066,-58.2322,-58.9609,-59.6922,-60.4274,90,90,90,90,90,90,90,90,90,90,90,90,90,90,90,90,90,90,90,90,90,90,90,90,90,90,90,90,90,90,90,90,90,90,90,90,90,90,90,90,90,90,90,90,90,90,90,90,90,90,90,
90,90,90,90,90,90,90,90,90,90,90,90,90,90,90,90,90,90,90,90,90,90,90,90,90,90,90,90,90,90,90,90,90,90,90,90,90,90,90,90,90,90,90,90,90,90,90,90,90,90,90,90,60.1721,59.4345,58.7,57.9683,57.2394,56.5129,55.7888,55.0674,54.3482,53.6309,52.9155,52.202,51.4904,50.7804,50.0721,49.3642,48.6589,47.9539,47.2502,46.5478,45.8461,45.145,44.4456,43.746,43.0475,42.3493,41.6519,40.9548,40.258,39.5623,38.8657,38.1701,37.4746,36.7791,36.0834,35.3881,34.6928,33.997,33.3016,32.6058,31.9109,31.2148,30.5185,29.8228,29.1265,28.43,27.7332,27.0363,26.3387,25.6409,24.9434,24.2453,23.5471,22.8485,22.1489,21.4496,20.75,20.0507,19.3501,18.6497,17.9485,17.2477,16.546,15.8444,15.142,14.4396,13.7371,13.0346,12.331,11.6282,10.9242,10.2208,9.51712,8.81228,8.10835,7.40384,6.69921,5.99436,5.28941,4.58449,3.87926,3.17404,2.46883,1.76345,1.0581,0.352701,-0.352701,-1.0581,-1.76345,-2.46883,-3.17404,-3.87926,-4.58449,-5.28941,-5.99436,-6.69921,-7.40384,-8.10835,-8.81228,-9.51712,-10.2208,-10.9242,-11.6282,-12.331,-13.0346,-13.7371,-14.4396,-15.142,-15.8444,-16.546,-17.2477,-17.9485,-18.6497,-19.3501,-20.0507,-20.75,-21.4496,-22.1489,-22.8485,-23.5471,-24.2453,-24.9434,-25.6409,-26.3387,-27.0363,-27.7332,-28.43,-29.1265,-29.8228,-30.5185,-31.2148,-31.9109,-32.6058,-33.3016,-33.997,-34.6928,-35.3881,-36.0834,-36.7791,-37.4746,-38.1701,-38.8657,-39.5623,-40.258,-40.9548,-41.6519,-42.3493,-43.0475,-43.746,-44.4456,-45.145,-45.8461,-46.5478,-47.2502,-47.9539,-48.6589,-49.3642,-50.0721,-50.7804,-51.4904,-52.202,-52.9155,-53.6309,-54.3482,-55.0674,-55.7888,-56.5129,-57.2394,-57.9683,-58.7,-59.4345,-60.1721,90,90,90,90,90,90,90,90,90,90,90,90,90,90,90,90,90,90,90,90,90,90,90,90,90,90,90,90,90,90,90,90,90,90,90,90,90,90,90,90,90,90,90,90,90,90,90,90,90,90,90,90,
90,90,90,90,90,90,90,90,90,90,90,90,90,90,90,90,90,90,90,90,90,90,90,90,90,90,90,90,90,90,90,90,90,90,90,90,90,90,90,90,90,90,90,90,90,90,90,90,90,90,90,90,90,59.9225,59.1822,58.4441,57.7093,56.9769,56.247,55.5198,54.7946,54.0714,53.3508,52.6314,51.9138,51.1979,50.4841,49.7708,49.0595,48.3491,47.6399,46.9321,46.2248,45.5187,44.8137,44.1086,43.4044,42.7011,41.9981,41.2958,40.5932,39.8918,39.1904,38.4891,37.7877,37.0873,36.3862,35.6849,34.9846,34.2834,33.5829,32.8817,32.1805,31.4796,30.7778,30.0765,29.3743,28.6724,27.9695,27.2673,26.5643,25.8611,25.1578,24.4543,23.7497,23.0456,22.3404,21.6355,20.9299,20.2242,19.5179,18.8115,18.1048,17.398,16.6904,15.9821,15.2747,14.5664,13.8572,13.1488,12.4392,11.7304,11.0204,10.311,9.60048,8.89045,8.17977,7.46908,6.7583,6.04726,5.33612,4.62484,3.91355,3.20212,2.49056,1.77908,1.0674,0.355812,-0.355812,-1.0674,-1.77908,-2.49056,-3.20212,-3.91355,-4.62484,-5.33612,-6.04726,-6.7583,-7.46908,-8.17977,-8.89045,-9.60048,-10.311,-11.0204,-11.7304,-12.4392,-13.1488,-13.8572,-14.5664,-15.2747,-15.9821,-16.6904,-17.398,-18.1048,-18.8115,-19.5179,-20.2242,-20.9299,-21.6355,-22.3404,-23.0456,-23.7497,-24.4543,-25.1578,-25.8611,-26.5643,-27.2673,-27.9695,-28.6724,-29.3743,-30.0765,-30.7778,-31.4796,-32.1805,-32.8817,-33.5829,-34.2834,-34.9846,-35.6849,-36.3862,-37.0873,-37.7877,-38.4891,-39.1904,-39.8918,-40.5932,-41.2958,-41.9981,-42.7011,-43.4044,-44.1086,-44.8137,-45.5187,-46.2248,-46.9321,-47.6399,-48.3491,-49.0595,-49.7708,-50.4841,-51.1979,-51.9138,-52.6314,-53.3508,-54.0714,-54.7946,-55.5198,-56.247,-56.9769,-57.7093,-58.4441,-59.1822,-59.9225,90,90,90,90,90,90,90,90,90,90,90,90,90,90,90,90,90,90,90,90,90,90,90,90,90,90,90,90,90,90,90,90,90,90,90,90,90,90,90,90,90,90,90,90,90,90,90,90,90,90,90,90,90,
90,90,90,90,90,90,90,90,90,90,90,90,90,90,90,90,90,90,90,90,90,90,90,90,90,90,90,90,90,90,90,90,90,90,90,90,90,90,90,90,90,90,90,90,90,90,90,90,90,90,90,90,90,90,59.6789,58.9352,58.1939,57.4555,56.7197,55.9864,55.2558,54.526,53.7994,53.074,52.3509,51.6295,50.9091,50.1902,49.4734,48.7574,48.0427,47.3286,46.6157,45.9045,45.1933,44.4829,43.7736,43.0639,42.3562,41.6475,40.9401,40.2328,39.5255,38.8187,38.1124,37.4054,36.6988,35.9925,35.2859,34.5798,33.873,33.1666,32.4597,31.7527,31.0459,30.3386,29.6305,28.9224,28.2148,27.5059,26.7974,26.0882,25.3793,24.6693,23.9595,23.2489,22.5387,21.8269,21.1158,20.4038,19.6916,18.9793,18.2664,17.553,16.8394,16.1259,15.4116,14.697,13.9817,13.2671,12.5513,11.8354,11.1202,10.4037,9.68689,8.97046,8.25352,7.53657,6.81928,6.10185,5.38438,4.66676,3.94896,3.2311,2.51313,1.79516,1.07713,0.359044,-0.359044,-1.07713,-1.79516,-2.51313,-3.2311,-3.94896,-4.66676,-5.38438,-6.10185,-6.81928,-7.53657,-8.25352,-8.97046,-9.68689,-10.4037,-11.1202,-11.8354,-12.5513,-13.2671,-13.9817,-14.697,-15.4116,-16.1259,-16.8394,-17.553,-18.2664,-18.9793,-19.6916,-20.4038,-21.1158,-21.8269,-22.5387,-23.2489,-23.9595,-24.6693,-25.3793,-26.0882,-26.7974,-27.5059,-28.2148,-28.9224,-29.6305,-30.3386,-31.0459,-31.7527,-32.4597,-33.1666,-33.873,-34.5798,-35.2859,-35.9925,-36.6988,-37.4054,-38.1124,-38.8187,-39.5255,-40.2328,-40.9401,-41.6475,-42.3562,-43.0639,-43.7736,-44.4829,-45.1933,-45.9045,-46.6157,-47.3286,-48.0427,-48.7574,-49.4734,-50.1902,-50.9091,-51.6295,-52.3509,-53.074,-53.7994,-54.526,-55.2558,-55.9864,-56.7197,-57.4555,-58.1939,-58.9352,-59.6789,90,90,90,90,90,90,90,90,90,90,90,90,90,90,90,90,90,90,90,90,90,90,90,90,90,90,90,90,90,90,90,90,90,90,90,90,90,90,90,90,90,90,90,90,90,90,90,90,90,90,90,90,90,90,
90,90,90,90,90,90,90,90,90,90,90,90,90,90,90,90,90,90,90,90,90,90,90,90,90,90,90,90,90,90,90,90,90,90,90,90,90,90,90,90,90,90,90,90,90,90,90,90,90,90,90,90,90,90,90,59.4422,58.6949,57.9498,57.2077,56.4684,55.7311,54.9957,54.2624,53.532,52.8027,52.0746,51.3486,50.6241,49.901,49.1793,48.4588,47.739,47.0204,46.3028,45.5857,44.8701,44.1543,43.4399,42.7256,42.0115,41.298,40.5847,39.8724,39.1595,38.447,37.7349,37.0226,36.3101,35.5978,34.8856,34.1738,33.4608,32.7485,32.0357,31.3222,30.6093,29.8952,29.1815,28.4678,27.7533,27.0386,26.3237,25.6081,24.8919,24.1762,23.4597,22.7424,22.0254,21.3074,20.5894,19.8708,19.1524,18.4335,17.7137,16.9939,16.273,15.5524,14.8317,14.1107,13.3889,12.6667,11.9445,11.2227,10.4998,9.7765,9.05358,8.33003,7.60638,6.88255,6.15846,5.43435,4.71006,3.98567,3.26111,2.5365,1.81188,1.08714,0.362373,-0.362373,-1.08714,-1.81188,-2.5365,-3.26111,-3.98567,-4.71006,-5.43435,-6.15846,-6.88255,-7.60638,-8.33003,-9.05358,-9.7765,-10.4998,-11.2227,-11.9445,-12.6667,-13.3889,-14.1107,-14.8317,-15.5524,-16.273,-16.9939,-17.7137,-18.4335,-19.1524,-19.8708,-20.5894,-21.3074,-22.0254,-22.7424,-23.4597,-24.1762,-24.8919,-25.6081,-26.3237,-27.0386,-27.7533,-28.4678,-29.1815,-29.8952,-30.6093,-31.3222,-32.0357,-32.7485,-33.4608,-34.1738,-34.8856,-35.5978,-36.3101,-37.0226,-37.7349,-38.447,-39.1595,-39.8724,-40.5847,-41.298,-42.0115,-42.7256,-43.4399,-44.1543,-44.8701,-45.5857,-46.3028,-47.0204,-47.739,-48.4588,-49.1793,-49.901,-50.6241,-51.3486,-52.0746,-52.8027,-53.532,-54.2624,-54.9957,-55.7311,-56.4684,-57.2077,-57.9498,-58.6949,-59.4422,90,90,90,90,90,90,90,90,90,90,90,90,90,90,90,90,90,90,90,90,90,90,90,90,90,90,90,90,90,90,90,90,90,90,90,90,90,90,90,90,90,90,90,90,90,90,90,90,90,90,90,90,90,90,90,
90,90,90,90,90,90,90,90,90,90,90,90,90,90,90,90,90,90,90,90,90,90,90,90,90,90,90,90,90,90,90,90,90,90,90,90,90,90,90,90,90,90,90,90,90,90,90,90,90,90,90,90,90,90,90,90,59.2119,58.4607,57.7117,56.9655,56.2221,55.4807,54.7409,54.0042,53.2682,52.5348,51.8025,51.0722,50.3427,49.6147,48.8884,48.1627,47.4381,46.7147,45.9916,45.2694,44.5481,43.8276,43.1073,42.3876,41.6686,40.949,40.2305,39.5118,38.7936,38.0757,37.357,36.6386,35.9209,35.2023,34.4838,33.7653,33.0469,32.328,31.6089,30.8898,30.17,29.4501,28.7294,28.0089,27.2879,26.5662,25.8451,25.1229,24.4002,23.6772,22.9537,22.2306,21.506,20.7817,20.0568,19.3312,18.6057,17.8802,17.1531,16.4269,15.6995,14.9714,14.2438,13.5154,12.7866,12.0575,11.3291,10.5995,9.86946,9.13905,8.40914,7.67871,6.948,6.21711,5.48609,4.75489,4.02356,3.29216,2.5607,1.82913,1.09753,0.365833,-0.365833,-1.09753,-1.82913,-2.5607,-3.29216,-4.02356,-4.75489,-5.48609,-6.21711,-6.948,-7.67871,-8.40914,-9.13905,-9.86946,-10.5995,-11.3291,-12.0575,-12.7866,-13.5154,-14.2438,-14.9714,-15.6995,-16.4269,-17.1531,-17.8802,-18.6057,-19.3312,-20.0568,-20.7817,-21.506,-22.2306,-22.9537,-23.6772,-24.4002,-25.1229,-25.8451,-26.5662,-27.2879,-28.0089,-28.7294,-29.4501,-30.17,-30.8898,-31.6089,-32.328,-33.0469,-33.7653,-34.4838,-35.2023,-35.9209,-36.6386,-37.357,-38.0757,-38.7936,-39.5118,-40.2305,-40.949,-41.6686,-42.3876,-43.1073,-43.8276,-44.5481,-45.2694,-45.9916,-46.7147,-47.4381,-48.1627,-48.8884,-49.6147,-50.3427,-51.0722,-51.8025,-52.5348,-53.2682,-54.0042,-54.7409,-55.4807,-56.2221,-56.9655,-57.7117,-58.4607,-59.2119,90,90,90,90,90,90,90,90,90,90,90,90,90,90,90,90,90,90,90,90,90,90,90,90,90,90,90,90,90,90,90,90,90,90,90,90,90,90,90,90,90,90,90,90,90,90,90,90,90,90,90,90,90,90,90,90,
90,90,90,90,90,90,90,90,90,90,90,90,90,90,90,90,90,90,90,90,90,90,90,90,90,90,90,90,90,90,90,90,90,90,90,90,90,90,90,90,90,90,90,90,90,90,90,90,90,90,90,90,90,90,90,90,90,90,58.2319,57.4799,56.7295,55.9815,55.2361,54.4925,53.7505,53.0102,52.2714,51.5346,50.7999,50.0652,49.3323,48.6013,47.8701,47.1399,46.4114,45.6837,44.9556,44.2289,43.5023,42.7764,42.051,41.3262,40.6013,39.8768,39.1521,38.4276,37.7035,36.9784,36.2547,35.53,34.8058,34.0806,33.3553,32.6306,31.9052,31.1798,30.4536,29.727,29.001,28.274,27.5461,26.8187,26.0905,25.3616,24.6327,23.9033,23.1731,22.4427,21.7125,20.9817,20.249,19.5177,18.7856,18.0524,17.3186,16.5853,15.8514,15.1163,14.3821,13.6466,12.911,12.175,11.4387,10.7021,9.96606,9.22851,8.49118,7.75359,7.01575,6.2778,5.5397,4.80132,4.0629,3.32439,2.58572,1.84703,1.10822,0.369415,-0.369415,-1.10822,-1.84703,-2.58572,-3.32439,-4.0629,-4.80132,-5.5397,-6.2778,-7.01575,-7.75359,-8.49118,-9.22851,-9.96606,-10.7021,-11.4387,-12.175,-12.911,-13.6466,-14.3821,-15.1163,-15.8514,-16.5853,-17.3186,-18.0524,-18.7856,-19.5177,-20.249,-20.9817,-21.7125,-22.4427,-23.1731,-23.9033,-24.6327,-25.3616,-26.0905,-26.8187,-27.5461,-28.274,-29.001,-29.727,-30.4536,-31.1798,-31.9052,-32.6306,-33.3553,-34.0806,-34.8058,-35.53,-36.2547,-36.9784,-37.7035,-38.4276,-39.1521,-39.8768,-40.6013,-41.3262,-42.051,-42.7764,-43.5023,-44.2289,-44.9556,-45.6837,-46.4114,-47.1399,-47.8701,-48.6013,-49.3323,-50.0652,-50.7999,-51.5346,-52.2714,-53.0102,-53.7505,-54.4925,-55.2361,-55.9815,-56.7295,-57.4799,-58.2319,90,90,90,90,90,90,90,90,90,90,90,90,90,90,90,90,90,90,90,90,90,90,90,90,90,90,90,90,90,90,90,90,90,90,90,90,90,90,90,90,90,90,90,90,90,90,90,90,90,90,90,90,90,90,90,90,90,90,
90,90,90,90,90,90,90,90,90,90,90,90,90,90,90,90,90,90,90,90,90,90,90,90,90,90,90,90,90,90,90,90,90,90,90,90,90,90,90,90,90,90,90,90,90,90,90,90,90,90,90,90,90,90,90,90,90,90,90,58.0105,57.2537,56.4993,55.7467,54.9971,54.2481,53.5017,52.757,52.0136,51.2722,50.5308,49.7919,49.0535,48.3167,47.5804,46.845,46.111,45.3772,44.6436,43.9112,43.1794,42.4476,41.7163,40.9848,40.2543,39.5228,38.7924,38.0615,37.3308,36.6002,35.8692,35.1387,34.4071,33.6759,32.9443,32.2123,31.4801,30.7473,30.0148,29.2818,28.5474,27.8139,27.0793,26.3439,25.609,24.8732,24.1368,23.4,22.6638,21.9257,21.1882,20.4487,19.7103,18.9704,18.2303,17.4904,16.7493,16.0082,15.2669,14.5247,13.7822,13.0393,12.2962,11.5535,10.8096,10.0654,9.32078,8.57626,7.83128,7.08611,6.34082,5.59527,4.84962,4.10381,3.35777,2.61175,1.86553,1.11934,0.373131,-0.373131,-1.11934,-1.86553,-2.61175,-3.35777,-4.10381,-4.84962,-5.59527,-6.34082,-7.08611,-7.83128,-8.57626,-9.32078,-10.0654,-10.8096,-11.5535,-12.2962,-13.0393,-13.7822,-14.5247,-15.2669,-16.0082,-16.7493,-17.4904,-18.2303,-18.9704,-19.7103,-20.4487,-21.1882,-21.9257,-22.6638,-23.4,-24.1368,-24.8732,-25.609,-26.3439,-27.0793,-27.8139,-28.5474,-29.2818,-30.0148,-30.7473,-31.4801,-32.2123,-32.9443,-33.6759,-34.4071,-35.1387,-35.8692,-36.6002,-37.3308,-38.0615,-38.7924,-39.5228,-40.2543,-40.9848,-41.7163,-42.4476,-43.1794,-43.9112,-44.6436,-45.3772,-46.111,-46.845,-47.5804,-48.3167,-49.0535,-49.7919,-50.5308,-51.2722,-52.0136,-52.757,-53.5017,-54.2481,-54.9971,-55.7467,-56.4993,-57.2537,-58.0105,90,90,90,90,90,90,90,90,90,90,90,90,90,90,90,90,90,90,90,90,90,90,90,90,90,90,90,90,90,90,90,90,90,90,90,90,90,90,90,90,90,90,90,90,90,90,90,90,90,90,90,90,90,90,90,90,90,90,90,
90,90,90,90,90,90,90,90,90,90,90,90,90,90,90,90,90,90,90,90,90,90,90,90,90,90,90,90,90,90,90,90,90,90,90,90,90,90,90,90,90,90,90,90,90,90,90,90,90,90,90,90,90,90,90,90,90,90,90,90,57.7958,57.0342,56.275,55.5177,54.7625,54.0101,53.258,52.5085,51.7603,51.0128,50.267,49.5223,48.7793,48.0366,47.2948,46.5538,45.8129,45.0734,44.3351,43.5961,42.8576,42.1196,41.382,40.6447,39.9071,39.1704,38.4326,37.6954,36.9585,36.2203,35.4834,34.7452,34.0074,33.2688,32.5302,31.7915,31.0524,30.3127,29.5724,28.8323,28.091,27.3494,26.6078,25.8654,25.1228,24.3797,23.636,22.8917,22.1475,21.4018,20.6562,19.9098,19.1634,18.4161,17.6679,16.9204,16.1711,15.4225,14.6728,13.9237,13.1735,12.4229,11.672,10.9205,10.1688,9.41667,8.66434,7.91199,7.15921,6.40619,5.65299,4.89959,4.14612,3.39245,2.63869,1.88478,1.13089,0.376982,-0.376982,-1.13089,-1.88478,-2.63869,-3.39245,-4.14612,-4.89959,-5.65299,-6.40619,-7.15921,-7.91199,-8.66434,-9.41667,-10.1688,-10.9205,-11.672,-12.4229,-13.1735,-13.9237,-14.6728,-15.4225,-16.1711,-16.9204,-17.6679,-18.4161,-19.1634,-19.9098,-20.6562,-21.4018,-22.1475,-22.8917,-23.636,-24.3797,-25.1228,-25.8654,-26.6078,-27.3494,-28.091,-28.8323,-29.5724,-30.3127,-31.0524,-31.7915,-32.5302,-33.2688,-34.0074,-34.7452,-35.4834,-36.2203,-36.9585,-37.6954,-38.4326,-39.1704,-39.9071,-40.6447,-41.382,-42.1196,-42.8576,-43.5961,-44.3351,-45.0734,-45.8129,-46.5538,-47.2948,-48.0366,-48.7793,-49.5223,-50.267,-51.0128,-51.7603,-52.5085,-53.258,-54.0101,-54.7625,-55.5177,-56.275,-57.0342,-57.7958,90,90,90,90,90,90,90,90,90,90,90,90,90,90,90,90,90,90,90,90,90,90,90,90,90,90,90,90,90,90,90,90,90,90,90,90,90,90,90,90,90,90,90,90,90,90,90,90,90,90,90,90,90,90,90,90,90,90,90,90,
90,90,90,90,90,90,90,90,90,90,90,90,90,90,90,90,90,90,90,90,90,90,90,90,90,90,90,90,90,90,90,90,90,90,90,90,90,90,90,90,90,90,90,90,90,90,90,90,90,90,90,90,90,90,90,90,90,90,90,90,90,57.5872,56.8212,56.0576,55.2957,54.5359,53.7776,53.0205,52.2654,51.5116,50.7595,50.0078,49.2577,48.5079,47.7596,47.0114,46.2651,45.5189,44.7727,44.0276,43.2823,42.5381,41.7936,41.0494,40.3054,39.5616,38.8173,38.0731,37.3288,36.5853,35.8403,35.0959,34.3508,33.6061,32.8598,32.1146,31.3677,30.6218,29.8744,29.1263,28.3791,27.6303,26.8814,26.132,25.382,24.6311,23.8799,23.1285,22.3768,21.6238,20.8709,20.1168,19.3631,18.6083,17.8527,17.0977,16.3408,15.5844,14.827,14.0694,13.3112,12.5529,11.7941,11.0359,10.2761,9.51625,8.75605,7.99557,7.23497,6.47402,5.71287,4.95151,4.19006,3.4284,2.66664,1.90482,1.14291,0.380981,-0.380981,-1.14291,-1.90482,-2.66664,-3.4284,-4.19006,-4.95151,-5.71287,-6.47402,-7.23497,-7.99557,-8.75605,-9.51625,-10.2761,-11.0359,-11.7941,-12.5529,-13.3112,-14.0694,-14.827,-15.5844,-16.3408,-17.0977,-17.8527,-18.6083,-19.3631,-20.1168,-20.8709,-21.6238,-22.3768,-23.1285,-23.8799,-24.6311,-25.382,-26.132,-26.8814,-27.6303,-28.3791,-29.1263,-29.8744,-30.6218,-31.3677,-32.1146,-32.8598,-33.6061,-34.3508,-35.0959,-35.8403,-36.5853,-37.3288,-38.0731,-38.8173,-39.5616,-40.3054,-41.0494,-41.7936,-42.5381,-43.2823,-44.0276,-44.7727,-45.5189,-46.2651,-47.0114,-47.7596,-48.5079,-49.2577,-50.0078,-50.7595,-51.5116,-52.2654,-53.0205,-53.7776,-54.5359,-55.2957,-56.0576,-56.8212,-57.5872,90,90,90,90,90,90,90,90,90,90,90,90,90,90,90,90,90,90,90,90,90,90,90,90,90,90,90,90,90,90,90,90,90,90,90,90,90,90,90,90,90,90,90,90,90,90,90,90,90,90,90,90,90,90,90,90,90,90,90,90,90,
90,90,90,90,90,90,90,90,90,90,90,90,90,90,90,90,90,90,90,90,90,90,90,90,90,90,90,90,90,90,90,90,90,90,90,90,90,90,90,90,90,90,90,90,90,90,90,90,90,90,90,90,90,90,90,90,90,90,90,90,90,90,90,56.6154,55.8459,55.0792,54.3144,53.5504,52.7882,52.0279,51.2681,50.5098,49.7525,48.9968,48.2411,47.4869,46.7332,45.9796,45.2272,44.4745,43.7229,42.9717,42.2201,41.4688,40.7176,39.9672,39.2162,38.4653,37.7137,36.9625,36.2114,35.4595,34.7079,33.9549,33.2028,32.4491,31.6962,30.9418,30.1875,29.4325,28.6774,27.9215,27.1655,26.4077,25.6501,24.8923,24.1338,23.3745,22.6145,21.8549,21.0941,20.3324,19.5701,18.8074,18.0448,17.2809,16.5171,15.7518,14.9875,14.2217,13.4557,12.6892,11.9222,11.155,10.3871,9.61947,8.85118,8.08259,7.31366,6.54455,5.77513,5.00547,4.23572,3.46578,2.69575,1.92559,1.15541,0.385139,-0.385139,-1.15541,-1.92559,-2.69575,-3.46578,-4.23572,-5.00547,-5.77513,-6.54455,-7.31366,-8.08259,-8.85118,-9.61947,-10.3871,-11.155,-11.9222,-12.6892,-13.4557,-14.2217,-14.9875,-15.7518,-16.5171,-17.2809,-18.0448,-18.8074,-19.5701,-20.3324,-21.0941,-21.8549,-22.6145,-23.3745,-24.1338,-24.8923,-25.6501,-26.4077,-27.1655,-27.9215,-28.6774,-29.4325,-30.1875,-30.9418,-31.6962,-32.4491,-33.2028,-33.9549,-34.7079,-35.4595,-36.2114,-36.9625,-37.7137,-38.4653,-39.2162,-39.9672,-40.7176,-41.4688,-42.2201,-42.9717,-43.7229,-44.4745,-45.2272,-45.9796,-46.7332,-47.4869,-48.2411,-48.9968,-49.7525,-50.5098,-51.2681,-52.0279,-52.7882,-53.5504,-54.3144,-55.0792,-55.8459,-56.6154,90,90,90,90,90,90,90,90,90,90,90,90,90,90,90,90,90,90,90,90,90,90,90,90,90,90,90,90,90,90,90,90,90,90,90,90,90,90,90,90,90,90,90,90,90,90,90,90,90,90,90,90,90,90,90,90,90,90,90,90,90,90,90,
90,90,90,90,90,90,90,90,90,90,90,90,90,90,90,90,90,90,90,90,90,90,90,90,90,90,90,90,90,90,90,90,90,90,90,90,90,90,90,90,90,90,90,90,90,90,90,90,90,90,90,90,90,90,90,90,90,90,90,90,90,90,90,90,56.4161,55.6429,54.8699,54.0993,53.33,52.5624,51.7953,51.0304,50.2664,49.5026,48.7402,47.9784,47.2179,46.4579,45.6978,44.9388,44.1794,43.421,42.6622,41.9041,41.1463,40.3878,39.63,38.8715,38.1129,37.3542,36.596,35.8362,35.0768,34.3178,33.5575,32.7965,32.0361,31.2741,30.5127,29.7504,28.9873,28.2236,27.4598,26.695,25.9299,25.1637,24.3972,23.6299,22.8621,22.0944,21.3258,20.5562,19.7855,19.0148,18.2439,17.4719,16.6996,15.9274,15.1536,14.3795,13.605,12.8301,12.0547,11.28,10.5037,9.72704,8.95007,8.17293,7.39553,6.61782,5.83988,5.06158,4.28328,3.50467,2.72602,1.94722,1.16836,0.389458,-0.389458,-1.16836,-1.94722,-2.72602,-3.50467,-4.28328,-5.06158,-5.83988,-6.61782,-7.39553,-8.17293,-8.95007,-9.72704,-10.5037,-11.28,-12.0547,-12.8301,-13.605,-14.3795,-15.1536,-15.9274,-16.6996,-17.4719,-18.2439,-19.0148,-19.7855,-20.5562,-21.3258,-22.0944,-22.8621,-23.6299,-24.3972,-25.1637,-25.9299,-26.695,-27.4598,-28.2236,-28.9873,-29.7504,-30.5127,-31.2741,-32.0361,-32.7965,-33.5575,-34.3178,-35.0768,-35.8362,-36.596,-37.3542,-38.1129,-38.8715,-39.63,-40.3878,-41.1463,-41.9041,-42.6622,-43.421,-44.1794,-44.9388,-45.6978,-46.4579,-47.2179,-47.9784,-48.7402,-49.5026,-50.2664,-51.0304,-51.7953,-52.5624,-53.33,-54.0993,-54.8699,-55.6429,-56.4161,90,90,90,90,90,90,90,90,90,90,90,90,90,90,90,90,90,90,90,90,90,90,90,90,90,90,90,90,90,90,90,90,90,90,90,90,90,90,90,90,90,90,90,90,90,90,90,90,90,90,90,90,90,90,90,90,90,90,90,90,90,90,90,90,
90,90,90,90,90,90,90,90,90,90,90,90,90,90,90,90,90,90,90,90,90,90,90,90,90,90,90,90,90,90,90,90,90,90,90,90,90,90,90,90,90,90,90,90,90,90,90,90,90,90,90,90,90,90,90,90,90,90,90,90,90,90,90,90,90,90,55.4452,54.6668,53.8908,53.1159,52.342,51.5691,50.7975,50.0268,49.2574,48.488,47.7204,46.9527,46.1854,45.4191,44.6524,43.8867,43.1211,42.3549,41.5902,40.8247,40.0592,39.293,38.5273,37.7613,36.9952,36.228,35.4611,34.6946,33.9262,33.1581,32.3895,31.6202,30.8505,30.08,29.3097,28.538,27.7661,26.9927,26.2195,25.4459,24.6711,23.8958,23.1197,22.3439,21.5659,20.789,20.0097,19.2307,18.4514,17.6707,16.8899,16.1089,15.3265,14.5438,13.7606,12.977,12.1939,11.4093,10.6241,9.83875,9.05306,8.26711,7.48064,6.69408,5.90717,5.11997,4.33265,3.54512,2.75752,1.96974,1.18185,0.393959,-0.393959,-1.18185,-1.96974,-2.75752,-3.54512,-4.33265,-5.11997,-5.90717,-6.69408,-7.48064,-8.26711,-9.05306,-9.83875,-10.6241,-11.4093,-12.1939,-12.977,-13.7606,-14.5438,-15.3265,-16.1089,-16.8899,-17.6707,-18.4514,-19.2307,-20.0097,-20.789,-21.5659,-22.3439,-23.1197,-23.8958,-24.6711,-25.4459,-26.2195,-26.9927,-27.7661,-28.538,-29.3097,-30.08,-30.8505,-31.6202,-32.3895,-33.1581,-33.9262,-34.6946,-35.4611,-36.228,-36.9952,-37.7613,-38.5273,-39.293,-40.0592,-40.8247,-41.5902,-42.3549,-43.1211,-43.8867,-44.6524,-45.4191,-46.1854,-46.9527,-47.7204,-48.488,-49.2574,-50.0268,-50.7975,-51.5691,-52.342,-53.1159,-53.8908,-54.6668,-55.4452,90,90,90,90,90,90,90,90,90,90,90,90,90,90,90,90,90,90,90,90,90,90,90,90,90,90,90,90,90,90,90,90,90,90,90,90,90,90,90,90,90,90,90,90,90,90,90,90,90,90,90,90,90,90,90,90,90,90,90,90,90,90,90,90,90,90,
90,90,90,90,90,90,90,90,90,90,90,90,90,90,90,90,90,90,90,90,90,90,90,90,90,90,90,90,90,90,90,90,90,90,90,90,90,90,90,90,90,90,90,90,90,90,90,90,90,90,90,90,90,90,90,90,90,90,90,90,90,90,90,90,90,90,90,55.2561,54.4721,53.6891,52.9081,52.1282,51.3491,50.5713,49.7942,49.0176,48.2422,47.4665,46.6919,45.9182,45.144,44.3701,43.5975,42.8244,42.0512,41.278,40.5047,39.7311,38.9574,38.1841,37.4097,36.6357,35.8604,35.0855,34.3093,33.5333,32.7568,31.9795,31.2017,30.4238,29.6444,28.8644,28.0842,27.3037,26.5211,25.739,24.956,24.1721,23.3876,22.6027,21.8171,21.0304,20.2435,19.4558,18.6666,17.878,17.0885,16.2973,15.507,14.7153,13.9229,13.1302,12.337,11.544,10.7497,9.95526,9.16034,8.36511,7.56941,6.77351,5.97732,5.18075,4.38414,3.58729,2.79027,1.99319,1.19592,0.398643,-0.398643,-1.19592,-1.99319,-2.79027,-3.58729,-4.38414,-5.18075,-5.97732,-6.77351,-7.56941,-8.36511,-9.16034,-9.95526,-10.7497,-11.544,-12.337,-13.1302,-13.9229,-14.7153,-15.507,-16.2973,-17.0885,-17.878,-18.6666,-19.4558,-20.2435,-21.0304,-21.8171,-22.6027,-23.3876,-24.1721,-24.956,-25.739,-26.5211,-27.3037,-28.0842,-28.8644,-29.6444,-30.4238,-31.2017,-31.9795,-32.7568,-33.5333,-34.3093,-35.0855,-35.8604,-36.6357,-37.4097,-38.1841,-38.9574,-39.7311,-40.5047,-41.278,-42.0512,-42.8244,-43.5975,-44.3701,-45.144,-45.9182,-46.6919,-47.4665,-48.2422,-49.0176,-49.7942,-50.5713,-51.3491,-52.1282,-52.9081,-53.6891,-54.4721,-55.2561,90,90,90,90,90,90,90,90,90,90,90,90,90,90,90,90,90,90,90,90,90,90,90,90,90,90,90,90,90,90,90,90,90,90,90,90,90,90,90,90,90,90,90,90,90,90,90,90,90,90,90,90,90,90,90,90,90,90,90,90,90,90,90,90,90,90,90,
90,90,90,90,90,90,90,90,90,90,90,90,90,90,90,90,90,90,90,90,90,90,90,90,90,90,90,90,90,90,90,90,90,90,90,90,90,90,90,90,90,90,90,90,90,90,90,90,90,90,90,90,90,90,90,90,90,90,90,90,90,90,90,90,90,90,90,90,55.0745,54.2839,53.4954,52.707,51.92,51.135,50.35,49.5655,48.7827,47.9995,47.2181,46.4361,45.6544,44.8727,44.0917,43.3114,42.5296,41.7484,40.9676,40.1859,39.4053,38.623,37.8408,37.0584,36.2754,35.4918,34.7083,33.9241,33.1386,32.3533,31.5676,30.78,29.9926,29.204,28.4152,27.6259,26.8354,26.0444,25.2529,24.46,23.6665,22.8729,22.0785,21.2826,20.4868,19.6894,18.8911,18.0934,17.2944,16.4953,15.6944,14.8931,14.0923,13.2902,12.4872,11.6837,10.8808,10.0765,9.2721,8.46712,7.66182,6.85638,6.05042,5.24415,4.43783,3.63126,2.82449,2.01752,1.21061,0.403531,-0.403531,-1.21061,-2.01752,-2.82449,-3.63126,-4.43783,-5.24415,-6.05042,-6.85638,-7.66182,-8.46712,-9.2721,-10.0765,-10.8808,-11.6837,-12.4872,-13.2902,-14.0923,-14.8931,-15.6944,-16.4953,-17.2944,-18.0934,-18.8911,-19.6894,-20.4868,-21.2826,-22.0785,-22.8729,-23.6665,-24.46,-25.2529,-26.0444,-26.8354,-27.6259,-28.4152,-29.204,-29.9926,-30.78,-31.5676,-32.3533,-33.1386,-33.9241,-34.7083,-35.4918,-36.2754,-37.0584,-37.8408,-38.623,-39.4053,-40.1859,-40.9676,-41.7484,-42.5296,-43.3114,-44.0917,-44.8727,-45.6544,-46.4361,-47.2181,-47.9995,-48.7827,-49.5655,-50.35,-51.135,-51.92,-52.707,-53.4954,-54.2839,-55.0745,90,90,90,90,90,90,90,90,90,90,90,90,90,90,90,90,90,90,90,90,90,90,90,90,90,90,90,90,90,90,90,90,90,90,90,90,90,90,90,90,90,90,90,90,90,90,90,90,90,90,90,90,90,90,90,90,90,90,90,90,90,90,90,90,90,90,90,90,
